2026-10-05 08:06:15,723 [DEBUG] pynetdicom._handlers - Affected SOP Instance UID     : 1.3.12.2.1107.5.1.7.123161.30000024073109044472200003616
2026-10-05 08:06:15,728 [DEBUG] pynetdicom._handlers - Data Set                      : Present
2026-10-05 08:06:15,729 [DEBUG] pynetdicom._handlers - Priority                      : Medium
2026-10-05 08:06:15,729 [DEBUG] pynetdicom._handlers - ============================ END DIMSE MESSAGE =============================
2026-10-05 08:06:15,730 [DEBUG] pynetdicom.dsutils - pydicom.read_dataset() TransferSyntax="Little Endian Implicit"
2026-10-05 08:06:15,734 [INFO] HealthPACS - Utility: Directory esistente verificata: G:\ArchiveRoot\1.2.840.113619.2.1075997
2026-10-05 08:06:15,735 [INFO] HealthPACS - Utility: Directory esistente verificata: G:\ArchiveRoot\1.2.840.113619.2.1075997\1.3.12.2.1107.5.1.7.123161.30000024073109044472200000734
2026-10-05 08:06:15,740 [INFO] HealthPACS - [InstancesRepo] Creata nuova istanza [SOP: 1.3.12.2.1107.5.1.7.123161.30000024073109044472200003616]
2026-10-05 08:06:15,744 [INFO] HealthPACS - C-STORE: Salvata Istanza [ID: 6075, SOP: 1.3.12.2.1107.5.1.7.123161.30000024073109044472200003616] | Dim: 528812 B | Path: G:\ArchiveRoot\1.2.840.113619.2.1075997\1.3.12.2.1107.5.1.7.123161.30000024073109044472200000734\1.3.12.2.1107.5.1.7.123161.30000024073109044472200003616.dcm
2026-10-05 08:06:15,971 [DEBUG] pynetdicom.dsutils - pydicom.read_dataset() TransferSyntax="Little Endian Implicit"
2026-10-05 08:06:15,976 [INFO] pynetdicom._handlers - Received Store Request
2026-10-05 08:06:15,977 [DEBUG] pynetdicom._handlers - ========================== INCOMING DIMSE MESSAGE ==========================
2026-10-05 08:06:15,977 [DEBUG] pynetdicom._handlers - Message Type                  : C-STORE RQ
2026-10-05 08:06:15,977 [DEBUG] pynetdicom._handlers - Presentation Context ID       : 21
2026-10-05 08:06:15,977 [DEBUG] pynetdicom._handlers - Message ID                    : 1978
2026-10-05 08:06:15,977 [DEBUG] pynetdicom._handlers - Affected SOP Class UID        : CT Image Storage
2026-10-05 08:06:15,977 [DEBUG] pynetdicom._handlers - Affected SOP Instance UID     : 1.3.12.2.1107.5.1.7.123161.30000024073109044472200003617
2026-10-05 08:06:15,977 [DEBUG] pynetdicom._handlers - Data Set                      : Present
2026-10-05 08:06:15,977 [DEBUG] pynetdicom._handlers - Priority                      : Medium
2026-10-05 08:06:15,978 [DEBUG] pynetdicom._handlers - ============================ END DIMSE MESSAGE =============================
2026-10-05 08:06:15,978 [DEBUG] pynetdicom.dsutils - pydicom.read_dataset() TransferSyntax="Little Endian Implicit"
2026-10-05 08:06:15,981 [INFO] HealthPACS - Utility: Directory esistente verificata: G:\ArchiveRoot\1.2.840.113619.2.1075997
2026-10-05 08:06:15,983 [INFO] HealthPACS - Utility: Directory esistente verificata: G:\ArchiveRoot\1.2.840.113619.2.1075997\1.3.12.2.1107.5.1.7.123161.30000024073109044472200000734
2026-10-05 08:06:15,987 [INFO] HealthPACS - [InstancesRepo] Creata nuova istanza [SOP: 1.3.12.2.1107.5.1.7.123161.30000024073109044472200003617]
2026-10-05 08:06:15,991 [INFO] HealthPACS - C-STORE: Salvata Istanza [ID: 6076, SOP: 1.3.12.2.1107.5.1.7.123161.30000024073109044472200003617] | Dim: 528812 B | Path: G:\ArchiveRoot\1.2.840.113619.2.1075997\1.3.12.2.1107.5.1.7.123161.30000024073109044472200000734\1.3.12.2.1107.5.1.7.123161.30000024073109044472200003617.dcm
2026-10-05 08:06:16,144 [DEBUG] pynetdicom.dsutils - pydicom.read_dataset() TransferSyntax="Little Endian Implicit"
2026-10-05 08:06:16,150 [INFO] pynetdicom._handlers - Received Store Request
2026-10-05 08:06:16,150 [DEBUG] pynetdicom._handlers - ========================== INCOMING DIMSE MESSAGE ==========================
2026-10-05 08:06:16,151 [DEBUG] pynetdicom._handlers - Message Type                  : C-STORE RQ
2026-10-05 08:06:16,151 [DEBUG] pynetdicom._handlers - Presentation Context ID       : 21
2026-10-05 08:06:16,151 [DEBUG] pynetdicom._handlers - Message ID                    : 1979
2026-10-05 08:06:16,152 [DEBUG] pynetdicom._handlers - Affected SOP Class UID        : CT Image Storage
2026-10-05 08:06:16,152 [DEBUG] pynetdicom._handlers - Affected SOP Instance UID     : 1.3.12.2.1107.5.1.7.123161.30000024073109044472200002647
2026-10-05 08:06:16,152 [DEBUG] pynetdicom._handlers - Data Set                      : Present
2026-10-05 08:06:16,153 [DEBUG] pynetdicom._handlers - Priority                      : Medium
2026-10-05 08:06:16,153 [DEBUG] pynetdicom._handlers - ============================ END DIMSE MESSAGE =============================
2026-10-05 08:06:16,154 [DEBUG] pynetdicom.dsutils - pydicom.read_dataset() TransferSyntax="Little Endian Implicit"
2026-10-05 08:06:16,159 [INFO] HealthPACS - Utility: Directory esistente verificata: G:\ArchiveRoot\1.2.840.113619.2.1075997
2026-10-05 08:06:16,161 [INFO] HealthPACS - Utility: Directory esistente verificata: G:\ArchiveRoot\1.2.840.113619.2.1075997\1.3.12.2.1107.5.1.7.123161.30000024073109044472200000734
2026-10-05 08:06:16,166 [INFO] HealthPACS - [InstancesRepo] Creata nuova istanza [SOP: 1.3.12.2.1107.5.1.7.123161.30000024073109044472200002647]
2026-10-05 08:06:16,169 [INFO] HealthPACS - C-STORE: Salvata Istanza [ID: 6077, SOP: 1.3.12.2.1107.5.1.7.123161.30000024073109044472200002647] | Dim: 528820 B | Path: G:\ArchiveRoot\1.2.840.113619.2.1075997\1.3.12.2.1107.5.1.7.123161.30000024073109044472200000734\1.3.12.2.1107.5.1.7.123161.30000024073109044472200002647.dcm
2026-10-05 08:06:16,346 [DEBUG] pynetdicom.dsutils - pydicom.read_dataset() TransferSyntax="Little Endian Implicit"
2026-10-05 08:06:16,357 [INFO] pynetdicom._handlers - Received Store Request
2026-10-05 08:06:16,358 [DEBUG] pynetdicom._handlers - ========================== INCOMING DIMSE MESSAGE ==========================
2026-10-05 08:06:16,358 [DEBUG] pynetdicom._handlers - Message Type                  : C-STORE RQ
2026-10-05 08:06:16,358 [DEBUG] pynetdicom._handlers - Presentation Context ID       : 21
2026-10-05 08:06:16,358 [DEBUG] pynetdicom._handlers - Message ID                    : 1980
2026-10-05 08:06:16,358 [DEBUG] pynetdicom._handlers - Affected SOP Class UID        : CT Image Storage
2026-10-05 08:06:16,359 [DEBUG] pynetdicom._handlers - Affected SOP Instance UID     : 1.3.12.2.1107.5.1.7.123161.30000024073109044472200003618
2026-10-05 08:06:16,359 [DEBUG] pynetdicom._handlers - Data Set                      : Present
2026-10-05 08:06:16,359 [DEBUG] pynetdicom._handlers - Priority                      : Medium
2026-10-05 08:06:16,359 [DEBUG] pynetdicom._handlers - ============================ END DIMSE MESSAGE =============================
2026-10-05 08:06:16,360 [DEBUG] pynetdicom.dsutils - pydicom.read_dataset() TransferSyntax="Little Endian Implicit"
2026-10-05 08:06:16,365 [INFO] HealthPACS - Utility: Directory esistente verificata: G:\ArchiveRoot\1.2.840.113619.2.1075997
2026-10-05 08:06:16,367 [INFO] HealthPACS - Utility: Directory esistente verificata: G:\ArchiveRoot\1.2.840.113619.2.1075997\1.3.12.2.1107.5.1.7.123161.30000024073109044472200000734
2026-10-05 08:06:16,372 [INFO] HealthPACS - [InstancesRepo] Creata nuova istanza [SOP: 1.3.12.2.1107.5.1.7.123161.30000024073109044472200003618]
2026-10-05 08:06:16,377 [INFO] HealthPACS - C-STORE: Salvata Istanza [ID: 6078, SOP: 1.3.12.2.1107.5.1.7.123161.30000024073109044472200003618] | Dim: 528812 B | Path: G:\ArchiveRoot\1.2.840.113619.2.1075997\1.3.12.2.1107.5.1.7.123161.30000024073109044472200000734\1.3.12.2.1107.5.1.7.123161.30000024073109044472200003618.dcm
2026-10-05 08:06:16,611 [DEBUG] pynetdicom.dsutils - pydicom.read_dataset() TransferSyntax="Little Endian Implicit"
2026-10-05 08:06:16,629 [INFO] pynetdicom._handlers - Received Store Request
2026-10-05 08:06:16,630 [DEBUG] pynetdicom._handlers - ========================== INCOMING DIMSE MESSAGE ==========================
2026-10-05 08:06:16,630 [DEBUG] pynetdicom._handlers - Message Type                  : C-STORE RQ
2026-10-05 08:06:16,630 [DEBUG] pynetdicom._handlers - Presentation Context ID       : 21
2026-10-05 08:06:16,630 [DEBUG] pynetdicom._handlers - Message ID                    : 1981
2026-10-05 08:06:16,630 [DEBUG] pynetdicom._handlers - Affected SOP Class UID        : CT Image Storage
2026-10-05 08:06:16,631 [DEBUG] pynetdicom._handlers - Affected SOP Instance UID     : 1.3.12.2.1107.5.1.7.123161.30000024073109044472200003619
2026-10-05 08:06:16,631 [DEBUG] pynetdicom._handlers - Data Set                      : Present
2026-10-05 08:06:16,631 [DEBUG] pynetdicom._handlers - Priority                      : Medium
2026-10-05 08:06:16,632 [DEBUG] pynetdicom._handlers - ============================ END DIMSE MESSAGE =============================
2026-10-05 08:06:16,634 [DEBUG] pynetdicom.dsutils - pydicom.read_dataset() TransferSyntax="Little Endian Implicit"
2026-10-05 08:06:16,637 [INFO] HealthPACS - Utility: Directory esistente verificata: G:\ArchiveRoot\1.2.840.113619.2.1075997
2026-10-05 08:06:16,639 [INFO] HealthPACS - Utility: Directory esistente verificata: G:\ArchiveRoot\1.2.840.113619.2.1075997\1.3.12.2.1107.5.1.7.123161.30000024073109044472200000734
2026-10-05 08:06:16,642 [INFO] HealthPACS - [InstancesRepo] Creata nuova istanza [SOP: 1.3.12.2.1107.5.1.7.123161.30000024073109044472200003619]
2026-10-05 08:06:16,645 [INFO] HealthPACS - C-STORE: Salvata Istanza [ID: 6079, SOP: 1.3.12.2.1107.5.1.7.123161.30000024073109044472200003619] | Dim: 528812 B | Path: G:\ArchiveRoot\1.2.840.113619.2.1075997\1.3.12.2.1107.5.1.7.123161.30000024073109044472200000734\1.3.12.2.1107.5.1.7.123161.30000024073109044472200003619.dcm
2026-10-05 08:06:16,689 [DEBUG] pynetdicom.dsutils - pydicom.read_dataset() TransferSyntax="Little Endian Implicit"
2026-10-05 08:06:16,695 [INFO] pynetdicom._handlers - Received Store Request
2026-10-05 08:06:16,695 [DEBUG] pynetdicom._handlers - ========================== INCOMING DIMSE MESSAGE ==========================
2026-10-05 08:06:16,696 [DEBUG] pynetdicom._handlers - Message Type                  : C-STORE RQ
2026-10-05 08:06:16,696 [DEBUG] pynetdicom._handlers - Presentation Context ID       : 21
2026-10-05 08:06:16,696 [DEBUG] pynetdicom._handlers - Message ID                    : 1982
2026-10-05 08:06:16,696 [DEBUG] pynetdicom._handlers - Affected SOP Class UID        : CT Image Storage
2026-10-05 08:06:16,696 [DEBUG] pynetdicom._handlers - Affected SOP Instance UID     : 1.3.12.2.1107.5.1.7.123161.30000024073109044472200003620
2026-10-05 08:06:16,696 [DEBUG] pynetdicom._handlers - Data Set                      : Present
2026-10-05 08:06:16,697 [DEBUG] pynetdicom._handlers - Priority                      : Medium
2026-10-05 08:06:16,697 [DEBUG] pynetdicom._handlers - ============================ END DIMSE MESSAGE =============================
2026-10-05 08:06:16,698 [DEBUG] pynetdicom.dsutils - pydicom.read_dataset() TransferSyntax="Little Endian Implicit"
2026-10-05 08:06:16,702 [INFO] HealthPACS - Utility: Directory esistente verificata: G:\ArchiveRoot\1.2.840.113619.2.1075997
2026-10-05 08:06:16,704 [INFO] HealthPACS - Utility: Directory esistente verificata: G:\ArchiveRoot\1.2.840.113619.2.1075997\1.3.12.2.1107.5.1.7.123161.30000024073109044472200000734
2026-10-05 08:06:16,708 [INFO] HealthPACS - [InstancesRepo] Creata nuova istanza [SOP: 1.3.12.2.1107.5.1.7.123161.30000024073109044472200003620]
2026-10-05 08:06:16,712 [INFO] HealthPACS - C-STORE: Salvata Istanza [ID: 6080, SOP: 1.3.12.2.1107.5.1.7.123161.30000024073109044472200003620] | Dim: 528812 B | Path: G:\ArchiveRoot\1.2.840.113619.2.1075997\1.3.12.2.1107.5.1.7.123161.30000024073109044472200000734\1.3.12.2.1107.5.1.7.123161.30000024073109044472200003620.dcm
2026-10-05 08:06:16,751 [DEBUG] pynetdicom.dsutils - pydicom.read_dataset() TransferSyntax="Little Endian Implicit"
2026-10-05 08:06:16,759 [INFO] pynetdicom._handlers - Received Store Request
2026-10-05 08:06:16,761 [DEBUG] pynetdicom._handlers - ========================== INCOMING DIMSE MESSAGE ==========================
2026-10-05 08:06:16,762 [DEBUG] pynetdicom._handlers - Message Type                  : C-STORE RQ
2026-10-05 08:06:16,763 [DEBUG] pynetdicom._handlers - Presentation Context ID       : 21
2026-10-05 08:06:16,764 [DEBUG] pynetdicom._handlers - Message ID                    : 1983
2026-10-05 08:06:16,764 [DEBUG] pynetdicom._handlers - Affected SOP Class UID        : CT Image Storage
2026-10-05 08:06:16,764 [DEBUG] pynetdicom._handlers - Affected SOP Instance UID     : 1.3.12.2.1107.5.1.7.123161.30000024073109044472200003621
2026-10-05 08:06:16,765 [DEBUG] pynetdicom._handlers - Data Set                      : Present
2026-10-05 08:06:16,765 [DEBUG] pynetdicom._handlers - Priority                      : Medium
2026-10-05 08:06:16,765 [DEBUG] pynetdicom._handlers - ============================ END DIMSE MESSAGE =============================
2026-10-05 08:06:16,766 [DEBUG] pynetdicom.dsutils - pydicom.read_dataset() TransferSyntax="Little Endian Implicit"
2026-10-05 08:06:16,771 [INFO] HealthPACS - Utility: Directory esistente verificata: G:\ArchiveRoot\1.2.840.113619.2.1075997
2026-10-05 08:06:16,773 [INFO] HealthPACS - Utility: Directory esistente verificata: G:\ArchiveRoot\1.2.840.113619.2.1075997\1.3.12.2.1107.5.1.7.123161.30000024073109044472200000734
2026-10-05 08:06:16,781 [INFO] HealthPACS - [InstancesRepo] Creata nuova istanza [SOP: 1.3.12.2.1107.5.1.7.123161.30000024073109044472200003621]
2026-10-05 08:06:16,786 [INFO] HealthPACS - C-STORE: Salvata Istanza [ID: 6081, SOP: 1.3.12.2.1107.5.1.7.123161.30000024073109044472200003621] | Dim: 528812 B | Path: G:\ArchiveRoot\1.2.840.113619.2.1075997\1.3.12.2.1107.5.1.7.123161.30000024073109044472200000734\1.3.12.2.1107.5.1.7.123161.30000024073109044472200003621.dcm
2026-10-05 08:06:16,849 [DEBUG] pynetdicom.dsutils - pydicom.read_dataset() TransferSyntax="Little Endian Implicit"
2026-10-05 08:06:16,864 [INFO] pynetdicom._handlers - Received Store Request
2026-10-05 08:06:16,864 [DEBUG] pynetdicom._handlers - ========================== INCOMING DIMSE MESSAGE ==========================
2026-10-05 08:06:16,865 [DEBUG] pynetdicom._handlers - Message Type                  : C-STORE RQ
2026-10-05 08:06:16,865 [DEBUG] pynetdicom._handlers - Presentation Context ID       : 21
2026-10-05 08:06:16,865 [DEBUG] pynetdicom._handlers - Message ID                    : 1984
2026-10-05 08:06:16,865 [DEBUG] pynetdicom._handlers - Affected SOP Class UID        : CT Image Storage
2026-10-05 08:06:16,865 [DEBUG] pynetdicom._handlers - Affected SOP Instance UID     : 1.3.12.2.1107.5.1.7.123161.30000024073109044472200003622
2026-10-05 08:06:16,866 [DEBUG] pynetdicom._handlers - Data Set                      : Present
2026-10-05 08:06:16,866 [DEBUG] pynetdicom._handlers - Priority                      : Medium
2026-10-05 08:06:16,866 [DEBUG] pynetdicom._handlers - ============================ END DIMSE MESSAGE =============================
2026-10-05 08:06:16,867 [DEBUG] pynetdicom.dsutils - pydicom.read_dataset() TransferSyntax="Little Endian Implicit"
2026-10-05 08:06:16,871 [INFO] HealthPACS - Utility: Directory esistente verificata: G:\ArchiveRoot\1.2.840.113619.2.1075997
2026-10-05 08:06:16,873 [INFO] HealthPACS - Utility: Directory esistente verificata: G:\ArchiveRoot\1.2.840.113619.2.1075997\1.3.12.2.1107.5.1.7.123161.30000024073109044472200000734
2026-10-05 08:06:16,879 [INFO] HealthPACS - [InstancesRepo] Creata nuova istanza [SOP: 1.3.12.2.1107.5.1.7.123161.30000024073109044472200003622]
2026-10-05 08:06:16,883 [INFO] HealthPACS - C-STORE: Salvata Istanza [ID: 6082, SOP: 1.3.12.2.1107.5.1.7.123161.30000024073109044472200003622] | Dim: 528812 B | Path: G:\ArchiveRoot\1.2.840.113619.2.1075997\1.3.12.2.1107.5.1.7.123161.30000024073109044472200000734\1.3.12.2.1107.5.1.7.123161.30000024073109044472200003622.dcm
2026-10-05 08:06:16,962 [DEBUG] pynetdicom.dsutils - pydicom.read_dataset() TransferSyntax="Little Endian Implicit"
2026-10-05 08:06:16,969 [INFO] pynetdicom._handlers - Received Store Request
2026-10-05 08:06:16,970 [DEBUG] pynetdicom._handlers - ========================== INCOMING DIMSE MESSAGE ==========================
2026-10-05 08:06:16,970 [DEBUG] pynetdicom._handlers - Message Type                  : C-STORE RQ
2026-10-05 08:06:16,970 [DEBUG] pynetdicom._handlers - Presentation Context ID       : 21
2026-10-05 08:06:16,970 [DEBUG] pynetdicom._handlers - Message ID                    : 1985
2026-10-05 08:06:16,970 [DEBUG] pynetdicom._handlers - Affected SOP Class UID        : CT Image Storage
2026-10-05 08:06:16,971 [DEBUG] pynetdicom._handlers - Affected SOP Instance UID     : 1.3.12.2.1107.5.1.7.123161.30000024073109044472200003623
2026-10-05 08:06:16,971 [DEBUG] pynetdicom._handlers - Data Set                      : Present
2026-10-05 08:06:16,971 [DEBUG] pynetdicom._handlers - Priority                      : Medium
2026-10-05 08:06:16,971 [DEBUG] pynetdicom._handlers - ============================ END DIMSE MESSAGE =============================
2026-10-05 08:06:16,972 [DEBUG] pynetdicom.dsutils - pydicom.read_dataset() TransferSyntax="Little Endian Implicit"
2026-10-05 08:06:16,977 [INFO] HealthPACS - Utility: Directory esistente verificata: G:\ArchiveRoot\1.2.840.113619.2.1075997
2026-10-05 08:06:16,979 [INFO] HealthPACS - Utility: Directory esistente verificata: G:\ArchiveRoot\1.2.840.113619.2.1075997\1.3.12.2.1107.5.1.7.123161.30000024073109044472200000734
2026-10-05 08:06:16,984 [INFO] HealthPACS - [InstancesRepo] Creata nuova istanza [SOP: 1.3.12.2.1107.5.1.7.123161.30000024073109044472200003623]
2026-10-05 08:06:16,989 [INFO] HealthPACS - C-STORE: Salvata Istanza [ID: 6083, SOP: 1.3.12.2.1107.5.1.7.123161.30000024073109044472200003623] | Dim: 528812 B | Path: G:\ArchiveRoot\1.2.840.113619.2.1075997\1.3.12.2.1107.5.1.7.123161.30000024073109044472200000734\1.3.12.2.1107.5.1.7.123161.30000024073109044472200003623.dcm
2026-10-05 08:06:17,063 [DEBUG] pynetdicom.dsutils - pydicom.read_dataset() TransferSyntax="Little Endian Implicit"
2026-10-05 08:06:17,070 [INFO] pynetdicom._handlers - Received Store Request
2026-10-05 08:06:17,070 [DEBUG] pynetdicom._handlers - ========================== INCOMING DIMSE MESSAGE ==========================
2026-10-05 08:06:17,070 [DEBUG] pynetdicom._handlers - Message Type                  : C-STORE RQ
2026-10-05 08:06:17,070 [DEBUG] pynetdicom._handlers - Presentation Context ID       : 21
2026-10-05 08:06:17,071 [DEBUG] pynetdicom._handlers - Message ID                    : 1986
2026-10-05 08:06:17,071 [DEBUG] pynetdicom._handlers - Affected SOP Class UID        : CT Image Storage
2026-10-05 08:06:17,071 [DEBUG] pynetdicom._handlers - Affected SOP Instance UID     : 1.3.12.2.1107.5.1.7.123161.30000024073109044472200003624
2026-10-05 08:06:17,071 [DEBUG] pynetdicom._handlers - Data Set                      : Present
2026-10-05 08:06:17,071 [DEBUG] pynetdicom._handlers - Priority                      : Medium
2026-10-05 08:06:17,071 [DEBUG] pynetdicom._handlers - ============================ END DIMSE MESSAGE =============================
2026-10-05 08:06:17,073 [DEBUG] pynetdicom.dsutils - pydicom.read_dataset() TransferSyntax="Little Endian Implicit"
2026-10-05 08:06:17,077 [INFO] HealthPACS - Utility: Directory esistente verificata: G:\ArchiveRoot\1.2.840.113619.2.1075997
2026-10-05 08:06:17,079 [INFO] HealthPACS - Utility: Directory esistente verificata: G:\ArchiveRoot\1.2.840.113619.2.1075997\1.3.12.2.1107.5.1.7.123161.30000024073109044472200000734
2026-10-05 08:06:17,083 [INFO] HealthPACS - [InstancesRepo] Creata nuova istanza [SOP: 1.3.12.2.1107.5.1.7.123161.30000024073109044472200003624]
2026-10-05 08:06:17,087 [INFO] HealthPACS - C-STORE: Salvata Istanza [ID: 6084, SOP: 1.3.12.2.1107.5.1.7.123161.30000024073109044472200003624] | Dim: 528812 B | Path: G:\ArchiveRoot\1.2.840.113619.2.1075997\1.3.12.2.1107.5.1.7.123161.30000024073109044472200000734\1.3.12.2.1107.5.1.7.123161.30000024073109044472200003624.dcm
2026-10-05 08:06:17,158 [DEBUG] pynetdicom.dsutils - pydicom.read_dataset() TransferSyntax="Little Endian Implicit"
2026-10-05 08:06:17,165 [INFO] pynetdicom._handlers - Received Store Request
2026-10-05 08:06:17,165 [DEBUG] pynetdicom._handlers - ========================== INCOMING DIMSE MESSAGE ==========================
2026-10-05 08:06:17,165 [DEBUG] pynetdicom._handlers - Message Type                  : C-STORE RQ
2026-10-05 08:06:17,165 [DEBUG] pynetdicom._handlers - Presentation Context ID       : 21
2026-10-05 08:06:17,165 [DEBUG] pynetdicom._handlers - Message ID                    : 1987
2026-10-05 08:06:17,165 [DEBUG] pynetdicom._handlers - Affected SOP Class UID        : CT Image Storage
2026-10-05 08:06:17,165 [DEBUG] pynetdicom._handlers - Affected SOP Instance UID     : 1.3.12.2.1107.5.1.7.123161.30000024073109044472200003625
2026-10-05 08:06:17,166 [DEBUG] pynetdicom._handlers - Data Set                      : Present
2026-10-05 08:06:17,166 [DEBUG] pynetdicom._handlers - Priority                      : Medium
2026-10-05 08:06:17,166 [DEBUG] pynetdicom._handlers - ============================ END DIMSE MESSAGE =============================
2026-10-05 08:06:17,166 [DEBUG] pynetdicom.dsutils - pydicom.read_dataset() TransferSyntax="Little Endian Implicit"
2026-10-05 08:06:17,170 [INFO] HealthPACS - Utility: Directory esistente verificata: G:\ArchiveRoot\1.2.840.113619.2.1075997
2026-10-05 08:06:17,172 [INFO] HealthPACS - Utility: Directory esistente verificata: G:\ArchiveRoot\1.2.840.113619.2.1075997\1.3.12.2.1107.5.1.7.123161.30000024073109044472200000734
2026-10-05 08:06:17,176 [INFO] HealthPACS - [InstancesRepo] Creata nuova istanza [SOP: 1.3.12.2.1107.5.1.7.123161.30000024073109044472200003625]
2026-10-05 08:06:17,180 [INFO] HealthPACS - C-STORE: Salvata Istanza [ID: 6085, SOP: 1.3.12.2.1107.5.1.7.123161.30000024073109044472200003625] | Dim: 528812 B | Path: G:\ArchiveRoot\1.2.840.113619.2.1075997\1.3.12.2.1107.5.1.7.123161.30000024073109044472200000734\1.3.12.2.1107.5.1.7.123161.30000024073109044472200003625.dcm
2026-10-05 08:06:17,269 [DEBUG] pynetdicom.dsutils - pydicom.read_dataset() TransferSyntax="Little Endian Implicit"
2026-10-05 08:06:17,275 [INFO] pynetdicom._handlers - Received Store Request
2026-10-05 08:06:17,276 [DEBUG] pynetdicom._handlers - ========================== INCOMING DIMSE MESSAGE ==========================
2026-10-05 08:06:17,276 [DEBUG] pynetdicom._handlers - Message Type                  : C-STORE RQ
2026-10-05 08:06:17,276 [DEBUG] pynetdicom._handlers - Presentation Context ID       : 21
2026-10-05 08:06:17,276 [DEBUG] pynetdicom._handlers - Message ID                    : 1988
2026-10-05 08:06:17,276 [DEBUG] pynetdicom._handlers - Affected SOP Class UID        : CT Image Storage
2026-10-05 08:06:17,276 [DEBUG] pynetdicom._handlers - Affected SOP Instance UID     : 1.3.12.2.1107.5.1.7.123161.30000024073109044472200003626
2026-10-05 08:06:17,277 [DEBUG] pynetdicom._handlers - Data Set                      : Present
2026-10-05 08:06:17,277 [DEBUG] pynetdicom._handlers - Priority                      : Medium
2026-10-05 08:06:17,277 [DEBUG] pynetdicom._handlers - ============================ END DIMSE MESSAGE =============================
2026-10-05 08:06:17,278 [DEBUG] pynetdicom.dsutils - pydicom.read_dataset() TransferSyntax="Little Endian Implicit"
2026-10-05 08:06:17,283 [INFO] HealthPACS - Utility: Directory esistente verificata: G:\ArchiveRoot\1.2.840.113619.2.1075997
2026-10-05 08:06:17,285 [INFO] HealthPACS - Utility: Directory esistente verificata: G:\ArchiveRoot\1.2.840.113619.2.1075997\1.3.12.2.1107.5.1.7.123161.30000024073109044472200000734
2026-10-05 08:06:17,289 [INFO] HealthPACS - [InstancesRepo] Creata nuova istanza [SOP: 1.3.12.2.1107.5.1.7.123161.30000024073109044472200003626]
2026-10-05 08:06:17,294 [INFO] HealthPACS - C-STORE: Salvata Istanza [ID: 6086, SOP: 1.3.12.2.1107.5.1.7.123161.30000024073109044472200003626] | Dim: 528812 B | Path: G:\ArchiveRoot\1.2.840.113619.2.1075997\1.3.12.2.1107.5.1.7.123161.30000024073109044472200000734\1.3.12.2.1107.5.1.7.123161.30000024073109044472200003626.dcm
2026-10-05 08:06:17,379 [DEBUG] pynetdicom.dsutils - pydicom.read_dataset() TransferSyntax="Little Endian Implicit"
2026-10-05 08:06:17,395 [INFO] pynetdicom._handlers - Received Store Request
2026-10-05 08:06:17,395 [DEBUG] pynetdicom._handlers - ========================== INCOMING DIMSE MESSAGE ==========================
2026-10-05 08:06:17,395 [DEBUG] pynetdicom._handlers - Message Type                  : C-STORE RQ
2026-10-05 08:06:17,395 [DEBUG] pynetdicom._handlers - Presentation Context ID       : 21
2026-10-05 08:06:17,395 [DEBUG] pynetdicom._handlers - Message ID                    : 1989
2026-10-05 08:06:17,395 [DEBUG] pynetdicom._handlers - Affected SOP Class UID        : CT Image Storage
2026-10-05 08:06:17,395 [DEBUG] pynetdicom._handlers - Affected SOP Instance UID     : 1.3.12.2.1107.5.1.7.123161.30000024073109044472200003627
2026-10-05 08:06:17,395 [DEBUG] pynetdicom._handlers - Data Set                      : Present
2026-10-05 08:06:17,396 [DEBUG] pynetdicom._handlers - Priority                      : Medium
2026-10-05 08:06:17,396 [DEBUG] pynetdicom._handlers - ============================ END DIMSE MESSAGE =============================
2026-10-05 08:06:17,397 [DEBUG] pynetdicom.dsutils - pydicom.read_dataset() TransferSyntax="Little Endian Implicit"
2026-10-05 08:06:17,401 [INFO] HealthPACS - Utility: Directory esistente verificata: G:\ArchiveRoot\1.2.840.113619.2.1075997
2026-10-05 08:06:17,402 [INFO] HealthPACS - Utility: Directory esistente verificata: G:\ArchiveRoot\1.2.840.113619.2.1075997\1.3.12.2.1107.5.1.7.123161.30000024073109044472200000734
2026-10-05 08:06:17,407 [INFO] HealthPACS - [InstancesRepo] Creata nuova istanza [SOP: 1.3.12.2.1107.5.1.7.123161.30000024073109044472200003627]
2026-10-05 08:06:17,410 [INFO] HealthPACS - C-STORE: Salvata Istanza [ID: 6087, SOP: 1.3.12.2.1107.5.1.7.123161.30000024073109044472200003627] | Dim: 528812 B | Path: G:\ArchiveRoot\1.2.840.113619.2.1075997\1.3.12.2.1107.5.1.7.123161.30000024073109044472200000734\1.3.12.2.1107.5.1.7.123161.30000024073109044472200003627.dcm
2026-10-05 08:06:17,550 [DEBUG] pynetdicom.dsutils - pydicom.read_dataset() TransferSyntax="Little Endian Implicit"
2026-10-05 08:06:17,555 [INFO] pynetdicom._handlers - Received Store Request
2026-10-05 08:06:17,556 [DEBUG] pynetdicom._handlers - ========================== INCOMING DIMSE MESSAGE ==========================
2026-10-05 08:06:17,556 [DEBUG] pynetdicom._handlers - Message Type                  : C-STORE RQ
2026-10-05 08:06:17,556 [DEBUG] pynetdicom._handlers - Presentation Context ID       : 21
2026-10-05 08:06:17,556 [DEBUG] pynetdicom._handlers - Message ID                    : 1990
2026-10-05 08:06:17,556 [DEBUG] pynetdicom._handlers - Affected SOP Class UID        : CT Image Storage
2026-10-05 08:06:17,556 [DEBUG] pynetdicom._handlers - Affected SOP Instance UID     : 1.3.12.2.1107.5.1.7.123161.30000024073109044472200002648
2026-10-05 08:06:17,556 [DEBUG] pynetdicom._handlers - Data Set                      : Present
2026-10-05 08:06:17,556 [DEBUG] pynetdicom._handlers - Priority                      : Medium
2026-10-05 08:06:17,557 [DEBUG] pynetdicom._handlers - ============================ END DIMSE MESSAGE =============================
2026-10-05 08:06:17,559 [DEBUG] pynetdicom.dsutils - pydicom.read_dataset() TransferSyntax="Little Endian Implicit"
2026-10-05 08:06:17,563 [INFO] HealthPACS - Utility: Directory esistente verificata: G:\ArchiveRoot\1.2.840.113619.2.1075997
2026-10-05 08:06:17,565 [INFO] HealthPACS - Utility: Directory esistente verificata: G:\ArchiveRoot\1.2.840.113619.2.1075997\1.3.12.2.1107.5.1.7.123161.30000024073109044472200000734
2026-10-05 08:06:17,569 [INFO] HealthPACS - [InstancesRepo] Creata nuova istanza [SOP: 1.3.12.2.1107.5.1.7.123161.30000024073109044472200002648]
2026-10-05 08:06:17,573 [INFO] HealthPACS - C-STORE: Salvata Istanza [ID: 6088, SOP: 1.3.12.2.1107.5.1.7.123161.30000024073109044472200002648] | Dim: 528820 B | Path: G:\ArchiveRoot\1.2.840.113619.2.1075997\1.3.12.2.1107.5.1.7.123161.30000024073109044472200000734\1.3.12.2.1107.5.1.7.123161.30000024073109044472200002648.dcm
2026-10-05 08:06:17,693 [DEBUG] pynetdicom.dsutils - pydicom.read_dataset() TransferSyntax="Little Endian Implicit"
2026-10-05 08:06:17,700 [INFO] pynetdicom._handlers - Received Store Request
2026-10-05 08:06:17,700 [DEBUG] pynetdicom._handlers - ========================== INCOMING DIMSE MESSAGE ==========================
2026-10-05 08:06:17,701 [DEBUG] pynetdicom._handlers - Message Type                  : C-STORE RQ
2026-10-05 08:06:17,701 [DEBUG] pynetdicom._handlers - Presentation Context ID       : 21
2026-10-05 08:06:17,701 [DEBUG] pynetdicom._handlers - Message ID                    : 1991
2026-10-05 08:06:17,701 [DEBUG] pynetdicom._handlers - Affected SOP Class UID        : CT Image Storage
2026-10-05 08:06:17,702 [DEBUG] pynetdicom._handlers - Affected SOP Instance UID     : 1.3.12.2.1107.5.1.7.123161.30000024073109044472200003628
2026-10-05 08:06:17,702 [DEBUG] pynetdicom._handlers - Data Set                      : Present
2026-10-05 08:06:17,702 [DEBUG] pynetdicom._handlers - Priority                      : Medium
2026-10-05 08:06:17,703 [DEBUG] pynetdicom._handlers - ============================ END DIMSE MESSAGE =============================
2026-10-05 08:06:17,705 [DEBUG] pynetdicom.dsutils - pydicom.read_dataset() TransferSyntax="Little Endian Implicit"
2026-10-05 08:06:17,710 [INFO] HealthPACS - Utility: Directory esistente verificata: G:\ArchiveRoot\1.2.840.113619.2.1075997
2026-10-05 08:06:17,711 [INFO] HealthPACS - Utility: Directory esistente verificata: G:\ArchiveRoot\1.2.840.113619.2.1075997\1.3.12.2.1107.5.1.7.123161.30000024073109044472200000734
2026-10-05 08:06:17,716 [INFO] HealthPACS - [InstancesRepo] Creata nuova istanza [SOP: 1.3.12.2.1107.5.1.7.123161.30000024073109044472200003628]
2026-10-05 08:06:17,723 [INFO] HealthPACS - C-STORE: Salvata Istanza [ID: 6089, SOP: 1.3.12.2.1107.5.1.7.123161.30000024073109044472200003628] | Dim: 528812 B | Path: G:\ArchiveRoot\1.2.840.113619.2.1075997\1.3.12.2.1107.5.1.7.123161.30000024073109044472200000734\1.3.12.2.1107.5.1.7.123161.30000024073109044472200003628.dcm
2026-10-05 08:06:17,834 [DEBUG] pynetdicom.dsutils - pydicom.read_dataset() TransferSyntax="Little Endian Implicit"
2026-10-05 08:06:17,840 [INFO] pynetdicom._handlers - Received Store Request
2026-10-05 08:06:17,841 [DEBUG] pynetdicom._handlers - ========================== INCOMING DIMSE MESSAGE ==========================
2026-10-05 08:06:17,841 [DEBUG] pynetdicom._handlers - Message Type                  : C-STORE RQ
2026-10-05 08:06:17,841 [DEBUG] pynetdicom._handlers - Presentation Context ID       : 21
2026-10-05 08:06:17,841 [DEBUG] pynetdicom._handlers - Message ID                    : 1992
2026-10-05 08:06:17,841 [DEBUG] pynetdicom._handlers - Affected SOP Class UID        : CT Image Storage
2026-10-05 08:06:17,842 [DEBUG] pynetdicom._handlers - Affected SOP Instance UID     : 1.3.12.2.1107.5.1.7.123161.30000024073109044472200003629
2026-10-05 08:06:17,842 [DEBUG] pynetdicom._handlers - Data Set                      : Present
2026-10-05 08:06:17,842 [DEBUG] pynetdicom._handlers - Priority                      : Medium
2026-10-05 08:06:17,842 [DEBUG] pynetdicom._handlers - ============================ END DIMSE MESSAGE =============================
2026-10-05 08:06:17,843 [DEBUG] pynetdicom.dsutils - pydicom.read_dataset() TransferSyntax="Little Endian Implicit"
2026-10-05 08:06:17,848 [INFO] HealthPACS - Utility: Directory esistente verificata: G:\ArchiveRoot\1.2.840.113619.2.1075997
2026-10-05 08:06:17,850 [INFO] HealthPACS - Utility: Directory esistente verificata: G:\ArchiveRoot\1.2.840.113619.2.1075997\1.3.12.2.1107.5.1.7.123161.30000024073109044472200000734
2026-10-05 08:06:17,858 [INFO] HealthPACS - [InstancesRepo] Creata nuova istanza [SOP: 1.3.12.2.1107.5.1.7.123161.30000024073109044472200003629]
2026-10-05 08:06:17,862 [INFO] HealthPACS - C-STORE: Salvata Istanza [ID: 6090, SOP: 1.3.12.2.1107.5.1.7.123161.30000024073109044472200003629] | Dim: 528812 B | Path: G:\ArchiveRoot\1.2.840.113619.2.1075997\1.3.12.2.1107.5.1.7.123161.30000024073109044472200000734\1.3.12.2.1107.5.1.7.123161.30000024073109044472200003629.dcm
2026-10-05 08:06:18,003 [DEBUG] pynetdicom.dsutils - pydicom.read_dataset() TransferSyntax="Little Endian Implicit"
2026-10-05 08:06:18,010 [INFO] pynetdicom._handlers - Received Store Request
2026-10-05 08:06:18,010 [DEBUG] pynetdicom._handlers - ========================== INCOMING DIMSE MESSAGE ==========================
2026-10-05 08:06:18,010 [DEBUG] pynetdicom._handlers - Message Type                  : C-STORE RQ
2026-10-05 08:06:18,011 [DEBUG] pynetdicom._handlers - Presentation Context ID       : 21
2026-10-05 08:06:18,011 [DEBUG] pynetdicom._handlers - Message ID                    : 1993
2026-10-05 08:06:18,011 [DEBUG] pynetdicom._handlers - Affected SOP Class UID        : CT Image Storage
2026-10-05 08:06:18,011 [DEBUG] pynetdicom._handlers - Affected SOP Instance UID     : 1.3.12.2.1107.5.1.7.123161.30000024073109044472200003630
2026-10-05 08:06:18,011 [DEBUG] pynetdicom._handlers - Data Set                      : Present
2026-10-05 08:06:18,011 [DEBUG] pynetdicom._handlers - Priority                      : Medium
2026-10-05 08:06:18,011 [DEBUG] pynetdicom._handlers - ============================ END DIMSE MESSAGE =============================
2026-10-05 08:06:18,012 [DEBUG] pynetdicom.dsutils - pydicom.read_dataset() TransferSyntax="Little Endian Implicit"
2026-10-05 08:06:18,017 [INFO] HealthPACS - Utility: Directory esistente verificata: G:\ArchiveRoot\1.2.840.113619.2.1075997
2026-10-05 08:06:18,020 [INFO] HealthPACS - Utility: Directory esistente verificata: G:\ArchiveRoot\1.2.840.113619.2.1075997\1.3.12.2.1107.5.1.7.123161.30000024073109044472200000734
2026-10-05 08:06:18,026 [INFO] HealthPACS - [InstancesRepo] Creata nuova istanza [SOP: 1.3.12.2.1107.5.1.7.123161.30000024073109044472200003630]
2026-10-05 08:06:18,030 [INFO] HealthPACS - C-STORE: Salvata Istanza [ID: 6091, SOP: 1.3.12.2.1107.5.1.7.123161.30000024073109044472200003630] | Dim: 528812 B | Path: G:\ArchiveRoot\1.2.840.113619.2.1075997\1.3.12.2.1107.5.1.7.123161.30000024073109044472200000734\1.3.12.2.1107.5.1.7.123161.30000024073109044472200003630.dcm
2026-10-05 08:06:18,188 [DEBUG] pynetdicom.dsutils - pydicom.read_dataset() TransferSyntax="Little Endian Implicit"
2026-10-05 08:06:18,194 [INFO] pynetdicom._handlers - Received Store Request
2026-10-05 08:06:18,195 [DEBUG] pynetdicom._handlers - ========================== INCOMING DIMSE MESSAGE ==========================
2026-10-05 08:06:18,195 [DEBUG] pynetdicom._handlers - Message Type                  : C-STORE RQ
2026-10-05 08:06:18,195 [DEBUG] pynetdicom._handlers - Presentation Context ID       : 21
2026-10-05 08:06:18,195 [DEBUG] pynetdicom._handlers - Message ID                    : 1994
2026-10-05 08:06:18,196 [DEBUG] pynetdicom._handlers - Affected SOP Class UID        : CT Image Storage
2026-10-05 08:06:18,196 [DEBUG] pynetdicom._handlers - Affected SOP Instance UID     : 1.3.12.2.1107.5.1.7.123161.30000024073109044472200003631
2026-10-05 08:06:18,197 [DEBUG] pynetdicom._handlers - Data Set                      : Present
2026-10-05 08:06:18,197 [DEBUG] pynetdicom._handlers - Priority                      : Medium
2026-10-05 08:06:18,197 [DEBUG] pynetdicom._handlers - ============================ END DIMSE MESSAGE =============================
2026-10-05 08:06:18,198 [DEBUG] pynetdicom.dsutils - pydicom.read_dataset() TransferSyntax="Little Endian Implicit"
2026-10-05 08:06:18,203 [INFO] HealthPACS - Utility: Directory esistente verificata: G:\ArchiveRoot\1.2.840.113619.2.1075997
2026-10-05 08:06:18,206 [INFO] HealthPACS - Utility: Directory esistente verificata: G:\ArchiveRoot\1.2.840.113619.2.1075997\1.3.12.2.1107.5.1.7.123161.30000024073109044472200000734
2026-10-05 08:06:18,215 [INFO] HealthPACS - [InstancesRepo] Creata nuova istanza [SOP: 1.3.12.2.1107.5.1.7.123161.30000024073109044472200003631]
2026-10-05 08:06:18,234 [INFO] HealthPACS - C-STORE: Salvata Istanza [ID: 6092, SOP: 1.3.12.2.1107.5.1.7.123161.30000024073109044472200003631] | Dim: 528812 B | Path: G:\ArchiveRoot\1.2.840.113619.2.1075997\1.3.12.2.1107.5.1.7.123161.30000024073109044472200000734\1.3.12.2.1107.5.1.7.123161.30000024073109044472200003631.dcm
2026-10-05 08:06:18,426 [DEBUG] pynetdicom.dsutils - pydicom.read_dataset() TransferSyntax="Little Endian Implicit"
2026-10-05 08:06:18,438 [INFO] pynetdicom._handlers - Received Store Request
2026-10-05 08:06:18,438 [DEBUG] pynetdicom._handlers - ========================== INCOMING DIMSE MESSAGE ==========================
2026-10-05 08:06:18,439 [DEBUG] pynetdicom._handlers - Message Type                  : C-STORE RQ
2026-10-05 08:06:18,439 [DEBUG] pynetdicom._handlers - Presentation Context ID       : 21
2026-10-05 08:06:18,439 [DEBUG] pynetdicom._handlers - Message ID                    : 1995
2026-10-05 08:06:18,439 [DEBUG] pynetdicom._handlers - Affected SOP Class UID        : CT Image Storage
2026-10-05 08:06:18,439 [DEBUG] pynetdicom._handlers - Affected SOP Instance UID     : 1.3.12.2.1107.5.1.7.123161.30000024073109044472200003632
2026-10-05 08:06:18,440 [DEBUG] pynetdicom._handlers - Data Set                      : Present
2026-10-05 08:06:18,440 [DEBUG] pynetdicom._handlers - Priority                      : Medium
2026-10-05 08:06:18,440 [DEBUG] pynetdicom._handlers - ============================ END DIMSE MESSAGE =============================
2026-10-05 08:06:18,441 [DEBUG] pynetdicom.dsutils - pydicom.read_dataset() TransferSyntax="Little Endian Implicit"
2026-10-05 08:06:18,445 [INFO] HealthPACS - Utility: Directory esistente verificata: G:\ArchiveRoot\1.2.840.113619.2.1075997
2026-10-05 08:06:18,447 [INFO] HealthPACS - Utility: Directory esistente verificata: G:\ArchiveRoot\1.2.840.113619.2.1075997\1.3.12.2.1107.5.1.7.123161.30000024073109044472200000734
2026-10-05 08:06:18,450 [INFO] HealthPACS - [InstancesRepo] Creata nuova istanza [SOP: 1.3.12.2.1107.5.1.7.123161.30000024073109044472200003632]
2026-10-05 08:06:18,459 [INFO] HealthPACS - C-STORE: Salvata Istanza [ID: 6093, SOP: 1.3.12.2.1107.5.1.7.123161.30000024073109044472200003632] | Dim: 528812 B | Path: G:\ArchiveRoot\1.2.840.113619.2.1075997\1.3.12.2.1107.5.1.7.123161.30000024073109044472200000734\1.3.12.2.1107.5.1.7.123161.30000024073109044472200003632.dcm
2026-10-05 08:06:18,646 [DEBUG] pynetdicom.dsutils - pydicom.read_dataset() TransferSyntax="Little Endian Implicit"
2026-10-05 08:06:18,660 [INFO] pynetdicom._handlers - Received Store Request
2026-10-05 08:06:18,660 [DEBUG] pynetdicom._handlers - ========================== INCOMING DIMSE MESSAGE ==========================
2026-10-05 08:06:18,660 [DEBUG] pynetdicom._handlers - Message Type                  : C-STORE RQ
2026-10-05 08:06:18,660 [DEBUG] pynetdicom._handlers - Presentation Context ID       : 21
2026-10-05 08:06:18,660 [DEBUG] pynetdicom._handlers - Message ID                    : 1996
2026-10-05 08:06:18,660 [DEBUG] pynetdicom._handlers - Affected SOP Class UID        : CT Image Storage
2026-10-05 08:06:18,660 [DEBUG] pynetdicom._handlers - Affected SOP Instance UID     : 1.3.12.2.1107.5.1.7.123161.30000024073109044472200003633
2026-10-05 08:06:18,660 [DEBUG] pynetdicom._handlers - Data Set                      : Present
2026-10-05 08:06:18,660 [DEBUG] pynetdicom._handlers - Priority                      : Medium
2026-10-05 08:06:18,660 [DEBUG] pynetdicom._handlers - ============================ END DIMSE MESSAGE =============================
2026-10-05 08:06:18,661 [DEBUG] pynetdicom.dsutils - pydicom.read_dataset() TransferSyntax="Little Endian Implicit"
2026-10-05 08:06:18,664 [INFO] HealthPACS - Utility: Directory esistente verificata: G:\ArchiveRoot\1.2.840.113619.2.1075997
2026-10-05 08:06:18,665 [INFO] HealthPACS - Utility: Directory esistente verificata: G:\ArchiveRoot\1.2.840.113619.2.1075997\1.3.12.2.1107.5.1.7.123161.30000024073109044472200000734
2026-10-05 08:06:18,668 [INFO] HealthPACS - [InstancesRepo] Creata nuova istanza [SOP: 1.3.12.2.1107.5.1.7.123161.30000024073109044472200003633]
2026-10-05 08:06:18,671 [INFO] HealthPACS - C-STORE: Salvata Istanza [ID: 6094, SOP: 1.3.12.2.1107.5.1.7.123161.30000024073109044472200003633] | Dim: 528812 B | Path: G:\ArchiveRoot\1.2.840.113619.2.1075997\1.3.12.2.1107.5.1.7.123161.30000024073109044472200000734\1.3.12.2.1107.5.1.7.123161.30000024073109044472200003633.dcm
2026-10-05 08:06:18,861 [DEBUG] pynetdicom.dsutils - pydicom.read_dataset() TransferSyntax="Little Endian Implicit"
2026-10-05 08:06:18,868 [INFO] pynetdicom._handlers - Received Store Request
2026-10-05 08:06:18,868 [DEBUG] pynetdicom._handlers - ========================== INCOMING DIMSE MESSAGE ==========================
2026-10-05 08:06:18,869 [DEBUG] pynetdicom._handlers - Message Type                  : C-STORE RQ
2026-10-05 08:06:18,869 [DEBUG] pynetdicom._handlers - Presentation Context ID       : 21
2026-10-05 08:06:18,869 [DEBUG] pynetdicom._handlers - Message ID                    : 1997
2026-10-05 08:06:18,869 [DEBUG] pynetdicom._handlers - Affected SOP Class UID        : CT Image Storage
2026-10-05 08:06:18,870 [DEBUG] pynetdicom._handlers - Affected SOP Instance UID     : 1.3.12.2.1107.5.1.7.123161.30000024073109044472200003634
2026-10-05 08:06:18,870 [DEBUG] pynetdicom._handlers - Data Set                      : Present
2026-10-05 08:06:18,870 [DEBUG] pynetdicom._handlers - Priority                      : Medium
2026-10-05 08:06:18,870 [DEBUG] pynetdicom._handlers - ============================ END DIMSE MESSAGE =============================
2026-10-05 08:06:18,872 [DEBUG] pynetdicom.dsutils - pydicom.read_dataset() TransferSyntax="Little Endian Implicit"
2026-10-05 08:06:18,875 [INFO] HealthPACS - Utility: Directory esistente verificata: G:\ArchiveRoot\1.2.840.113619.2.1075997
2026-10-05 08:06:18,876 [INFO] HealthPACS - Utility: Directory esistente verificata: G:\ArchiveRoot\1.2.840.113619.2.1075997\1.3.12.2.1107.5.1.7.123161.30000024073109044472200000734
2026-10-05 08:06:18,879 [INFO] HealthPACS - [InstancesRepo] Creata nuova istanza [SOP: 1.3.12.2.1107.5.1.7.123161.30000024073109044472200003634]
2026-10-05 08:06:18,881 [INFO] HealthPACS - C-STORE: Salvata Istanza [ID: 6095, SOP: 1.3.12.2.1107.5.1.7.123161.30000024073109044472200003634] | Dim: 528812 B | Path: G:\ArchiveRoot\1.2.840.113619.2.1075997\1.3.12.2.1107.5.1.7.123161.30000024073109044472200000734\1.3.12.2.1107.5.1.7.123161.30000024073109044472200003634.dcm
2026-10-05 08:06:19,017 [DEBUG] pynetdicom.dsutils - pydicom.read_dataset() TransferSyntax="Little Endian Implicit"
2026-10-05 08:06:19,023 [INFO] pynetdicom._handlers - Received Store Request
2026-10-05 08:06:19,024 [DEBUG] pynetdicom._handlers - ========================== INCOMING DIMSE MESSAGE ==========================
2026-10-05 08:06:19,024 [DEBUG] pynetdicom._handlers - Message Type                  : C-STORE RQ
2026-10-05 08:06:19,024 [DEBUG] pynetdicom._handlers - Presentation Context ID       : 21
2026-10-05 08:06:19,024 [DEBUG] pynetdicom._handlers - Message ID                    : 1998
2026-10-05 08:06:19,024 [DEBUG] pynetdicom._handlers - Affected SOP Class UID        : CT Image Storage
2026-10-05 08:06:19,025 [DEBUG] pynetdicom._handlers - Affected SOP Instance UID     : 1.3.12.2.1107.5.1.7.123161.30000024073109044472200003635
2026-10-05 08:06:19,025 [DEBUG] pynetdicom._handlers - Data Set                      : Present
2026-10-05 08:06:19,025 [DEBUG] pynetdicom._handlers - Priority                      : Medium
2026-10-05 08:06:19,025 [DEBUG] pynetdicom._handlers - ============================ END DIMSE MESSAGE =============================
2026-10-05 08:06:19,025 [DEBUG] pynetdicom.dsutils - pydicom.read_dataset() TransferSyntax="Little Endian Implicit"
2026-10-05 08:06:19,029 [INFO] HealthPACS - Utility: Directory esistente verificata: G:\ArchiveRoot\1.2.840.113619.2.1075997
2026-10-05 08:06:19,031 [INFO] HealthPACS - Utility: Directory esistente verificata: G:\ArchiveRoot\1.2.840.113619.2.1075997\1.3.12.2.1107.5.1.7.123161.30000024073109044472200000734
2026-10-05 08:06:19,034 [INFO] HealthPACS - [InstancesRepo] Creata nuova istanza [SOP: 1.3.12.2.1107.5.1.7.123161.30000024073109044472200003635]
2026-10-05 08:06:19,038 [INFO] HealthPACS - C-STORE: Salvata Istanza [ID: 6096, SOP: 1.3.12.2.1107.5.1.7.123161.30000024073109044472200003635] | Dim: 528812 B | Path: G:\ArchiveRoot\1.2.840.113619.2.1075997\1.3.12.2.1107.5.1.7.123161.30000024073109044472200000734\1.3.12.2.1107.5.1.7.123161.30000024073109044472200003635.dcm
2026-10-05 08:06:19,068 [DEBUG] pynetdicom.dsutils - pydicom.read_dataset() TransferSyntax="Little Endian Implicit"
2026-10-05 08:06:19,073 [INFO] pynetdicom._handlers - Received Store Request
2026-10-05 08:06:19,073 [DEBUG] pynetdicom._handlers - ========================== INCOMING DIMSE MESSAGE ==========================
2026-10-05 08:06:19,073 [DEBUG] pynetdicom._handlers - Message Type                  : C-STORE RQ
2026-10-05 08:06:19,074 [DEBUG] pynetdicom._handlers - Presentation Context ID       : 21
2026-10-05 08:06:19,074 [DEBUG] pynetdicom._handlers - Message ID                    : 1999
2026-10-05 08:06:19,074 [DEBUG] pynetdicom._handlers - Affected SOP Class UID        : CT Image Storage
2026-10-05 08:06:19,074 [DEBUG] pynetdicom._handlers - Affected SOP Instance UID     : 1.3.12.2.1107.5.1.7.123161.30000024073109044472200003636
2026-10-05 08:06:19,074 [DEBUG] pynetdicom._handlers - Data Set                      : Present
2026-10-05 08:06:19,074 [DEBUG] pynetdicom._handlers - Priority                      : Medium
2026-10-05 08:06:19,074 [DEBUG] pynetdicom._handlers - ============================ END DIMSE MESSAGE =============================
2026-10-05 08:06:19,075 [DEBUG] pynetdicom.dsutils - pydicom.read_dataset() TransferSyntax="Little Endian Implicit"
2026-10-05 08:06:19,079 [INFO] HealthPACS - Utility: Directory esistente verificata: G:\ArchiveRoot\1.2.840.113619.2.1075997
2026-10-05 08:06:19,081 [INFO] HealthPACS - Utility: Directory esistente verificata: G:\ArchiveRoot\1.2.840.113619.2.1075997\1.3.12.2.1107.5.1.7.123161.30000024073109044472200000734
2026-10-05 08:06:19,085 [INFO] HealthPACS - [InstancesRepo] Creata nuova istanza [SOP: 1.3.12.2.1107.5.1.7.123161.30000024073109044472200003636]
2026-10-05 08:06:19,089 [INFO] HealthPACS - C-STORE: Salvata Istanza [ID: 6097, SOP: 1.3.12.2.1107.5.1.7.123161.30000024073109044472200003636] | Dim: 528812 B | Path: G:\ArchiveRoot\1.2.840.113619.2.1075997\1.3.12.2.1107.5.1.7.123161.30000024073109044472200000734\1.3.12.2.1107.5.1.7.123161.30000024073109044472200003636.dcm
2026-10-05 08:06:19,140 [DEBUG] pynetdicom.dsutils - pydicom.read_dataset() TransferSyntax="Little Endian Implicit"
2026-10-05 08:06:19,146 [INFO] pynetdicom._handlers - Received Store Request
2026-10-05 08:06:19,146 [DEBUG] pynetdicom._handlers - ========================== INCOMING DIMSE MESSAGE ==========================
2026-10-05 08:06:19,147 [DEBUG] pynetdicom._handlers - Message Type                  : C-STORE RQ
2026-10-05 08:06:19,147 [DEBUG] pynetdicom._handlers - Presentation Context ID       : 21
2026-10-05 08:06:19,147 [DEBUG] pynetdicom._handlers - Message ID                    : 2000
2026-10-05 08:06:19,147 [DEBUG] pynetdicom._handlers - Affected SOP Class UID        : CT Image Storage
2026-10-05 08:06:19,147 [DEBUG] pynetdicom._handlers - Affected SOP Instance UID     : 1.3.12.2.1107.5.1.7.123161.30000024073109044472200003637
2026-10-05 08:06:19,148 [DEBUG] pynetdicom._handlers - Data Set                      : Present
2026-10-05 08:06:19,148 [DEBUG] pynetdicom._handlers - Priority                      : Medium
2026-10-05 08:06:19,148 [DEBUG] pynetdicom._handlers - ============================ END DIMSE MESSAGE =============================
2026-10-05 08:06:19,149 [DEBUG] pynetdicom.dsutils - pydicom.read_dataset() TransferSyntax="Little Endian Implicit"
2026-10-05 08:06:19,153 [INFO] HealthPACS - Utility: Directory esistente verificata: G:\ArchiveRoot\1.2.840.113619.2.1075997
2026-10-05 08:06:19,155 [INFO] HealthPACS - Utility: Directory esistente verificata: G:\ArchiveRoot\1.2.840.113619.2.1075997\1.3.12.2.1107.5.1.7.123161.30000024073109044472200000734
2026-10-05 08:06:19,160 [INFO] HealthPACS - [InstancesRepo] Creata nuova istanza [SOP: 1.3.12.2.1107.5.1.7.123161.30000024073109044472200003637]
2026-10-05 08:06:19,164 [INFO] HealthPACS - C-STORE: Salvata Istanza [ID: 6098, SOP: 1.3.12.2.1107.5.1.7.123161.30000024073109044472200003637] | Dim: 528812 B | Path: G:\ArchiveRoot\1.2.840.113619.2.1075997\1.3.12.2.1107.5.1.7.123161.30000024073109044472200000734\1.3.12.2.1107.5.1.7.123161.30000024073109044472200003637.dcm
2026-10-05 08:06:19,213 [DEBUG] pynetdicom.dsutils - pydicom.read_dataset() TransferSyntax="Little Endian Implicit"
2026-10-05 08:06:19,224 [INFO] pynetdicom._handlers - Received Store Request
2026-10-05 08:06:19,224 [DEBUG] pynetdicom._handlers - ========================== INCOMING DIMSE MESSAGE ==========================
2026-10-05 08:06:19,224 [DEBUG] pynetdicom._handlers - Message Type                  : C-STORE RQ
2026-10-05 08:06:19,224 [DEBUG] pynetdicom._handlers - Presentation Context ID       : 21
2026-10-05 08:06:19,224 [DEBUG] pynetdicom._handlers - Message ID                    : 2001
2026-10-05 08:06:19,224 [DEBUG] pynetdicom._handlers - Affected SOP Class UID        : CT Image Storage
2026-10-05 08:06:19,225 [DEBUG] pynetdicom._handlers - Affected SOP Instance UID     : 1.3.12.2.1107.5.1.7.123161.30000024073109044472200002649
2026-10-05 08:06:19,225 [DEBUG] pynetdicom._handlers - Data Set                      : Present
2026-10-05 08:06:19,225 [DEBUG] pynetdicom._handlers - Priority                      : Medium
2026-10-05 08:06:19,225 [DEBUG] pynetdicom._handlers - ============================ END DIMSE MESSAGE =============================
2026-10-05 08:06:19,225 [DEBUG] pynetdicom.dsutils - pydicom.read_dataset() TransferSyntax="Little Endian Implicit"
2026-10-05 08:06:19,229 [INFO] HealthPACS - Utility: Directory esistente verificata: G:\ArchiveRoot\1.2.840.113619.2.1075997
2026-10-05 08:06:19,230 [INFO] HealthPACS - Utility: Directory esistente verificata: G:\ArchiveRoot\1.2.840.113619.2.1075997\1.3.12.2.1107.5.1.7.123161.30000024073109044472200000734
2026-10-05 08:06:19,234 [INFO] HealthPACS - [InstancesRepo] Creata nuova istanza [SOP: 1.3.12.2.1107.5.1.7.123161.30000024073109044472200002649]
2026-10-05 08:06:19,237 [INFO] HealthPACS - C-STORE: Salvata Istanza [ID: 6099, SOP: 1.3.12.2.1107.5.1.7.123161.30000024073109044472200002649] | Dim: 528820 B | Path: G:\ArchiveRoot\1.2.840.113619.2.1075997\1.3.12.2.1107.5.1.7.123161.30000024073109044472200000734\1.3.12.2.1107.5.1.7.123161.30000024073109044472200002649.dcm
2026-10-05 08:06:19,318 [DEBUG] pynetdicom.dsutils - pydicom.read_dataset() TransferSyntax="Little Endian Implicit"
2026-10-05 08:06:19,326 [INFO] pynetdicom._handlers - Received Store Request
2026-10-05 08:06:19,326 [DEBUG] pynetdicom._handlers - ========================== INCOMING DIMSE MESSAGE ==========================
2026-10-05 08:06:19,326 [DEBUG] pynetdicom._handlers - Message Type                  : C-STORE RQ
2026-10-05 08:06:19,326 [DEBUG] pynetdicom._handlers - Presentation Context ID       : 21
2026-10-05 08:06:19,326 [DEBUG] pynetdicom._handlers - Message ID                    : 2002
2026-10-05 08:06:19,327 [DEBUG] pynetdicom._handlers - Affected SOP Class UID        : CT Image Storage
2026-10-05 08:06:19,327 [DEBUG] pynetdicom._handlers - Affected SOP Instance UID     : 1.3.12.2.1107.5.1.7.123161.30000024073109044472200003638
2026-10-05 08:06:19,327 [DEBUG] pynetdicom._handlers - Data Set                      : Present
2026-10-05 08:06:19,327 [DEBUG] pynetdicom._handlers - Priority                      : Medium
2026-10-05 08:06:19,327 [DEBUG] pynetdicom._handlers - ============================ END DIMSE MESSAGE =============================
2026-10-05 08:06:19,330 [DEBUG] pynetdicom.dsutils - pydicom.read_dataset() TransferSyntax="Little Endian Implicit"
2026-10-05 08:06:19,334 [INFO] HealthPACS - Utility: Directory esistente verificata: G:\ArchiveRoot\1.2.840.113619.2.1075997
2026-10-05 08:06:19,335 [INFO] HealthPACS - Utility: Directory esistente verificata: G:\ArchiveRoot\1.2.840.113619.2.1075997\1.3.12.2.1107.5.1.7.123161.30000024073109044472200000734
2026-10-05 08:06:19,339 [INFO] HealthPACS - [InstancesRepo] Creata nuova istanza [SOP: 1.3.12.2.1107.5.1.7.123161.30000024073109044472200003638]
2026-10-05 08:06:19,342 [INFO] HealthPACS - C-STORE: Salvata Istanza [ID: 6100, SOP: 1.3.12.2.1107.5.1.7.123161.30000024073109044472200003638] | Dim: 528812 B | Path: G:\ArchiveRoot\1.2.840.113619.2.1075997\1.3.12.2.1107.5.1.7.123161.30000024073109044472200000734\1.3.12.2.1107.5.1.7.123161.30000024073109044472200003638.dcm
2026-10-05 08:06:19,470 [DEBUG] pynetdicom.dsutils - pydicom.read_dataset() TransferSyntax="Little Endian Implicit"
2026-10-05 08:06:19,488 [INFO] pynetdicom._handlers - Received Store Request
2026-10-05 08:06:19,488 [DEBUG] pynetdicom._handlers - ========================== INCOMING DIMSE MESSAGE ==========================
2026-10-05 08:06:19,488 [DEBUG] pynetdicom._handlers - Message Type                  : C-STORE RQ
2026-10-05 08:06:19,488 [DEBUG] pynetdicom._handlers - Presentation Context ID       : 21
2026-10-05 08:06:19,488 [DEBUG] pynetdicom._handlers - Message ID                    : 2003
2026-10-05 08:06:19,489 [DEBUG] pynetdicom._handlers - Affected SOP Class UID        : CT Image Storage
2026-10-05 08:06:19,489 [DEBUG] pynetdicom._handlers - Affected SOP Instance UID     : 1.3.12.2.1107.5.1.7.123161.30000024073109044472200003639
2026-10-05 08:06:19,489 [DEBUG] pynetdicom._handlers - Data Set                      : Present
2026-10-05 08:06:19,489 [DEBUG] pynetdicom._handlers - Priority                      : Medium
2026-10-05 08:06:19,489 [DEBUG] pynetdicom._handlers - ============================ END DIMSE MESSAGE =============================
2026-10-05 08:06:19,490 [DEBUG] pynetdicom.dsutils - pydicom.read_dataset() TransferSyntax="Little Endian Implicit"
2026-10-05 08:06:19,493 [INFO] HealthPACS - Utility: Directory esistente verificata: G:\ArchiveRoot\1.2.840.113619.2.1075997
2026-10-05 08:06:19,494 [INFO] HealthPACS - Utility: Directory esistente verificata: G:\ArchiveRoot\1.2.840.113619.2.1075997\1.3.12.2.1107.5.1.7.123161.30000024073109044472200000734
2026-10-05 08:06:19,498 [INFO] HealthPACS - [InstancesRepo] Creata nuova istanza [SOP: 1.3.12.2.1107.5.1.7.123161.30000024073109044472200003639]
2026-10-05 08:06:19,501 [INFO] HealthPACS - C-STORE: Salvata Istanza [ID: 6101, SOP: 1.3.12.2.1107.5.1.7.123161.30000024073109044472200003639] | Dim: 528812 B | Path: G:\ArchiveRoot\1.2.840.113619.2.1075997\1.3.12.2.1107.5.1.7.123161.30000024073109044472200000734\1.3.12.2.1107.5.1.7.123161.30000024073109044472200003639.dcm
2026-10-05 08:06:19,625 [DEBUG] pynetdicom.dsutils - pydicom.read_dataset() TransferSyntax="Little Endian Implicit"
2026-10-05 08:06:19,629 [INFO] pynetdicom._handlers - Received Store Request
2026-10-05 08:06:19,630 [DEBUG] pynetdicom._handlers - ========================== INCOMING DIMSE MESSAGE ==========================
2026-10-05 08:06:19,630 [DEBUG] pynetdicom._handlers - Message Type                  : C-STORE RQ
2026-10-05 08:06:19,630 [DEBUG] pynetdicom._handlers - Presentation Context ID       : 21
2026-10-05 08:06:19,630 [DEBUG] pynetdicom._handlers - Message ID                    : 2004
2026-10-05 08:06:19,630 [DEBUG] pynetdicom._handlers - Affected SOP Class UID        : CT Image Storage
2026-10-05 08:06:19,630 [DEBUG] pynetdicom._handlers - Affected SOP Instance UID     : 1.3.12.2.1107.5.1.7.123161.30000024073109044472200003640
2026-10-05 08:06:19,630 [DEBUG] pynetdicom._handlers - Data Set                      : Present
2026-10-05 08:06:19,630 [DEBUG] pynetdicom._handlers - Priority                      : Medium
2026-10-05 08:06:19,631 [DEBUG] pynetdicom._handlers - ============================ END DIMSE MESSAGE =============================
2026-10-05 08:06:19,631 [DEBUG] pynetdicom.dsutils - pydicom.read_dataset() TransferSyntax="Little Endian Implicit"
2026-10-05 08:06:19,636 [INFO] HealthPACS - Utility: Directory esistente verificata: G:\ArchiveRoot\1.2.840.113619.2.1075997
2026-10-05 08:06:19,638 [INFO] HealthPACS - Utility: Directory esistente verificata: G:\ArchiveRoot\1.2.840.113619.2.1075997\1.3.12.2.1107.5.1.7.123161.30000024073109044472200000734
2026-10-05 08:06:19,642 [INFO] HealthPACS - [InstancesRepo] Creata nuova istanza [SOP: 1.3.12.2.1107.5.1.7.123161.30000024073109044472200003640]
2026-10-05 08:06:19,646 [INFO] HealthPACS - C-STORE: Salvata Istanza [ID: 6102, SOP: 1.3.12.2.1107.5.1.7.123161.30000024073109044472200003640] | Dim: 528812 B | Path: G:\ArchiveRoot\1.2.840.113619.2.1075997\1.3.12.2.1107.5.1.7.123161.30000024073109044472200000734\1.3.12.2.1107.5.1.7.123161.30000024073109044472200003640.dcm
2026-10-05 08:06:19,736 [DEBUG] pynetdicom.dsutils - pydicom.read_dataset() TransferSyntax="Little Endian Implicit"
2026-10-05 08:06:19,742 [INFO] pynetdicom._handlers - Received Store Request
2026-10-05 08:06:19,742 [DEBUG] pynetdicom._handlers - ========================== INCOMING DIMSE MESSAGE ==========================
2026-10-05 08:06:19,742 [DEBUG] pynetdicom._handlers - Message Type                  : C-STORE RQ
2026-10-05 08:06:19,742 [DEBUG] pynetdicom._handlers - Presentation Context ID       : 21
2026-10-05 08:06:19,743 [DEBUG] pynetdicom._handlers - Message ID                    : 2005
2026-10-05 08:06:19,743 [DEBUG] pynetdicom._handlers - Affected SOP Class UID        : CT Image Storage
2026-10-05 08:06:19,743 [DEBUG] pynetdicom._handlers - Affected SOP Instance UID     : 1.3.12.2.1107.5.1.7.123161.30000024073109044472200003641
2026-10-05 08:06:19,743 [DEBUG] pynetdicom._handlers - Data Set                      : Present
2026-10-05 08:06:19,743 [DEBUG] pynetdicom._handlers - Priority                      : Medium
2026-10-05 08:06:19,743 [DEBUG] pynetdicom._handlers - ============================ END DIMSE MESSAGE =============================
2026-10-05 08:06:19,744 [DEBUG] pynetdicom.dsutils - pydicom.read_dataset() TransferSyntax="Little Endian Implicit"
2026-10-05 08:06:19,747 [INFO] HealthPACS - Utility: Directory esistente verificata: G:\ArchiveRoot\1.2.840.113619.2.1075997
2026-10-05 08:06:19,749 [INFO] HealthPACS - Utility: Directory esistente verificata: G:\ArchiveRoot\1.2.840.113619.2.1075997\1.3.12.2.1107.5.1.7.123161.30000024073109044472200000734
2026-10-05 08:06:19,752 [INFO] HealthPACS - [InstancesRepo] Creata nuova istanza [SOP: 1.3.12.2.1107.5.1.7.123161.30000024073109044472200003641]
2026-10-05 08:06:19,755 [INFO] HealthPACS - C-STORE: Salvata Istanza [ID: 6103, SOP: 1.3.12.2.1107.5.1.7.123161.30000024073109044472200003641] | Dim: 528812 B | Path: G:\ArchiveRoot\1.2.840.113619.2.1075997\1.3.12.2.1107.5.1.7.123161.30000024073109044472200000734\1.3.12.2.1107.5.1.7.123161.30000024073109044472200003641.dcm
2026-10-05 08:06:19,890 [DEBUG] pynetdicom.dsutils - pydicom.read_dataset() TransferSyntax="Little Endian Implicit"
2026-10-05 08:06:19,901 [INFO] pynetdicom._handlers - Received Store Request
2026-10-05 08:06:19,901 [DEBUG] pynetdicom._handlers - ========================== INCOMING DIMSE MESSAGE ==========================
2026-10-05 08:06:19,901 [DEBUG] pynetdicom._handlers - Message Type                  : C-STORE RQ
2026-10-05 08:06:19,901 [DEBUG] pynetdicom._handlers - Presentation Context ID       : 21
2026-10-05 08:06:19,901 [DEBUG] pynetdicom._handlers - Message ID                    : 2006
2026-10-05 08:06:19,901 [DEBUG] pynetdicom._handlers - Affected SOP Class UID        : CT Image Storage
2026-10-05 08:06:19,902 [DEBUG] pynetdicom._handlers - Affected SOP Instance UID     : 1.3.12.2.1107.5.1.7.123161.30000024073109044472200003642
2026-10-05 08:06:19,902 [DEBUG] pynetdicom._handlers - Data Set                      : Present
2026-10-05 08:06:19,902 [DEBUG] pynetdicom._handlers - Priority                      : Medium
2026-10-05 08:06:19,902 [DEBUG] pynetdicom._handlers - ============================ END DIMSE MESSAGE =============================
2026-10-05 08:06:19,903 [DEBUG] pynetdicom.dsutils - pydicom.read_dataset() TransferSyntax="Little Endian Implicit"
2026-10-05 08:06:19,906 [INFO] HealthPACS - Utility: Directory esistente verificata: G:\ArchiveRoot\1.2.840.113619.2.1075997
2026-10-05 08:06:19,908 [INFO] HealthPACS - Utility: Directory esistente verificata: G:\ArchiveRoot\1.2.840.113619.2.1075997\1.3.12.2.1107.5.1.7.123161.30000024073109044472200000734
2026-10-05 08:06:19,911 [INFO] HealthPACS - [InstancesRepo] Creata nuova istanza [SOP: 1.3.12.2.1107.5.1.7.123161.30000024073109044472200003642]
2026-10-05 08:06:19,913 [INFO] HealthPACS - C-STORE: Salvata Istanza [ID: 6104, SOP: 1.3.12.2.1107.5.1.7.123161.30000024073109044472200003642] | Dim: 528812 B | Path: G:\ArchiveRoot\1.2.840.113619.2.1075997\1.3.12.2.1107.5.1.7.123161.30000024073109044472200000734\1.3.12.2.1107.5.1.7.123161.30000024073109044472200003642.dcm
2026-10-05 08:06:20,033 [DEBUG] pynetdicom.dsutils - pydicom.read_dataset() TransferSyntax="Little Endian Implicit"
2026-10-05 08:06:20,039 [INFO] pynetdicom._handlers - Received Store Request
2026-10-05 08:06:20,040 [DEBUG] pynetdicom._handlers - ========================== INCOMING DIMSE MESSAGE ==========================
2026-10-05 08:06:20,040 [DEBUG] pynetdicom._handlers - Message Type                  : C-STORE RQ
2026-10-05 08:06:20,040 [DEBUG] pynetdicom._handlers - Presentation Context ID       : 21
2026-10-05 08:06:20,041 [DEBUG] pynetdicom._handlers - Message ID                    : 2007
2026-10-05 08:06:20,041 [DEBUG] pynetdicom._handlers - Affected SOP Class UID        : CT Image Storage
2026-10-05 08:06:20,041 [DEBUG] pynetdicom._handlers - Affected SOP Instance UID     : 1.3.12.2.1107.5.1.7.123161.30000024073109044472200003643
2026-10-05 08:06:20,041 [DEBUG] pynetdicom._handlers - Data Set                      : Present
2026-10-05 08:06:20,042 [DEBUG] pynetdicom._handlers - Priority                      : Medium
2026-10-05 08:06:20,042 [DEBUG] pynetdicom._handlers - ============================ END DIMSE MESSAGE =============================
2026-10-05 08:06:20,042 [DEBUG] pynetdicom.dsutils - pydicom.read_dataset() TransferSyntax="Little Endian Implicit"
2026-10-05 08:06:20,046 [INFO] HealthPACS - Utility: Directory esistente verificata: G:\ArchiveRoot\1.2.840.113619.2.1075997
2026-10-05 08:06:20,047 [INFO] HealthPACS - Utility: Directory esistente verificata: G:\ArchiveRoot\1.2.840.113619.2.1075997\1.3.12.2.1107.5.1.7.123161.30000024073109044472200000734
2026-10-05 08:06:20,050 [INFO] HealthPACS - [InstancesRepo] Creata nuova istanza [SOP: 1.3.12.2.1107.5.1.7.123161.30000024073109044472200003643]
2026-10-05 08:06:20,053 [INFO] HealthPACS - C-STORE: Salvata Istanza [ID: 6105, SOP: 1.3.12.2.1107.5.1.7.123161.30000024073109044472200003643] | Dim: 528812 B | Path: G:\ArchiveRoot\1.2.840.113619.2.1075997\1.3.12.2.1107.5.1.7.123161.30000024073109044472200000734\1.3.12.2.1107.5.1.7.123161.30000024073109044472200003643.dcm
2026-10-05 08:06:20,205 [DEBUG] pynetdicom.dsutils - pydicom.read_dataset() TransferSyntax="Little Endian Implicit"
2026-10-05 08:06:20,211 [INFO] pynetdicom._handlers - Received Store Request
2026-10-05 08:06:20,211 [DEBUG] pynetdicom._handlers - ========================== INCOMING DIMSE MESSAGE ==========================
2026-10-05 08:06:20,212 [DEBUG] pynetdicom._handlers - Message Type                  : C-STORE RQ
2026-10-05 08:06:20,212 [DEBUG] pynetdicom._handlers - Presentation Context ID       : 21
2026-10-05 08:06:20,212 [DEBUG] pynetdicom._handlers - Message ID                    : 2008
2026-10-05 08:06:20,212 [DEBUG] pynetdicom._handlers - Affected SOP Class UID        : CT Image Storage
2026-10-05 08:06:20,212 [DEBUG] pynetdicom._handlers - Affected SOP Instance UID     : 1.3.12.2.1107.5.1.7.123161.30000024073109044472200003644
2026-10-05 08:06:20,212 [DEBUG] pynetdicom._handlers - Data Set                      : Present
2026-10-05 08:06:20,213 [DEBUG] pynetdicom._handlers - Priority                      : Medium
2026-10-05 08:06:20,213 [DEBUG] pynetdicom._handlers - ============================ END DIMSE MESSAGE =============================
2026-10-05 08:06:20,214 [DEBUG] pynetdicom.dsutils - pydicom.read_dataset() TransferSyntax="Little Endian Implicit"
2026-10-05 08:06:20,219 [INFO] HealthPACS - Utility: Directory esistente verificata: G:\ArchiveRoot\1.2.840.113619.2.1075997
2026-10-05 08:06:20,220 [INFO] HealthPACS - Utility: Directory esistente verificata: G:\ArchiveRoot\1.2.840.113619.2.1075997\1.3.12.2.1107.5.1.7.123161.30000024073109044472200000734
2026-10-05 08:06:20,224 [INFO] HealthPACS - [InstancesRepo] Creata nuova istanza [SOP: 1.3.12.2.1107.5.1.7.123161.30000024073109044472200003644]
2026-10-05 08:06:20,228 [INFO] HealthPACS - C-STORE: Salvata Istanza [ID: 6106, SOP: 1.3.12.2.1107.5.1.7.123161.30000024073109044472200003644] | Dim: 528812 B | Path: G:\ArchiveRoot\1.2.840.113619.2.1075997\1.3.12.2.1107.5.1.7.123161.30000024073109044472200000734\1.3.12.2.1107.5.1.7.123161.30000024073109044472200003644.dcm
2026-10-05 08:06:20,335 [DEBUG] pynetdicom.dsutils - pydicom.read_dataset() TransferSyntax="Little Endian Implicit"
2026-10-05 08:06:20,341 [INFO] pynetdicom._handlers - Received Store Request
2026-10-05 08:06:20,341 [DEBUG] pynetdicom._handlers - ========================== INCOMING DIMSE MESSAGE ==========================
2026-10-05 08:06:20,342 [DEBUG] pynetdicom._handlers - Message Type                  : C-STORE RQ
2026-10-05 08:06:20,342 [DEBUG] pynetdicom._handlers - Presentation Context ID       : 21
2026-10-05 08:06:20,342 [DEBUG] pynetdicom._handlers - Message ID                    : 2009
2026-10-05 08:06:20,342 [DEBUG] pynetdicom._handlers - Affected SOP Class UID        : CT Image Storage
2026-10-05 08:06:20,342 [DEBUG] pynetdicom._handlers - Affected SOP Instance UID     : 1.3.12.2.1107.5.1.7.123161.30000024073109044472200003645
2026-10-05 08:06:20,342 [DEBUG] pynetdicom._handlers - Data Set                      : Present
2026-10-05 08:06:20,343 [DEBUG] pynetdicom._handlers - Priority                      : Medium
2026-10-05 08:06:20,343 [DEBUG] pynetdicom._handlers - ============================ END DIMSE MESSAGE =============================
2026-10-05 08:06:20,344 [DEBUG] pynetdicom.dsutils - pydicom.read_dataset() TransferSyntax="Little Endian Implicit"
2026-10-05 08:06:20,349 [INFO] HealthPACS - Utility: Directory esistente verificata: G:\ArchiveRoot\1.2.840.113619.2.1075997
2026-10-05 08:06:20,350 [INFO] HealthPACS - Utility: Directory esistente verificata: G:\ArchiveRoot\1.2.840.113619.2.1075997\1.3.12.2.1107.5.1.7.123161.30000024073109044472200000734
2026-10-05 08:06:20,354 [INFO] HealthPACS - [InstancesRepo] Creata nuova istanza [SOP: 1.3.12.2.1107.5.1.7.123161.30000024073109044472200003645]
2026-10-05 08:06:20,359 [INFO] HealthPACS - C-STORE: Salvata Istanza [ID: 6107, SOP: 1.3.12.2.1107.5.1.7.123161.30000024073109044472200003645] | Dim: 528812 B | Path: G:\ArchiveRoot\1.2.840.113619.2.1075997\1.3.12.2.1107.5.1.7.123161.30000024073109044472200000734\1.3.12.2.1107.5.1.7.123161.30000024073109044472200003645.dcm
2026-10-05 08:06:20,479 [DEBUG] pynetdicom.dsutils - pydicom.read_dataset() TransferSyntax="Little Endian Implicit"
2026-10-05 08:06:20,486 [INFO] pynetdicom._handlers - Received Store Request
2026-10-05 08:06:20,486 [DEBUG] pynetdicom._handlers - ========================== INCOMING DIMSE MESSAGE ==========================
2026-10-05 08:06:20,486 [DEBUG] pynetdicom._handlers - Message Type                  : C-STORE RQ
2026-10-05 08:06:20,487 [DEBUG] pynetdicom._handlers - Presentation Context ID       : 21
2026-10-05 08:06:20,487 [DEBUG] pynetdicom._handlers - Message ID                    : 2010
2026-10-05 08:06:20,487 [DEBUG] pynetdicom._handlers - Affected SOP Class UID        : CT Image Storage
2026-10-05 08:06:20,487 [DEBUG] pynetdicom._handlers - Affected SOP Instance UID     : 1.3.12.2.1107.5.1.7.123161.30000024073109044472200003646
2026-10-05 08:06:20,487 [DEBUG] pynetdicom._handlers - Data Set                      : Present
2026-10-05 08:06:20,487 [DEBUG] pynetdicom._handlers - Priority                      : Medium
2026-10-05 08:06:20,487 [DEBUG] pynetdicom._handlers - ============================ END DIMSE MESSAGE =============================
2026-10-05 08:06:20,489 [DEBUG] pynetdicom.dsutils - pydicom.read_dataset() TransferSyntax="Little Endian Implicit"
2026-10-05 08:06:20,493 [INFO] HealthPACS - Utility: Directory esistente verificata: G:\ArchiveRoot\1.2.840.113619.2.1075997
2026-10-05 08:06:20,495 [INFO] HealthPACS - Utility: Directory esistente verificata: G:\ArchiveRoot\1.2.840.113619.2.1075997\1.3.12.2.1107.5.1.7.123161.30000024073109044472200000734
2026-10-05 08:06:20,499 [INFO] HealthPACS - [InstancesRepo] Creata nuova istanza [SOP: 1.3.12.2.1107.5.1.7.123161.30000024073109044472200003646]
2026-10-05 08:06:20,502 [INFO] HealthPACS - C-STORE: Salvata Istanza [ID: 6108, SOP: 1.3.12.2.1107.5.1.7.123161.30000024073109044472200003646] | Dim: 528812 B | Path: G:\ArchiveRoot\1.2.840.113619.2.1075997\1.3.12.2.1107.5.1.7.123161.30000024073109044472200000734\1.3.12.2.1107.5.1.7.123161.30000024073109044472200003646.dcm
2026-10-05 08:06:20,692 [DEBUG] pynetdicom.dsutils - pydicom.read_dataset() TransferSyntax="Little Endian Implicit"
2026-10-05 08:06:20,705 [INFO] pynetdicom._handlers - Received Store Request
2026-10-05 08:06:20,705 [DEBUG] pynetdicom._handlers - ========================== INCOMING DIMSE MESSAGE ==========================
2026-10-05 08:06:20,705 [DEBUG] pynetdicom._handlers - Message Type                  : C-STORE RQ
2026-10-05 08:06:20,706 [DEBUG] pynetdicom._handlers - Presentation Context ID       : 21
2026-10-05 08:06:20,706 [DEBUG] pynetdicom._handlers - Message ID                    : 2011
2026-10-05 08:06:20,706 [DEBUG] pynetdicom._handlers - Affected SOP Class UID        : CT Image Storage
2026-10-05 08:06:20,706 [DEBUG] pynetdicom._handlers - Affected SOP Instance UID     : 1.3.12.2.1107.5.1.7.123161.30000024073109044472200003647
2026-10-05 08:06:20,707 [DEBUG] pynetdicom._handlers - Data Set                      : Present
2026-10-05 08:06:20,707 [DEBUG] pynetdicom._handlers - Priority                      : Medium
2026-10-05 08:06:20,707 [DEBUG] pynetdicom._handlers - ============================ END DIMSE MESSAGE =============================
2026-10-05 08:06:20,708 [DEBUG] pynetdicom.dsutils - pydicom.read_dataset() TransferSyntax="Little Endian Implicit"
2026-10-05 08:06:20,712 [INFO] HealthPACS - Utility: Directory esistente verificata: G:\ArchiveRoot\1.2.840.113619.2.1075997
2026-10-05 08:06:20,714 [INFO] HealthPACS - Utility: Directory esistente verificata: G:\ArchiveRoot\1.2.840.113619.2.1075997\1.3.12.2.1107.5.1.7.123161.30000024073109044472200000734
2026-10-05 08:06:20,718 [INFO] HealthPACS - [InstancesRepo] Creata nuova istanza [SOP: 1.3.12.2.1107.5.1.7.123161.30000024073109044472200003647]
2026-10-05 08:06:20,722 [INFO] HealthPACS - C-STORE: Salvata Istanza [ID: 6109, SOP: 1.3.12.2.1107.5.1.7.123161.30000024073109044472200003647] | Dim: 528812 B | Path: G:\ArchiveRoot\1.2.840.113619.2.1075997\1.3.12.2.1107.5.1.7.123161.30000024073109044472200000734\1.3.12.2.1107.5.1.7.123161.30000024073109044472200003647.dcm
2026-10-05 08:06:20,932 [DEBUG] pynetdicom.dsutils - pydicom.read_dataset() TransferSyntax="Little Endian Implicit"
2026-10-05 08:06:20,945 [INFO] pynetdicom._handlers - Received Store Request
2026-10-05 08:06:20,945 [DEBUG] pynetdicom._handlers - ========================== INCOMING DIMSE MESSAGE ==========================
2026-10-05 08:06:20,946 [DEBUG] pynetdicom._handlers - Message Type                  : C-STORE RQ
2026-10-05 08:06:20,946 [DEBUG] pynetdicom._handlers - Presentation Context ID       : 21
2026-10-05 08:06:20,946 [DEBUG] pynetdicom._handlers - Message ID                    : 2012
2026-10-05 08:06:20,946 [DEBUG] pynetdicom._handlers - Affected SOP Class UID        : CT Image Storage
2026-10-05 08:06:20,946 [DEBUG] pynetdicom._handlers - Affected SOP Instance UID     : 1.3.12.2.1107.5.1.7.123161.30000024073109044472200002650
2026-10-05 08:06:20,946 [DEBUG] pynetdicom._handlers - Data Set                      : Present
2026-10-05 08:06:20,946 [DEBUG] pynetdicom._handlers - Priority                      : Medium
2026-10-05 08:06:20,946 [DEBUG] pynetdicom._handlers - ============================ END DIMSE MESSAGE =============================
2026-10-05 08:06:20,947 [DEBUG] pynetdicom.dsutils - pydicom.read_dataset() TransferSyntax="Little Endian Implicit"
2026-10-05 08:06:20,950 [INFO] HealthPACS - Utility: Directory esistente verificata: G:\ArchiveRoot\1.2.840.113619.2.1075997
2026-10-05 08:06:20,952 [INFO] HealthPACS - Utility: Directory esistente verificata: G:\ArchiveRoot\1.2.840.113619.2.1075997\1.3.12.2.1107.5.1.7.123161.30000024073109044472200000734
2026-10-05 08:06:20,957 [INFO] HealthPACS - [InstancesRepo] Creata nuova istanza [SOP: 1.3.12.2.1107.5.1.7.123161.30000024073109044472200002650]
2026-10-05 08:06:20,960 [INFO] HealthPACS - C-STORE: Salvata Istanza [ID: 6110, SOP: 1.3.12.2.1107.5.1.7.123161.30000024073109044472200002650] | Dim: 528820 B | Path: G:\ArchiveRoot\1.2.840.113619.2.1075997\1.3.12.2.1107.5.1.7.123161.30000024073109044472200000734\1.3.12.2.1107.5.1.7.123161.30000024073109044472200002650.dcm
2026-10-05 08:06:21,200 [DEBUG] pynetdicom.dsutils - pydicom.read_dataset() TransferSyntax="Little Endian Implicit"
2026-10-05 08:06:21,209 [INFO] pynetdicom._handlers - Received Store Request
2026-10-05 08:06:21,209 [DEBUG] pynetdicom._handlers - ========================== INCOMING DIMSE MESSAGE ==========================
2026-10-05 08:06:21,209 [DEBUG] pynetdicom._handlers - Message Type                  : C-STORE RQ
2026-10-05 08:06:21,209 [DEBUG] pynetdicom._handlers - Presentation Context ID       : 21
2026-10-05 08:06:21,210 [DEBUG] pynetdicom._handlers - Message ID                    : 2013
2026-10-05 08:06:21,210 [DEBUG] pynetdicom._handlers - Affected SOP Class UID        : CT Image Storage
2026-10-05 08:06:21,210 [DEBUG] pynetdicom._handlers - Affected SOP Instance UID     : 1.3.12.2.1107.5.1.7.123161.30000024073109044472200003648
2026-10-05 08:06:21,210 [DEBUG] pynetdicom._handlers - Data Set                      : Present
2026-10-05 08:06:21,210 [DEBUG] pynetdicom._handlers - Priority                      : Medium
2026-10-05 08:06:21,210 [DEBUG] pynetdicom._handlers - ============================ END DIMSE MESSAGE =============================
2026-10-05 08:06:21,212 [DEBUG] pynetdicom.dsutils - pydicom.read_dataset() TransferSyntax="Little Endian Implicit"
2026-10-05 08:06:21,216 [INFO] HealthPACS - Utility: Directory esistente verificata: G:\ArchiveRoot\1.2.840.113619.2.1075997
2026-10-05 08:06:21,218 [INFO] HealthPACS - Utility: Directory esistente verificata: G:\ArchiveRoot\1.2.840.113619.2.1075997\1.3.12.2.1107.5.1.7.123161.30000024073109044472200000734
2026-10-05 08:06:21,222 [INFO] HealthPACS - [InstancesRepo] Creata nuova istanza [SOP: 1.3.12.2.1107.5.1.7.123161.30000024073109044472200003648]
2026-10-05 08:06:21,227 [INFO] HealthPACS - C-STORE: Salvata Istanza [ID: 6111, SOP: 1.3.12.2.1107.5.1.7.123161.30000024073109044472200003648] | Dim: 528812 B | Path: G:\ArchiveRoot\1.2.840.113619.2.1075997\1.3.12.2.1107.5.1.7.123161.30000024073109044472200000734\1.3.12.2.1107.5.1.7.123161.30000024073109044472200003648.dcm
2026-10-05 08:06:21,426 [DEBUG] pynetdicom.dsutils - pydicom.read_dataset() TransferSyntax="Little Endian Implicit"
2026-10-05 08:06:21,436 [INFO] pynetdicom._handlers - Received Store Request
2026-10-05 08:06:21,436 [DEBUG] pynetdicom._handlers - ========================== INCOMING DIMSE MESSAGE ==========================
2026-10-05 08:06:21,437 [DEBUG] pynetdicom._handlers - Message Type                  : C-STORE RQ
2026-10-05 08:06:21,437 [DEBUG] pynetdicom._handlers - Presentation Context ID       : 21
2026-10-05 08:06:21,437 [DEBUG] pynetdicom._handlers - Message ID                    : 2014
2026-10-05 08:06:21,437 [DEBUG] pynetdicom._handlers - Affected SOP Class UID        : CT Image Storage
2026-10-05 08:06:21,437 [DEBUG] pynetdicom._handlers - Affected SOP Instance UID     : 1.3.12.2.1107.5.1.7.123161.30000024073109044472200003649
2026-10-05 08:06:21,437 [DEBUG] pynetdicom._handlers - Data Set                      : Present
2026-10-05 08:06:21,437 [DEBUG] pynetdicom._handlers - Priority                      : Medium
2026-10-05 08:06:21,437 [DEBUG] pynetdicom._handlers - ============================ END DIMSE MESSAGE =============================
2026-10-05 08:06:21,439 [DEBUG] pynetdicom.dsutils - pydicom.read_dataset() TransferSyntax="Little Endian Implicit"
2026-10-05 08:06:21,443 [INFO] HealthPACS - Utility: Directory esistente verificata: G:\ArchiveRoot\1.2.840.113619.2.1075997
2026-10-05 08:06:21,445 [INFO] HealthPACS - Utility: Directory esistente verificata: G:\ArchiveRoot\1.2.840.113619.2.1075997\1.3.12.2.1107.5.1.7.123161.30000024073109044472200000734
2026-10-05 08:06:21,448 [INFO] HealthPACS - [InstancesRepo] Creata nuova istanza [SOP: 1.3.12.2.1107.5.1.7.123161.30000024073109044472200003649]
2026-10-05 08:06:21,451 [INFO] HealthPACS - C-STORE: Salvata Istanza [ID: 6112, SOP: 1.3.12.2.1107.5.1.7.123161.30000024073109044472200003649] | Dim: 528812 B | Path: G:\ArchiveRoot\1.2.840.113619.2.1075997\1.3.12.2.1107.5.1.7.123161.30000024073109044472200000734\1.3.12.2.1107.5.1.7.123161.30000024073109044472200003649.dcm
2026-10-05 08:06:21,690 [DEBUG] pynetdicom.dsutils - pydicom.read_dataset() TransferSyntax="Little Endian Implicit"
2026-10-05 08:06:21,704 [INFO] pynetdicom._handlers - Received Store Request
2026-10-05 08:06:21,705 [DEBUG] pynetdicom._handlers - ========================== INCOMING DIMSE MESSAGE ==========================
2026-10-05 08:06:21,705 [DEBUG] pynetdicom._handlers - Message Type                  : C-STORE RQ
2026-10-05 08:06:21,705 [DEBUG] pynetdicom._handlers - Presentation Context ID       : 21
2026-10-05 08:06:21,705 [DEBUG] pynetdicom._handlers - Message ID                    : 2015
2026-10-05 08:06:21,706 [DEBUG] pynetdicom._handlers - Affected SOP Class UID        : CT Image Storage
2026-10-05 08:06:21,706 [DEBUG] pynetdicom._handlers - Affected SOP Instance UID     : 1.3.12.2.1107.5.1.7.123161.30000024073109044472200003650
2026-10-05 08:06:21,706 [DEBUG] pynetdicom._handlers - Data Set                      : Present
2026-10-05 08:06:21,706 [DEBUG] pynetdicom._handlers - Priority                      : Medium
2026-10-05 08:06:21,706 [DEBUG] pynetdicom._handlers - ============================ END DIMSE MESSAGE =============================
2026-10-05 08:06:21,708 [DEBUG] pynetdicom.dsutils - pydicom.read_dataset() TransferSyntax="Little Endian Implicit"
2026-10-05 08:06:21,712 [INFO] HealthPACS - Utility: Directory esistente verificata: G:\ArchiveRoot\1.2.840.113619.2.1075997
2026-10-05 08:06:21,713 [INFO] HealthPACS - Utility: Directory esistente verificata: G:\ArchiveRoot\1.2.840.113619.2.1075997\1.3.12.2.1107.5.1.7.123161.30000024073109044472200000734
2026-10-05 08:06:21,718 [INFO] HealthPACS - [InstancesRepo] Creata nuova istanza [SOP: 1.3.12.2.1107.5.1.7.123161.30000024073109044472200003650]
2026-10-05 08:06:21,722 [INFO] HealthPACS - C-STORE: Salvata Istanza [ID: 6113, SOP: 1.3.12.2.1107.5.1.7.123161.30000024073109044472200003650] | Dim: 528812 B | Path: G:\ArchiveRoot\1.2.840.113619.2.1075997\1.3.12.2.1107.5.1.7.123161.30000024073109044472200000734\1.3.12.2.1107.5.1.7.123161.30000024073109044472200003650.dcm
2026-10-05 08:06:21,767 [DEBUG] pynetdicom.dsutils - pydicom.read_dataset() TransferSyntax="Little Endian Implicit"
2026-10-05 08:06:21,775 [INFO] pynetdicom._handlers - Received Store Request
2026-10-05 08:06:21,775 [DEBUG] pynetdicom._handlers - ========================== INCOMING DIMSE MESSAGE ==========================
2026-10-05 08:06:21,775 [DEBUG] pynetdicom._handlers - Message Type                  : C-STORE RQ
2026-10-05 08:06:21,775 [DEBUG] pynetdicom._handlers - Presentation Context ID       : 21
2026-10-05 08:06:21,776 [DEBUG] pynetdicom._handlers - Message ID                    : 2016
2026-10-05 08:06:21,776 [DEBUG] pynetdicom._handlers - Affected SOP Class UID        : CT Image Storage
2026-10-05 08:06:21,776 [DEBUG] pynetdicom._handlers - Affected SOP Instance UID     : 1.3.12.2.1107.5.1.7.123161.30000024073109044472200003651
2026-10-05 08:06:21,776 [DEBUG] pynetdicom._handlers - Data Set                      : Present
2026-10-05 08:06:21,776 [DEBUG] pynetdicom._handlers - Priority                      : Medium
2026-10-05 08:06:21,776 [DEBUG] pynetdicom._handlers - ============================ END DIMSE MESSAGE =============================
2026-10-05 08:06:21,777 [DEBUG] pynetdicom.dsutils - pydicom.read_dataset() TransferSyntax="Little Endian Implicit"
2026-10-05 08:06:21,783 [INFO] HealthPACS - Utility: Directory esistente verificata: G:\ArchiveRoot\1.2.840.113619.2.1075997
2026-10-05 08:06:21,785 [INFO] HealthPACS - Utility: Directory esistente verificata: G:\ArchiveRoot\1.2.840.113619.2.1075997\1.3.12.2.1107.5.1.7.123161.30000024073109044472200000734
2026-10-05 08:06:21,790 [INFO] HealthPACS - [InstancesRepo] Creata nuova istanza [SOP: 1.3.12.2.1107.5.1.7.123161.30000024073109044472200003651]
2026-10-05 08:06:21,796 [INFO] HealthPACS - C-STORE: Salvata Istanza [ID: 6114, SOP: 1.3.12.2.1107.5.1.7.123161.30000024073109044472200003651] | Dim: 528812 B | Path: G:\ArchiveRoot\1.2.840.113619.2.1075997\1.3.12.2.1107.5.1.7.123161.30000024073109044472200000734\1.3.12.2.1107.5.1.7.123161.30000024073109044472200003651.dcm
2026-10-05 08:06:21,851 [DEBUG] pynetdicom.dsutils - pydicom.read_dataset() TransferSyntax="Little Endian Implicit"
2026-10-05 08:06:21,854 [INFO] pynetdicom._handlers - Received Store Request
2026-10-05 08:06:21,854 [DEBUG] pynetdicom._handlers - ========================== INCOMING DIMSE MESSAGE ==========================
2026-10-05 08:06:21,855 [DEBUG] pynetdicom._handlers - Message Type                  : C-STORE RQ
2026-10-05 08:06:21,855 [DEBUG] pynetdicom._handlers - Presentation Context ID       : 21
2026-10-05 08:06:21,856 [DEBUG] pynetdicom._handlers - Message ID                    : 2017
2026-10-05 08:06:21,856 [DEBUG] pynetdicom._handlers - Affected SOP Class UID        : CT Image Storage
2026-10-05 08:06:21,856 [DEBUG] pynetdicom._handlers - Affected SOP Instance UID     : 1.3.12.2.1107.5.1.7.123161.30000024073109044472200003652
2026-10-05 08:06:21,856 [DEBUG] pynetdicom._handlers - Data Set                      : Present
2026-10-05 08:06:21,857 [DEBUG] pynetdicom._handlers - Priority                      : Medium
2026-10-05 08:06:21,857 [DEBUG] pynetdicom._handlers - ============================ END DIMSE MESSAGE =============================
2026-10-05 08:06:21,858 [DEBUG] pynetdicom.dsutils - pydicom.read_dataset() TransferSyntax="Little Endian Implicit"
2026-10-05 08:06:21,862 [INFO] HealthPACS - Utility: Directory esistente verificata: G:\ArchiveRoot\1.2.840.113619.2.1075997
2026-10-05 08:06:21,864 [INFO] HealthPACS - Utility: Directory esistente verificata: G:\ArchiveRoot\1.2.840.113619.2.1075997\1.3.12.2.1107.5.1.7.123161.30000024073109044472200000734
2026-10-05 08:06:21,868 [INFO] HealthPACS - [InstancesRepo] Creata nuova istanza [SOP: 1.3.12.2.1107.5.1.7.123161.30000024073109044472200003652]
2026-10-05 08:06:21,871 [INFO] HealthPACS - C-STORE: Salvata Istanza [ID: 6115, SOP: 1.3.12.2.1107.5.1.7.123161.30000024073109044472200003652] | Dim: 528812 B | Path: G:\ArchiveRoot\1.2.840.113619.2.1075997\1.3.12.2.1107.5.1.7.123161.30000024073109044472200000734\1.3.12.2.1107.5.1.7.123161.30000024073109044472200003652.dcm
2026-10-05 08:06:21,981 [DEBUG] pynetdicom.dsutils - pydicom.read_dataset() TransferSyntax="Little Endian Implicit"
2026-10-05 08:06:21,993 [INFO] pynetdicom._handlers - Received Store Request
2026-10-05 08:06:21,993 [DEBUG] pynetdicom._handlers - ========================== INCOMING DIMSE MESSAGE ==========================
2026-10-05 08:06:21,994 [DEBUG] pynetdicom._handlers - Message Type                  : C-STORE RQ
2026-10-05 08:06:21,994 [DEBUG] pynetdicom._handlers - Presentation Context ID       : 21
2026-10-05 08:06:21,994 [DEBUG] pynetdicom._handlers - Message ID                    : 2018
2026-10-05 08:06:21,994 [DEBUG] pynetdicom._handlers - Affected SOP Class UID        : CT Image Storage
2026-10-05 08:06:21,994 [DEBUG] pynetdicom._handlers - Affected SOP Instance UID     : 1.3.12.2.1107.5.1.7.123161.30000024073109044472200003653
2026-10-05 08:06:21,994 [DEBUG] pynetdicom._handlers - Data Set                      : Present
2026-10-05 08:06:21,994 [DEBUG] pynetdicom._handlers - Priority                      : Medium
2026-10-05 08:06:21,994 [DEBUG] pynetdicom._handlers - ============================ END DIMSE MESSAGE =============================
2026-10-05 08:06:21,996 [DEBUG] pynetdicom.dsutils - pydicom.read_dataset() TransferSyntax="Little Endian Implicit"
2026-10-05 08:06:22,001 [INFO] HealthPACS - Utility: Directory esistente verificata: G:\ArchiveRoot\1.2.840.113619.2.1075997
2026-10-05 08:06:22,002 [INFO] HealthPACS - Utility: Directory esistente verificata: G:\ArchiveRoot\1.2.840.113619.2.1075997\1.3.12.2.1107.5.1.7.123161.30000024073109044472200000734
2026-10-05 08:06:22,005 [INFO] HealthPACS - [InstancesRepo] Creata nuova istanza [SOP: 1.3.12.2.1107.5.1.7.123161.30000024073109044472200003653]
2026-10-05 08:06:22,009 [INFO] HealthPACS - C-STORE: Salvata Istanza [ID: 6116, SOP: 1.3.12.2.1107.5.1.7.123161.30000024073109044472200003653] | Dim: 528812 B | Path: G:\ArchiveRoot\1.2.840.113619.2.1075997\1.3.12.2.1107.5.1.7.123161.30000024073109044472200000734\1.3.12.2.1107.5.1.7.123161.30000024073109044472200003653.dcm
2026-10-05 08:06:22,080 [DEBUG] pynetdicom.dsutils - pydicom.read_dataset() TransferSyntax="Little Endian Implicit"
2026-10-05 08:06:22,086 [INFO] pynetdicom._handlers - Received Store Request
2026-10-05 08:06:22,086 [DEBUG] pynetdicom._handlers - ========================== INCOMING DIMSE MESSAGE ==========================
2026-10-05 08:06:22,087 [DEBUG] pynetdicom._handlers - Message Type                  : C-STORE RQ
2026-10-05 08:06:22,087 [DEBUG] pynetdicom._handlers - Presentation Context ID       : 21
2026-10-05 08:06:22,087 [DEBUG] pynetdicom._handlers - Message ID                    : 2019
2026-10-05 08:06:22,088 [DEBUG] pynetdicom._handlers - Affected SOP Class UID        : CT Image Storage
2026-10-05 08:06:22,088 [DEBUG] pynetdicom._handlers - Affected SOP Instance UID     : 1.3.12.2.1107.5.1.7.123161.30000024073109044472200003654
2026-10-05 08:06:22,089 [DEBUG] pynetdicom._handlers - Data Set                      : Present
2026-10-05 08:06:22,089 [DEBUG] pynetdicom._handlers - Priority                      : Medium
2026-10-05 08:06:22,090 [DEBUG] pynetdicom._handlers - ============================ END DIMSE MESSAGE =============================
2026-10-05 08:06:22,091 [DEBUG] pynetdicom.dsutils - pydicom.read_dataset() TransferSyntax="Little Endian Implicit"
2026-10-05 08:06:22,095 [INFO] HealthPACS - Utility: Directory esistente verificata: G:\ArchiveRoot\1.2.840.113619.2.1075997
2026-10-05 08:06:22,097 [INFO] HealthPACS - Utility: Directory esistente verificata: G:\ArchiveRoot\1.2.840.113619.2.1075997\1.3.12.2.1107.5.1.7.123161.30000024073109044472200000734
2026-10-05 08:06:22,101 [INFO] HealthPACS - [InstancesRepo] Creata nuova istanza [SOP: 1.3.12.2.1107.5.1.7.123161.30000024073109044472200003654]
2026-10-05 08:06:22,105 [INFO] HealthPACS - C-STORE: Salvata Istanza [ID: 6117, SOP: 1.3.12.2.1107.5.1.7.123161.30000024073109044472200003654] | Dim: 528812 B | Path: G:\ArchiveRoot\1.2.840.113619.2.1075997\1.3.12.2.1107.5.1.7.123161.30000024073109044472200000734\1.3.12.2.1107.5.1.7.123161.30000024073109044472200003654.dcm
2026-10-05 08:06:22,173 [DEBUG] pynetdicom.dsutils - pydicom.read_dataset() TransferSyntax="Little Endian Implicit"
2026-10-05 08:06:22,179 [INFO] pynetdicom._handlers - Received Store Request
2026-10-05 08:06:22,179 [DEBUG] pynetdicom._handlers - ========================== INCOMING DIMSE MESSAGE ==========================
2026-10-05 08:06:22,180 [DEBUG] pynetdicom._handlers - Message Type                  : C-STORE RQ
2026-10-05 08:06:22,180 [DEBUG] pynetdicom._handlers - Presentation Context ID       : 21
2026-10-05 08:06:22,180 [DEBUG] pynetdicom._handlers - Message ID                    : 2020
2026-10-05 08:06:22,180 [DEBUG] pynetdicom._handlers - Affected SOP Class UID        : CT Image Storage
2026-10-05 08:06:22,180 [DEBUG] pynetdicom._handlers - Affected SOP Instance UID     : 1.3.12.2.1107.5.1.7.123161.30000024073109044472200003655
2026-10-05 08:06:22,180 [DEBUG] pynetdicom._handlers - Data Set                      : Present
2026-10-05 08:06:22,180 [DEBUG] pynetdicom._handlers - Priority                      : Medium
2026-10-05 08:06:22,181 [DEBUG] pynetdicom._handlers - ============================ END DIMSE MESSAGE =============================
2026-10-05 08:06:22,182 [DEBUG] pynetdicom.dsutils - pydicom.read_dataset() TransferSyntax="Little Endian Implicit"
2026-10-05 08:06:22,186 [INFO] HealthPACS - Utility: Directory esistente verificata: G:\ArchiveRoot\1.2.840.113619.2.1075997
2026-10-05 08:06:22,188 [INFO] HealthPACS - Utility: Directory esistente verificata: G:\ArchiveRoot\1.2.840.113619.2.1075997\1.3.12.2.1107.5.1.7.123161.30000024073109044472200000734
2026-10-05 08:06:22,193 [INFO] HealthPACS - [InstancesRepo] Creata nuova istanza [SOP: 1.3.12.2.1107.5.1.7.123161.30000024073109044472200003655]
2026-10-05 08:06:22,197 [INFO] HealthPACS - C-STORE: Salvata Istanza [ID: 6118, SOP: 1.3.12.2.1107.5.1.7.123161.30000024073109044472200003655] | Dim: 528812 B | Path: G:\ArchiveRoot\1.2.840.113619.2.1075997\1.3.12.2.1107.5.1.7.123161.30000024073109044472200000734\1.3.12.2.1107.5.1.7.123161.30000024073109044472200003655.dcm
2026-10-05 08:06:22,275 [DEBUG] pynetdicom.dsutils - pydicom.read_dataset() TransferSyntax="Little Endian Implicit"
2026-10-05 08:06:22,283 [INFO] pynetdicom._handlers - Received Store Request
2026-10-05 08:06:22,284 [DEBUG] pynetdicom._handlers - ========================== INCOMING DIMSE MESSAGE ==========================
2026-10-05 08:06:22,284 [DEBUG] pynetdicom._handlers - Message Type                  : C-STORE RQ
2026-10-05 08:06:22,284 [DEBUG] pynetdicom._handlers - Presentation Context ID       : 21
2026-10-05 08:06:22,285 [DEBUG] pynetdicom._handlers - Message ID                    : 2021
2026-10-05 08:06:22,285 [DEBUG] pynetdicom._handlers - Affected SOP Class UID        : CT Image Storage
2026-10-05 08:06:22,285 [DEBUG] pynetdicom._handlers - Affected SOP Instance UID     : 1.3.12.2.1107.5.1.7.123161.30000024073109044472200003656
2026-10-05 08:06:22,285 [DEBUG] pynetdicom._handlers - Data Set                      : Present
2026-10-05 08:06:22,285 [DEBUG] pynetdicom._handlers - Priority                      : Medium
2026-10-05 08:06:22,286 [DEBUG] pynetdicom._handlers - ============================ END DIMSE MESSAGE =============================
2026-10-05 08:06:22,288 [DEBUG] pynetdicom.dsutils - pydicom.read_dataset() TransferSyntax="Little Endian Implicit"
2026-10-05 08:06:22,293 [INFO] HealthPACS - Utility: Directory esistente verificata: G:\ArchiveRoot\1.2.840.113619.2.1075997
2026-10-05 08:06:22,294 [INFO] HealthPACS - Utility: Directory esistente verificata: G:\ArchiveRoot\1.2.840.113619.2.1075997\1.3.12.2.1107.5.1.7.123161.30000024073109044472200000734
2026-10-05 08:06:22,299 [INFO] HealthPACS - [InstancesRepo] Creata nuova istanza [SOP: 1.3.12.2.1107.5.1.7.123161.30000024073109044472200003656]
2026-10-05 08:06:22,303 [INFO] HealthPACS - C-STORE: Salvata Istanza [ID: 6119, SOP: 1.3.12.2.1107.5.1.7.123161.30000024073109044472200003656] | Dim: 528812 B | Path: G:\ArchiveRoot\1.2.840.113619.2.1075997\1.3.12.2.1107.5.1.7.123161.30000024073109044472200000734\1.3.12.2.1107.5.1.7.123161.30000024073109044472200003656.dcm
2026-10-05 08:06:22,386 [DEBUG] pynetdicom.dsutils - pydicom.read_dataset() TransferSyntax="Little Endian Implicit"
2026-10-05 08:06:22,392 [INFO] pynetdicom._handlers - Received Store Request
2026-10-05 08:06:22,393 [DEBUG] pynetdicom._handlers - ========================== INCOMING DIMSE MESSAGE ==========================
2026-10-05 08:06:22,393 [DEBUG] pynetdicom._handlers - Message Type                  : C-STORE RQ
2026-10-05 08:06:22,393 [DEBUG] pynetdicom._handlers - Presentation Context ID       : 21
2026-10-05 08:06:22,393 [DEBUG] pynetdicom._handlers - Message ID                    : 2022
2026-10-05 08:06:22,393 [DEBUG] pynetdicom._handlers - Affected SOP Class UID        : CT Image Storage
2026-10-05 08:06:22,394 [DEBUG] pynetdicom._handlers - Affected SOP Instance UID     : 1.3.12.2.1107.5.1.7.123161.30000024073109044472200003657
2026-10-05 08:06:22,394 [DEBUG] pynetdicom._handlers - Data Set                      : Present
2026-10-05 08:06:22,394 [DEBUG] pynetdicom._handlers - Priority                      : Medium
2026-10-05 08:06:22,394 [DEBUG] pynetdicom._handlers - ============================ END DIMSE MESSAGE =============================
2026-10-05 08:06:22,395 [DEBUG] pynetdicom.dsutils - pydicom.read_dataset() TransferSyntax="Little Endian Implicit"
2026-10-05 08:06:22,400 [INFO] HealthPACS - Utility: Directory esistente verificata: G:\ArchiveRoot\1.2.840.113619.2.1075997
2026-10-05 08:06:22,403 [INFO] HealthPACS - Utility: Directory esistente verificata: G:\ArchiveRoot\1.2.840.113619.2.1075997\1.3.12.2.1107.5.1.7.123161.30000024073109044472200000734
2026-10-05 08:06:22,409 [INFO] HealthPACS - [InstancesRepo] Creata nuova istanza [SOP: 1.3.12.2.1107.5.1.7.123161.30000024073109044472200003657]
2026-10-05 08:06:22,413 [INFO] HealthPACS - C-STORE: Salvata Istanza [ID: 6120, SOP: 1.3.12.2.1107.5.1.7.123161.30000024073109044472200003657] | Dim: 528812 B | Path: G:\ArchiveRoot\1.2.840.113619.2.1075997\1.3.12.2.1107.5.1.7.123161.30000024073109044472200000734\1.3.12.2.1107.5.1.7.123161.30000024073109044472200003657.dcm
2026-10-05 08:06:22,519 [DEBUG] pynetdicom.dsutils - pydicom.read_dataset() TransferSyntax="Little Endian Implicit"
2026-10-05 08:06:22,526 [INFO] pynetdicom._handlers - Received Store Request
2026-10-05 08:06:22,526 [DEBUG] pynetdicom._handlers - ========================== INCOMING DIMSE MESSAGE ==========================
2026-10-05 08:06:22,527 [DEBUG] pynetdicom._handlers - Message Type                  : C-STORE RQ
2026-10-05 08:06:22,527 [DEBUG] pynetdicom._handlers - Presentation Context ID       : 21
2026-10-05 08:06:22,527 [DEBUG] pynetdicom._handlers - Message ID                    : 2023
2026-10-05 08:06:22,527 [DEBUG] pynetdicom._handlers - Affected SOP Class UID        : CT Image Storage
2026-10-05 08:06:22,527 [DEBUG] pynetdicom._handlers - Affected SOP Instance UID     : 1.3.12.2.1107.5.1.7.123161.30000024073109044472200002651
2026-10-05 08:06:22,527 [DEBUG] pynetdicom._handlers - Data Set                      : Present
2026-10-05 08:06:22,528 [DEBUG] pynetdicom._handlers - Priority                      : Medium
2026-10-05 08:06:22,528 [DEBUG] pynetdicom._handlers - ============================ END DIMSE MESSAGE =============================
2026-10-05 08:06:22,529 [DEBUG] pynetdicom.dsutils - pydicom.read_dataset() TransferSyntax="Little Endian Implicit"
2026-10-05 08:06:22,534 [INFO] HealthPACS - Utility: Directory esistente verificata: G:\ArchiveRoot\1.2.840.113619.2.1075997
2026-10-05 08:06:22,535 [INFO] HealthPACS - Utility: Directory esistente verificata: G:\ArchiveRoot\1.2.840.113619.2.1075997\1.3.12.2.1107.5.1.7.123161.30000024073109044472200000734
2026-10-05 08:06:22,540 [INFO] HealthPACS - [InstancesRepo] Creata nuova istanza [SOP: 1.3.12.2.1107.5.1.7.123161.30000024073109044472200002651]
2026-10-05 08:06:22,545 [INFO] HealthPACS - C-STORE: Salvata Istanza [ID: 6121, SOP: 1.3.12.2.1107.5.1.7.123161.30000024073109044472200002651] | Dim: 528820 B | Path: G:\ArchiveRoot\1.2.840.113619.2.1075997\1.3.12.2.1107.5.1.7.123161.30000024073109044472200000734\1.3.12.2.1107.5.1.7.123161.30000024073109044472200002651.dcm
2026-10-05 08:06:22,642 [DEBUG] pynetdicom.dsutils - pydicom.read_dataset() TransferSyntax="Little Endian Implicit"
2026-10-05 08:06:22,649 [INFO] pynetdicom._handlers - Received Store Request
2026-10-05 08:06:22,649 [DEBUG] pynetdicom._handlers - ========================== INCOMING DIMSE MESSAGE ==========================
2026-10-05 08:06:22,649 [DEBUG] pynetdicom._handlers - Message Type                  : C-STORE RQ
2026-10-05 08:06:22,649 [DEBUG] pynetdicom._handlers - Presentation Context ID       : 21
2026-10-05 08:06:22,649 [DEBUG] pynetdicom._handlers - Message ID                    : 2024
2026-10-05 08:06:22,649 [DEBUG] pynetdicom._handlers - Affected SOP Class UID        : CT Image Storage
2026-10-05 08:06:22,649 [DEBUG] pynetdicom._handlers - Affected SOP Instance UID     : 1.3.12.2.1107.5.1.7.123161.30000024073109044472200003658
2026-10-05 08:06:22,649 [DEBUG] pynetdicom._handlers - Data Set                      : Present
2026-10-05 08:06:22,649 [DEBUG] pynetdicom._handlers - Priority                      : Medium
2026-10-05 08:06:22,649 [DEBUG] pynetdicom._handlers - ============================ END DIMSE MESSAGE =============================
2026-10-05 08:06:22,651 [DEBUG] pynetdicom.dsutils - pydicom.read_dataset() TransferSyntax="Little Endian Implicit"
2026-10-05 08:06:22,657 [INFO] HealthPACS - Utility: Directory esistente verificata: G:\ArchiveRoot\1.2.840.113619.2.1075997
2026-10-05 08:06:22,659 [INFO] HealthPACS - Utility: Directory esistente verificata: G:\ArchiveRoot\1.2.840.113619.2.1075997\1.3.12.2.1107.5.1.7.123161.30000024073109044472200000734
2026-10-05 08:06:22,664 [INFO] HealthPACS - [InstancesRepo] Creata nuova istanza [SOP: 1.3.12.2.1107.5.1.7.123161.30000024073109044472200003658]
2026-10-05 08:06:22,668 [INFO] HealthPACS - C-STORE: Salvata Istanza [ID: 6122, SOP: 1.3.12.2.1107.5.1.7.123161.30000024073109044472200003658] | Dim: 528812 B | Path: G:\ArchiveRoot\1.2.840.113619.2.1075997\1.3.12.2.1107.5.1.7.123161.30000024073109044472200000734\1.3.12.2.1107.5.1.7.123161.30000024073109044472200003658.dcm
2026-10-05 08:06:22,773 [DEBUG] pynetdicom.dsutils - pydicom.read_dataset() TransferSyntax="Little Endian Implicit"
2026-10-05 08:06:22,785 [INFO] pynetdicom._handlers - Received Store Request
2026-10-05 08:06:22,786 [DEBUG] pynetdicom._handlers - ========================== INCOMING DIMSE MESSAGE ==========================
2026-10-05 08:06:22,786 [DEBUG] pynetdicom._handlers - Message Type                  : C-STORE RQ
2026-10-05 08:06:22,786 [DEBUG] pynetdicom._handlers - Presentation Context ID       : 21
2026-10-05 08:06:22,786 [DEBUG] pynetdicom._handlers - Message ID                    : 2025
2026-10-05 08:06:22,786 [DEBUG] pynetdicom._handlers - Affected SOP Class UID        : CT Image Storage
2026-10-05 08:06:22,786 [DEBUG] pynetdicom._handlers - Affected SOP Instance UID     : 1.3.12.2.1107.5.1.7.123161.30000024073109044472200003659
2026-10-05 08:06:22,786 [DEBUG] pynetdicom._handlers - Data Set                      : Present
2026-10-05 08:06:22,786 [DEBUG] pynetdicom._handlers - Priority                      : Medium
2026-10-05 08:06:22,787 [DEBUG] pynetdicom._handlers - ============================ END DIMSE MESSAGE =============================
2026-10-05 08:06:22,788 [DEBUG] pynetdicom.dsutils - pydicom.read_dataset() TransferSyntax="Little Endian Implicit"
2026-10-05 08:06:22,792 [INFO] HealthPACS - Utility: Directory esistente verificata: G:\ArchiveRoot\1.2.840.113619.2.1075997
2026-10-05 08:06:22,793 [INFO] HealthPACS - Utility: Directory esistente verificata: G:\ArchiveRoot\1.2.840.113619.2.1075997\1.3.12.2.1107.5.1.7.123161.30000024073109044472200000734
2026-10-05 08:06:22,798 [INFO] HealthPACS - [InstancesRepo] Creata nuova istanza [SOP: 1.3.12.2.1107.5.1.7.123161.30000024073109044472200003659]
2026-10-05 08:06:22,802 [INFO] HealthPACS - C-STORE: Salvata Istanza [ID: 6123, SOP: 1.3.12.2.1107.5.1.7.123161.30000024073109044472200003659] | Dim: 528812 B | Path: G:\ArchiveRoot\1.2.840.113619.2.1075997\1.3.12.2.1107.5.1.7.123161.30000024073109044472200000734\1.3.12.2.1107.5.1.7.123161.30000024073109044472200003659.dcm
2026-10-05 08:06:22,940 [DEBUG] pynetdicom.dsutils - pydicom.read_dataset() TransferSyntax="Little Endian Implicit"
2026-10-05 08:06:22,953 [INFO] pynetdicom._handlers - Received Store Request
2026-10-05 08:06:22,953 [DEBUG] pynetdicom._handlers - ========================== INCOMING DIMSE MESSAGE ==========================
2026-10-05 08:06:22,954 [DEBUG] pynetdicom._handlers - Message Type                  : C-STORE RQ
2026-10-05 08:06:22,954 [DEBUG] pynetdicom._handlers - Presentation Context ID       : 21
2026-10-05 08:06:22,954 [DEBUG] pynetdicom._handlers - Message ID                    : 2026
2026-10-05 08:06:22,954 [DEBUG] pynetdicom._handlers - Affected SOP Class UID        : CT Image Storage
2026-10-05 08:06:22,954 [DEBUG] pynetdicom._handlers - Affected SOP Instance UID     : 1.3.12.2.1107.5.1.7.123161.30000024073109044472200003660
2026-10-05 08:06:22,954 [DEBUG] pynetdicom._handlers - Data Set                      : Present
2026-10-05 08:06:22,954 [DEBUG] pynetdicom._handlers - Priority                      : Medium
2026-10-05 08:06:22,954 [DEBUG] pynetdicom._handlers - ============================ END DIMSE MESSAGE =============================
2026-10-05 08:06:22,955 [DEBUG] pynetdicom.dsutils - pydicom.read_dataset() TransferSyntax="Little Endian Implicit"
2026-10-05 08:06:22,959 [INFO] HealthPACS - Utility: Directory esistente verificata: G:\ArchiveRoot\1.2.840.113619.2.1075997
2026-10-05 08:06:22,961 [INFO] HealthPACS - Utility: Directory esistente verificata: G:\ArchiveRoot\1.2.840.113619.2.1075997\1.3.12.2.1107.5.1.7.123161.30000024073109044472200000734
2026-10-05 08:06:22,965 [INFO] HealthPACS - [InstancesRepo] Creata nuova istanza [SOP: 1.3.12.2.1107.5.1.7.123161.30000024073109044472200003660]
2026-10-05 08:06:22,967 [INFO] HealthPACS - C-STORE: Salvata Istanza [ID: 6124, SOP: 1.3.12.2.1107.5.1.7.123161.30000024073109044472200003660] | Dim: 528812 B | Path: G:\ArchiveRoot\1.2.840.113619.2.1075997\1.3.12.2.1107.5.1.7.123161.30000024073109044472200000734\1.3.12.2.1107.5.1.7.123161.30000024073109044472200003660.dcm
2026-10-05 08:06:23,086 [DEBUG] pynetdicom.dsutils - pydicom.read_dataset() TransferSyntax="Little Endian Implicit"
2026-10-05 08:06:23,091 [INFO] pynetdicom._handlers - Received Store Request
2026-10-05 08:06:23,092 [DEBUG] pynetdicom._handlers - ========================== INCOMING DIMSE MESSAGE ==========================
2026-10-05 08:06:23,092 [DEBUG] pynetdicom._handlers - Message Type                  : C-STORE RQ
2026-10-05 08:06:23,092 [DEBUG] pynetdicom._handlers - Presentation Context ID       : 21
2026-10-05 08:06:23,092 [DEBUG] pynetdicom._handlers - Message ID                    : 2027
2026-10-05 08:06:23,092 [DEBUG] pynetdicom._handlers - Affected SOP Class UID        : CT Image Storage
2026-10-05 08:06:23,092 [DEBUG] pynetdicom._handlers - Affected SOP Instance UID     : 1.3.12.2.1107.5.1.7.123161.30000024073109044472200003661
2026-10-05 08:06:23,093 [DEBUG] pynetdicom._handlers - Data Set                      : Present
2026-10-05 08:06:23,093 [DEBUG] pynetdicom._handlers - Priority                      : Medium
2026-10-05 08:06:23,093 [DEBUG] pynetdicom._handlers - ============================ END DIMSE MESSAGE =============================
2026-10-05 08:06:23,094 [DEBUG] pynetdicom.dsutils - pydicom.read_dataset() TransferSyntax="Little Endian Implicit"
2026-10-05 08:06:23,097 [INFO] HealthPACS - Utility: Directory esistente verificata: G:\ArchiveRoot\1.2.840.113619.2.1075997
2026-10-05 08:06:23,099 [INFO] HealthPACS - Utility: Directory esistente verificata: G:\ArchiveRoot\1.2.840.113619.2.1075997\1.3.12.2.1107.5.1.7.123161.30000024073109044472200000734
2026-10-05 08:06:23,103 [INFO] HealthPACS - [InstancesRepo] Creata nuova istanza [SOP: 1.3.12.2.1107.5.1.7.123161.30000024073109044472200003661]
2026-10-05 08:06:23,107 [INFO] HealthPACS - C-STORE: Salvata Istanza [ID: 6125, SOP: 1.3.12.2.1107.5.1.7.123161.30000024073109044472200003661] | Dim: 528812 B | Path: G:\ArchiveRoot\1.2.840.113619.2.1075997\1.3.12.2.1107.5.1.7.123161.30000024073109044472200000734\1.3.12.2.1107.5.1.7.123161.30000024073109044472200003661.dcm
2026-10-05 08:06:23,252 [DEBUG] pynetdicom.dsutils - pydicom.read_dataset() TransferSyntax="Little Endian Implicit"
2026-10-05 08:06:23,258 [INFO] pynetdicom._handlers - Received Store Request
2026-10-05 08:06:23,259 [DEBUG] pynetdicom._handlers - ========================== INCOMING DIMSE MESSAGE ==========================
2026-10-05 08:06:23,259 [DEBUG] pynetdicom._handlers - Message Type                  : C-STORE RQ
2026-10-05 08:06:23,259 [DEBUG] pynetdicom._handlers - Presentation Context ID       : 21
2026-10-05 08:06:23,259 [DEBUG] pynetdicom._handlers - Message ID                    : 2028
2026-10-05 08:06:23,260 [DEBUG] pynetdicom._handlers - Affected SOP Class UID        : CT Image Storage
2026-10-05 08:06:23,260 [DEBUG] pynetdicom._handlers - Affected SOP Instance UID     : 1.3.12.2.1107.5.1.7.123161.30000024073109044472200003662
2026-10-05 08:06:23,260 [DEBUG] pynetdicom._handlers - Data Set                      : Present
2026-10-05 08:06:23,260 [DEBUG] pynetdicom._handlers - Priority                      : Medium
2026-10-05 08:06:23,260 [DEBUG] pynetdicom._handlers - ============================ END DIMSE MESSAGE =============================
2026-10-05 08:06:23,261 [DEBUG] pynetdicom.dsutils - pydicom.read_dataset() TransferSyntax="Little Endian Implicit"
2026-10-05 08:06:23,265 [INFO] HealthPACS - Utility: Directory esistente verificata: G:\ArchiveRoot\1.2.840.113619.2.1075997
2026-10-05 08:06:23,267 [INFO] HealthPACS - Utility: Directory esistente verificata: G:\ArchiveRoot\1.2.840.113619.2.1075997\1.3.12.2.1107.5.1.7.123161.30000024073109044472200000734
2026-10-05 08:06:23,271 [INFO] HealthPACS - [InstancesRepo] Creata nuova istanza [SOP: 1.3.12.2.1107.5.1.7.123161.30000024073109044472200003662]
2026-10-05 08:06:23,274 [INFO] HealthPACS - C-STORE: Salvata Istanza [ID: 6126, SOP: 1.3.12.2.1107.5.1.7.123161.30000024073109044472200003662] | Dim: 528812 B | Path: G:\ArchiveRoot\1.2.840.113619.2.1075997\1.3.12.2.1107.5.1.7.123161.30000024073109044472200000734\1.3.12.2.1107.5.1.7.123161.30000024073109044472200003662.dcm
2026-10-05 08:06:23,427 [DEBUG] pynetdicom.dsutils - pydicom.read_dataset() TransferSyntax="Little Endian Implicit"
2026-10-05 08:06:23,435 [INFO] pynetdicom._handlers - Received Store Request
2026-10-05 08:06:23,436 [DEBUG] pynetdicom._handlers - ========================== INCOMING DIMSE MESSAGE ==========================
2026-10-05 08:06:23,436 [DEBUG] pynetdicom._handlers - Message Type                  : C-STORE RQ
2026-10-05 08:06:23,436 [DEBUG] pynetdicom._handlers - Presentation Context ID       : 21
2026-10-05 08:06:23,436 [DEBUG] pynetdicom._handlers - Message ID                    : 2029
2026-10-05 08:06:23,436 [DEBUG] pynetdicom._handlers - Affected SOP Class UID        : CT Image Storage
2026-10-05 08:06:23,437 [DEBUG] pynetdicom._handlers - Affected SOP Instance UID     : 1.3.12.2.1107.5.1.7.123161.30000024073109044472200003663
2026-10-05 08:06:23,437 [DEBUG] pynetdicom._handlers - Data Set                      : Present
2026-10-05 08:06:23,437 [DEBUG] pynetdicom._handlers - Priority                      : Medium
2026-10-05 08:06:23,437 [DEBUG] pynetdicom._handlers - ============================ END DIMSE MESSAGE =============================
2026-10-05 08:06:23,438 [DEBUG] pynetdicom.dsutils - pydicom.read_dataset() TransferSyntax="Little Endian Implicit"
2026-10-05 08:06:23,443 [INFO] HealthPACS - Utility: Directory esistente verificata: G:\ArchiveRoot\1.2.840.113619.2.1075997
2026-10-05 08:06:23,445 [INFO] HealthPACS - Utility: Directory esistente verificata: G:\ArchiveRoot\1.2.840.113619.2.1075997\1.3.12.2.1107.5.1.7.123161.30000024073109044472200000734
2026-10-05 08:06:23,450 [INFO] HealthPACS - [InstancesRepo] Creata nuova istanza [SOP: 1.3.12.2.1107.5.1.7.123161.30000024073109044472200003663]
2026-10-05 08:06:23,455 [INFO] HealthPACS - C-STORE: Salvata Istanza [ID: 6127, SOP: 1.3.12.2.1107.5.1.7.123161.30000024073109044472200003663] | Dim: 528812 B | Path: G:\ArchiveRoot\1.2.840.113619.2.1075997\1.3.12.2.1107.5.1.7.123161.30000024073109044472200000734\1.3.12.2.1107.5.1.7.123161.30000024073109044472200003663.dcm
2026-10-05 08:06:23,615 [DEBUG] pynetdicom.dsutils - pydicom.read_dataset() TransferSyntax="Little Endian Implicit"
2026-10-05 08:06:23,628 [INFO] pynetdicom._handlers - Received Store Request
2026-10-05 08:06:23,628 [DEBUG] pynetdicom._handlers - ========================== INCOMING DIMSE MESSAGE ==========================
2026-10-05 08:06:23,628 [DEBUG] pynetdicom._handlers - Message Type                  : C-STORE RQ
2026-10-05 08:06:23,629 [DEBUG] pynetdicom._handlers - Presentation Context ID       : 21
2026-10-05 08:06:23,629 [DEBUG] pynetdicom._handlers - Message ID                    : 2030
2026-10-05 08:06:23,629 [DEBUG] pynetdicom._handlers - Affected SOP Class UID        : CT Image Storage
2026-10-05 08:06:23,629 [DEBUG] pynetdicom._handlers - Affected SOP Instance UID     : 1.3.12.2.1107.5.1.7.123161.30000024073109044472200003664
2026-10-05 08:06:23,630 [DEBUG] pynetdicom._handlers - Data Set                      : Present
2026-10-05 08:06:23,637 [DEBUG] pynetdicom._handlers - Priority                      : Medium
2026-10-05 08:06:23,641 [DEBUG] pynetdicom._handlers - ============================ END DIMSE MESSAGE =============================
2026-10-05 08:06:23,648 [DEBUG] pynetdicom.dsutils - pydicom.read_dataset() TransferSyntax="Little Endian Implicit"
2026-10-05 08:06:23,654 [INFO] HealthPACS - Utility: Directory esistente verificata: G:\ArchiveRoot\1.2.840.113619.2.1075997
2026-10-05 08:06:23,657 [INFO] HealthPACS - Utility: Directory esistente verificata: G:\ArchiveRoot\1.2.840.113619.2.1075997\1.3.12.2.1107.5.1.7.123161.30000024073109044472200000734
2026-10-05 08:06:23,665 [INFO] HealthPACS - [InstancesRepo] Creata nuova istanza [SOP: 1.3.12.2.1107.5.1.7.123161.30000024073109044472200003664]
2026-10-05 08:06:23,687 [INFO] HealthPACS - C-STORE: Salvata Istanza [ID: 6128, SOP: 1.3.12.2.1107.5.1.7.123161.30000024073109044472200003664] | Dim: 528812 B | Path: G:\ArchiveRoot\1.2.840.113619.2.1075997\1.3.12.2.1107.5.1.7.123161.30000024073109044472200000734\1.3.12.2.1107.5.1.7.123161.30000024073109044472200003664.dcm
2026-10-05 08:06:23,895 [DEBUG] pynetdicom.dsutils - pydicom.read_dataset() TransferSyntax="Little Endian Implicit"
2026-10-05 08:06:23,904 [INFO] pynetdicom._handlers - Received Store Request
2026-10-05 08:06:23,905 [DEBUG] pynetdicom._handlers - ========================== INCOMING DIMSE MESSAGE ==========================
2026-10-05 08:06:23,905 [DEBUG] pynetdicom._handlers - Message Type                  : C-STORE RQ
2026-10-05 08:06:23,905 [DEBUG] pynetdicom._handlers - Presentation Context ID       : 21
2026-10-05 08:06:23,905 [DEBUG] pynetdicom._handlers - Message ID                    : 2031
2026-10-05 08:06:23,905 [DEBUG] pynetdicom._handlers - Affected SOP Class UID        : CT Image Storage
2026-10-05 08:06:23,905 [DEBUG] pynetdicom._handlers - Affected SOP Instance UID     : 1.3.12.2.1107.5.1.7.123161.30000024073109044472200003665
2026-10-05 08:06:23,906 [DEBUG] pynetdicom._handlers - Data Set                      : Present
2026-10-05 08:06:23,906 [DEBUG] pynetdicom._handlers - Priority                      : Medium
2026-10-05 08:06:23,906 [DEBUG] pynetdicom._handlers - ============================ END DIMSE MESSAGE =============================
2026-10-05 08:06:23,907 [DEBUG] pynetdicom.dsutils - pydicom.read_dataset() TransferSyntax="Little Endian Implicit"
2026-10-05 08:06:23,911 [INFO] HealthPACS - Utility: Directory esistente verificata: G:\ArchiveRoot\1.2.840.113619.2.1075997
2026-10-05 08:06:23,912 [INFO] HealthPACS - Utility: Directory esistente verificata: G:\ArchiveRoot\1.2.840.113619.2.1075997\1.3.12.2.1107.5.1.7.123161.30000024073109044472200000734
2026-10-05 08:06:23,915 [INFO] HealthPACS - [InstancesRepo] Creata nuova istanza [SOP: 1.3.12.2.1107.5.1.7.123161.30000024073109044472200003665]
2026-10-05 08:06:23,918 [INFO] HealthPACS - C-STORE: Salvata Istanza [ID: 6129, SOP: 1.3.12.2.1107.5.1.7.123161.30000024073109044472200003665] | Dim: 528812 B | Path: G:\ArchiveRoot\1.2.840.113619.2.1075997\1.3.12.2.1107.5.1.7.123161.30000024073109044472200000734\1.3.12.2.1107.5.1.7.123161.30000024073109044472200003665.dcm
2026-10-05 08:06:24,090 [DEBUG] pynetdicom.dsutils - pydicom.read_dataset() TransferSyntax="Little Endian Implicit"
2026-10-05 08:06:24,097 [INFO] pynetdicom._handlers - Received Store Request
2026-10-05 08:06:24,097 [DEBUG] pynetdicom._handlers - ========================== INCOMING DIMSE MESSAGE ==========================
2026-10-05 08:06:24,097 [DEBUG] pynetdicom._handlers - Message Type                  : C-STORE RQ
2026-10-05 08:06:24,098 [DEBUG] pynetdicom._handlers - Presentation Context ID       : 21
2026-10-05 08:06:24,098 [DEBUG] pynetdicom._handlers - Message ID                    : 2032
2026-10-05 08:06:24,098 [DEBUG] pynetdicom._handlers - Affected SOP Class UID        : CT Image Storage
2026-10-05 08:06:24,098 [DEBUG] pynetdicom._handlers - Affected SOP Instance UID     : 1.3.12.2.1107.5.1.7.123161.30000024073109044472200003666
2026-10-05 08:06:24,098 [DEBUG] pynetdicom._handlers - Data Set                      : Present
2026-10-05 08:06:24,098 [DEBUG] pynetdicom._handlers - Priority                      : Medium
2026-10-05 08:06:24,098 [DEBUG] pynetdicom._handlers - ============================ END DIMSE MESSAGE =============================
2026-10-05 08:06:24,098 [DEBUG] pynetdicom.dsutils - pydicom.read_dataset() TransferSyntax="Little Endian Implicit"
2026-10-05 08:06:24,102 [INFO] HealthPACS - Utility: Directory esistente verificata: G:\ArchiveRoot\1.2.840.113619.2.1075997
2026-10-05 08:06:24,104 [INFO] HealthPACS - Utility: Directory esistente verificata: G:\ArchiveRoot\1.2.840.113619.2.1075997\1.3.12.2.1107.5.1.7.123161.30000024073109044472200000734
2026-10-05 08:06:24,108 [INFO] HealthPACS - [InstancesRepo] Creata nuova istanza [SOP: 1.3.12.2.1107.5.1.7.123161.30000024073109044472200003666]
2026-10-05 08:06:24,111 [INFO] HealthPACS - C-STORE: Salvata Istanza [ID: 6130, SOP: 1.3.12.2.1107.5.1.7.123161.30000024073109044472200003666] | Dim: 528812 B | Path: G:\ArchiveRoot\1.2.840.113619.2.1075997\1.3.12.2.1107.5.1.7.123161.30000024073109044472200000734\1.3.12.2.1107.5.1.7.123161.30000024073109044472200003666.dcm
2026-10-05 08:06:24,242 [DEBUG] pynetdicom.dsutils - pydicom.read_dataset() TransferSyntax="Little Endian Implicit"
2026-10-05 08:06:24,248 [INFO] pynetdicom._handlers - Received Store Request
2026-10-05 08:06:24,249 [DEBUG] pynetdicom._handlers - ========================== INCOMING DIMSE MESSAGE ==========================
2026-10-05 08:06:24,249 [DEBUG] pynetdicom._handlers - Message Type                  : C-STORE RQ
2026-10-05 08:06:24,249 [DEBUG] pynetdicom._handlers - Presentation Context ID       : 21
2026-10-05 08:06:24,249 [DEBUG] pynetdicom._handlers - Message ID                    : 2033
2026-10-05 08:06:24,249 [DEBUG] pynetdicom._handlers - Affected SOP Class UID        : CT Image Storage
2026-10-05 08:06:24,249 [DEBUG] pynetdicom._handlers - Affected SOP Instance UID     : 1.3.12.2.1107.5.1.7.123161.30000024073109044472200003667
2026-10-05 08:06:24,249 [DEBUG] pynetdicom._handlers - Data Set                      : Present
2026-10-05 08:06:24,249 [DEBUG] pynetdicom._handlers - Priority                      : Medium
2026-10-05 08:06:24,249 [DEBUG] pynetdicom._handlers - ============================ END DIMSE MESSAGE =============================
2026-10-05 08:06:24,251 [DEBUG] pynetdicom.dsutils - pydicom.read_dataset() TransferSyntax="Little Endian Implicit"
2026-10-05 08:06:24,255 [INFO] HealthPACS - Utility: Directory esistente verificata: G:\ArchiveRoot\1.2.840.113619.2.1075997
2026-10-05 08:06:24,257 [INFO] HealthPACS - Utility: Directory esistente verificata: G:\ArchiveRoot\1.2.840.113619.2.1075997\1.3.12.2.1107.5.1.7.123161.30000024073109044472200000734
2026-10-05 08:06:24,262 [INFO] HealthPACS - [InstancesRepo] Creata nuova istanza [SOP: 1.3.12.2.1107.5.1.7.123161.30000024073109044472200003667]
2026-10-05 08:06:24,266 [INFO] HealthPACS - C-STORE: Salvata Istanza [ID: 6131, SOP: 1.3.12.2.1107.5.1.7.123161.30000024073109044472200003667] | Dim: 528812 B | Path: G:\ArchiveRoot\1.2.840.113619.2.1075997\1.3.12.2.1107.5.1.7.123161.30000024073109044472200000734\1.3.12.2.1107.5.1.7.123161.30000024073109044472200003667.dcm
2026-10-05 08:06:24,307 [DEBUG] pynetdicom.dsutils - pydicom.read_dataset() TransferSyntax="Little Endian Implicit"
2026-10-05 08:06:24,313 [INFO] pynetdicom._handlers - Received Store Request
2026-10-05 08:06:24,314 [DEBUG] pynetdicom._handlers - ========================== INCOMING DIMSE MESSAGE ==========================
2026-10-05 08:06:24,314 [DEBUG] pynetdicom._handlers - Message Type                  : C-STORE RQ
2026-10-05 08:06:24,314 [DEBUG] pynetdicom._handlers - Presentation Context ID       : 21
2026-10-05 08:06:24,314 [DEBUG] pynetdicom._handlers - Message ID                    : 2034
2026-10-05 08:06:24,314 [DEBUG] pynetdicom._handlers - Affected SOP Class UID        : CT Image Storage
2026-10-05 08:06:24,314 [DEBUG] pynetdicom._handlers - Affected SOP Instance UID     : 1.3.12.2.1107.5.1.7.123161.30000024073109044472200002652
2026-10-05 08:06:24,314 [DEBUG] pynetdicom._handlers - Data Set                      : Present
2026-10-05 08:06:24,315 [DEBUG] pynetdicom._handlers - Priority                      : Medium
2026-10-05 08:06:24,315 [DEBUG] pynetdicom._handlers - ============================ END DIMSE MESSAGE =============================
2026-10-05 08:06:24,317 [DEBUG] pynetdicom.dsutils - pydicom.read_dataset() TransferSyntax="Little Endian Implicit"
2026-10-05 08:06:24,321 [INFO] HealthPACS - Utility: Directory esistente verificata: G:\ArchiveRoot\1.2.840.113619.2.1075997
2026-10-05 08:06:24,323 [INFO] HealthPACS - Utility: Directory esistente verificata: G:\ArchiveRoot\1.2.840.113619.2.1075997\1.3.12.2.1107.5.1.7.123161.30000024073109044472200000734
2026-10-05 08:06:24,328 [INFO] HealthPACS - [InstancesRepo] Creata nuova istanza [SOP: 1.3.12.2.1107.5.1.7.123161.30000024073109044472200002652]
2026-10-05 08:06:24,332 [INFO] HealthPACS - C-STORE: Salvata Istanza [ID: 6132, SOP: 1.3.12.2.1107.5.1.7.123161.30000024073109044472200002652] | Dim: 528820 B | Path: G:\ArchiveRoot\1.2.840.113619.2.1075997\1.3.12.2.1107.5.1.7.123161.30000024073109044472200000734\1.3.12.2.1107.5.1.7.123161.30000024073109044472200002652.dcm
2026-10-05 08:06:24,379 [DEBUG] pynetdicom.dsutils - pydicom.read_dataset() TransferSyntax="Little Endian Implicit"
2026-10-05 08:06:24,387 [INFO] pynetdicom._handlers - Received Store Request
2026-10-05 08:06:24,387 [DEBUG] pynetdicom._handlers - ========================== INCOMING DIMSE MESSAGE ==========================
2026-10-05 08:06:24,388 [DEBUG] pynetdicom._handlers - Message Type                  : C-STORE RQ
2026-10-05 08:06:24,388 [DEBUG] pynetdicom._handlers - Presentation Context ID       : 21
2026-10-05 08:06:24,388 [DEBUG] pynetdicom._handlers - Message ID                    : 2035
2026-10-05 08:06:24,388 [DEBUG] pynetdicom._handlers - Affected SOP Class UID        : CT Image Storage
2026-10-05 08:06:24,388 [DEBUG] pynetdicom._handlers - Affected SOP Instance UID     : 1.3.12.2.1107.5.1.7.123161.30000024073109044472200003668
2026-10-05 08:06:24,388 [DEBUG] pynetdicom._handlers - Data Set                      : Present
2026-10-05 08:06:24,389 [DEBUG] pynetdicom._handlers - Priority                      : Medium
2026-10-05 08:06:24,389 [DEBUG] pynetdicom._handlers - ============================ END DIMSE MESSAGE =============================
2026-10-05 08:06:24,389 [DEBUG] pynetdicom.dsutils - pydicom.read_dataset() TransferSyntax="Little Endian Implicit"
2026-10-05 08:06:24,393 [INFO] HealthPACS - Utility: Directory esistente verificata: G:\ArchiveRoot\1.2.840.113619.2.1075997
2026-10-05 08:06:24,396 [INFO] HealthPACS - Utility: Directory esistente verificata: G:\ArchiveRoot\1.2.840.113619.2.1075997\1.3.12.2.1107.5.1.7.123161.30000024073109044472200000734
2026-10-05 08:06:24,402 [INFO] HealthPACS - [InstancesRepo] Creata nuova istanza [SOP: 1.3.12.2.1107.5.1.7.123161.30000024073109044472200003668]
2026-10-05 08:06:24,406 [INFO] HealthPACS - C-STORE: Salvata Istanza [ID: 6133, SOP: 1.3.12.2.1107.5.1.7.123161.30000024073109044472200003668] | Dim: 528812 B | Path: G:\ArchiveRoot\1.2.840.113619.2.1075997\1.3.12.2.1107.5.1.7.123161.30000024073109044472200000734\1.3.12.2.1107.5.1.7.123161.30000024073109044472200003668.dcm
2026-10-05 08:06:24,464 [DEBUG] pynetdicom.dsutils - pydicom.read_dataset() TransferSyntax="Little Endian Implicit"
2026-10-05 08:06:24,471 [INFO] pynetdicom._handlers - Received Store Request
2026-10-05 08:06:24,471 [DEBUG] pynetdicom._handlers - ========================== INCOMING DIMSE MESSAGE ==========================
2026-10-05 08:06:24,471 [DEBUG] pynetdicom._handlers - Message Type                  : C-STORE RQ
2026-10-05 08:06:24,471 [DEBUG] pynetdicom._handlers - Presentation Context ID       : 21
2026-10-05 08:06:24,471 [DEBUG] pynetdicom._handlers - Message ID                    : 2036
2026-10-05 08:06:24,471 [DEBUG] pynetdicom._handlers - Affected SOP Class UID        : CT Image Storage
2026-10-05 08:06:24,472 [DEBUG] pynetdicom._handlers - Affected SOP Instance UID     : 1.3.12.2.1107.5.1.7.123161.30000024073109044472200003669
2026-10-05 08:06:24,472 [DEBUG] pynetdicom._handlers - Data Set                      : Present
2026-10-05 08:06:24,472 [DEBUG] pynetdicom._handlers - Priority                      : Medium
2026-10-05 08:06:24,472 [DEBUG] pynetdicom._handlers - ============================ END DIMSE MESSAGE =============================
2026-10-05 08:06:24,473 [DEBUG] pynetdicom.dsutils - pydicom.read_dataset() TransferSyntax="Little Endian Implicit"
2026-10-05 08:06:24,478 [INFO] HealthPACS - Utility: Directory esistente verificata: G:\ArchiveRoot\1.2.840.113619.2.1075997
2026-10-05 08:06:24,480 [INFO] HealthPACS - Utility: Directory esistente verificata: G:\ArchiveRoot\1.2.840.113619.2.1075997\1.3.12.2.1107.5.1.7.123161.30000024073109044472200000734
2026-10-05 08:06:24,486 [INFO] HealthPACS - [InstancesRepo] Creata nuova istanza [SOP: 1.3.12.2.1107.5.1.7.123161.30000024073109044472200003669]
2026-10-05 08:06:24,489 [INFO] HealthPACS - C-STORE: Salvata Istanza [ID: 6134, SOP: 1.3.12.2.1107.5.1.7.123161.30000024073109044472200003669] | Dim: 528812 B | Path: G:\ArchiveRoot\1.2.840.113619.2.1075997\1.3.12.2.1107.5.1.7.123161.30000024073109044472200000734\1.3.12.2.1107.5.1.7.123161.30000024073109044472200003669.dcm
2026-10-05 08:06:24,588 [DEBUG] pynetdicom.dsutils - pydicom.read_dataset() TransferSyntax="Little Endian Implicit"
2026-10-05 08:06:24,594 [INFO] pynetdicom._handlers - Received Store Request
2026-10-05 08:06:24,595 [DEBUG] pynetdicom._handlers - ========================== INCOMING DIMSE MESSAGE ==========================
2026-10-05 08:06:24,595 [DEBUG] pynetdicom._handlers - Message Type                  : C-STORE RQ
2026-10-05 08:06:24,595 [DEBUG] pynetdicom._handlers - Presentation Context ID       : 21
2026-10-05 08:06:24,595 [DEBUG] pynetdicom._handlers - Message ID                    : 2037
2026-10-05 08:06:24,595 [DEBUG] pynetdicom._handlers - Affected SOP Class UID        : CT Image Storage
2026-10-05 08:06:24,595 [DEBUG] pynetdicom._handlers - Affected SOP Instance UID     : 1.3.12.2.1107.5.1.7.123161.30000024073109044472200003670
2026-10-05 08:06:24,595 [DEBUG] pynetdicom._handlers - Data Set                      : Present
2026-10-05 08:06:24,595 [DEBUG] pynetdicom._handlers - Priority                      : Medium
2026-10-05 08:06:24,596 [DEBUG] pynetdicom._handlers - ============================ END DIMSE MESSAGE =============================
2026-10-05 08:06:24,596 [DEBUG] pynetdicom.dsutils - pydicom.read_dataset() TransferSyntax="Little Endian Implicit"
2026-10-05 08:06:24,599 [INFO] HealthPACS - Utility: Directory esistente verificata: G:\ArchiveRoot\1.2.840.113619.2.1075997
2026-10-05 08:06:24,600 [INFO] HealthPACS - Utility: Directory esistente verificata: G:\ArchiveRoot\1.2.840.113619.2.1075997\1.3.12.2.1107.5.1.7.123161.30000024073109044472200000734
2026-10-05 08:06:24,603 [INFO] HealthPACS - [InstancesRepo] Creata nuova istanza [SOP: 1.3.12.2.1107.5.1.7.123161.30000024073109044472200003670]
2026-10-05 08:06:24,605 [INFO] HealthPACS - C-STORE: Salvata Istanza [ID: 6135, SOP: 1.3.12.2.1107.5.1.7.123161.30000024073109044472200003670] | Dim: 528812 B | Path: G:\ArchiveRoot\1.2.840.113619.2.1075997\1.3.12.2.1107.5.1.7.123161.30000024073109044472200000734\1.3.12.2.1107.5.1.7.123161.30000024073109044472200003670.dcm
2026-10-05 08:06:24,722 [DEBUG] pynetdicom.dsutils - pydicom.read_dataset() TransferSyntax="Little Endian Implicit"
2026-10-05 08:06:24,729 [INFO] pynetdicom._handlers - Received Store Request
2026-10-05 08:06:24,729 [DEBUG] pynetdicom._handlers - ========================== INCOMING DIMSE MESSAGE ==========================
2026-10-05 08:06:24,729 [DEBUG] pynetdicom._handlers - Message Type                  : C-STORE RQ
2026-10-05 08:06:24,729 [DEBUG] pynetdicom._handlers - Presentation Context ID       : 21
2026-10-05 08:06:24,729 [DEBUG] pynetdicom._handlers - Message ID                    : 2038
2026-10-05 08:06:24,729 [DEBUG] pynetdicom._handlers - Affected SOP Class UID        : CT Image Storage
2026-10-05 08:06:24,729 [DEBUG] pynetdicom._handlers - Affected SOP Instance UID     : 1.3.12.2.1107.5.1.7.123161.30000024073109044472200003671
2026-10-05 08:06:24,729 [DEBUG] pynetdicom._handlers - Data Set                      : Present
2026-10-05 08:06:24,730 [DEBUG] pynetdicom._handlers - Priority                      : Medium
2026-10-05 08:06:24,730 [DEBUG] pynetdicom._handlers - ============================ END DIMSE MESSAGE =============================
2026-10-05 08:06:24,731 [DEBUG] pynetdicom.dsutils - pydicom.read_dataset() TransferSyntax="Little Endian Implicit"
2026-10-05 08:06:24,734 [INFO] HealthPACS - Utility: Directory esistente verificata: G:\ArchiveRoot\1.2.840.113619.2.1075997
2026-10-05 08:06:24,735 [INFO] HealthPACS - Utility: Directory esistente verificata: G:\ArchiveRoot\1.2.840.113619.2.1075997\1.3.12.2.1107.5.1.7.123161.30000024073109044472200000734
2026-10-05 08:06:24,738 [INFO] HealthPACS - [InstancesRepo] Creata nuova istanza [SOP: 1.3.12.2.1107.5.1.7.123161.30000024073109044472200003671]
2026-10-05 08:06:24,742 [INFO] HealthPACS - C-STORE: Salvata Istanza [ID: 6136, SOP: 1.3.12.2.1107.5.1.7.123161.30000024073109044472200003671] | Dim: 528812 B | Path: G:\ArchiveRoot\1.2.840.113619.2.1075997\1.3.12.2.1107.5.1.7.123161.30000024073109044472200000734\1.3.12.2.1107.5.1.7.123161.30000024073109044472200003671.dcm
2026-10-05 08:06:24,823 [DEBUG] pynetdicom.dsutils - pydicom.read_dataset() TransferSyntax="Little Endian Implicit"
2026-10-05 08:06:24,827 [INFO] pynetdicom._handlers - Received Store Request
2026-10-05 08:06:24,827 [DEBUG] pynetdicom._handlers - ========================== INCOMING DIMSE MESSAGE ==========================
2026-10-05 08:06:24,827 [DEBUG] pynetdicom._handlers - Message Type                  : C-STORE RQ
2026-10-05 08:06:24,828 [DEBUG] pynetdicom._handlers - Presentation Context ID       : 21
2026-10-05 08:06:24,828 [DEBUG] pynetdicom._handlers - Message ID                    : 2039
2026-10-05 08:06:24,828 [DEBUG] pynetdicom._handlers - Affected SOP Class UID        : CT Image Storage
2026-10-05 08:06:24,828 [DEBUG] pynetdicom._handlers - Affected SOP Instance UID     : 1.3.12.2.1107.5.1.7.123161.30000024073109044472200003672
2026-10-05 08:06:24,828 [DEBUG] pynetdicom._handlers - Data Set                      : Present
2026-10-05 08:06:24,828 [DEBUG] pynetdicom._handlers - Priority                      : Medium
2026-10-05 08:06:24,828 [DEBUG] pynetdicom._handlers - ============================ END DIMSE MESSAGE =============================
2026-10-05 08:06:24,829 [DEBUG] pynetdicom.dsutils - pydicom.read_dataset() TransferSyntax="Little Endian Implicit"
2026-10-05 08:06:24,833 [INFO] HealthPACS - Utility: Directory esistente verificata: G:\ArchiveRoot\1.2.840.113619.2.1075997
2026-10-05 08:06:24,834 [INFO] HealthPACS - Utility: Directory esistente verificata: G:\ArchiveRoot\1.2.840.113619.2.1075997\1.3.12.2.1107.5.1.7.123161.30000024073109044472200000734
2026-10-05 08:06:24,838 [INFO] HealthPACS - [InstancesRepo] Creata nuova istanza [SOP: 1.3.12.2.1107.5.1.7.123161.30000024073109044472200003672]
2026-10-05 08:06:24,842 [INFO] HealthPACS - C-STORE: Salvata Istanza [ID: 6137, SOP: 1.3.12.2.1107.5.1.7.123161.30000024073109044472200003672] | Dim: 528812 B | Path: G:\ArchiveRoot\1.2.840.113619.2.1075997\1.3.12.2.1107.5.1.7.123161.30000024073109044472200000734\1.3.12.2.1107.5.1.7.123161.30000024073109044472200003672.dcm
2026-10-05 08:06:24,934 [DEBUG] pynetdicom.dsutils - pydicom.read_dataset() TransferSyntax="Little Endian Implicit"
2026-10-05 08:06:24,942 [INFO] pynetdicom._handlers - Received Store Request
2026-10-05 08:06:24,943 [DEBUG] pynetdicom._handlers - ========================== INCOMING DIMSE MESSAGE ==========================
2026-10-05 08:06:24,943 [DEBUG] pynetdicom._handlers - Message Type                  : C-STORE RQ
2026-10-05 08:06:24,943 [DEBUG] pynetdicom._handlers - Presentation Context ID       : 21
2026-10-05 08:06:24,943 [DEBUG] pynetdicom._handlers - Message ID                    : 2040
2026-10-05 08:06:24,943 [DEBUG] pynetdicom._handlers - Affected SOP Class UID        : CT Image Storage
2026-10-05 08:06:24,943 [DEBUG] pynetdicom._handlers - Affected SOP Instance UID     : 1.3.12.2.1107.5.1.7.123161.30000024073109044472200003673
2026-10-05 08:06:24,943 [DEBUG] pynetdicom._handlers - Data Set                      : Present
2026-10-05 08:06:24,944 [DEBUG] pynetdicom._handlers - Priority                      : Medium
2026-10-05 08:06:24,944 [DEBUG] pynetdicom._handlers - ============================ END DIMSE MESSAGE =============================
2026-10-05 08:06:24,945 [DEBUG] pynetdicom.dsutils - pydicom.read_dataset() TransferSyntax="Little Endian Implicit"
2026-10-05 08:06:24,948 [INFO] HealthPACS - Utility: Directory esistente verificata: G:\ArchiveRoot\1.2.840.113619.2.1075997
2026-10-05 08:06:24,949 [INFO] HealthPACS - Utility: Directory esistente verificata: G:\ArchiveRoot\1.2.840.113619.2.1075997\1.3.12.2.1107.5.1.7.123161.30000024073109044472200000734
2026-10-05 08:06:24,953 [INFO] HealthPACS - [InstancesRepo] Creata nuova istanza [SOP: 1.3.12.2.1107.5.1.7.123161.30000024073109044472200003673]
2026-10-05 08:06:24,956 [INFO] HealthPACS - C-STORE: Salvata Istanza [ID: 6138, SOP: 1.3.12.2.1107.5.1.7.123161.30000024073109044472200003673] | Dim: 528812 B | Path: G:\ArchiveRoot\1.2.840.113619.2.1075997\1.3.12.2.1107.5.1.7.123161.30000024073109044472200000734\1.3.12.2.1107.5.1.7.123161.30000024073109044472200003673.dcm
2026-10-05 08:06:25,048 [DEBUG] pynetdicom.dsutils - pydicom.read_dataset() TransferSyntax="Little Endian Implicit"
2026-10-05 08:06:25,059 [INFO] pynetdicom._handlers - Received Store Request
2026-10-05 08:06:25,060 [DEBUG] pynetdicom._handlers - ========================== INCOMING DIMSE MESSAGE ==========================
2026-10-05 08:06:25,060 [DEBUG] pynetdicom._handlers - Message Type                  : C-STORE RQ
2026-10-05 08:06:25,060 [DEBUG] pynetdicom._handlers - Presentation Context ID       : 21
2026-10-05 08:06:25,060 [DEBUG] pynetdicom._handlers - Message ID                    : 2041
2026-10-05 08:06:25,060 [DEBUG] pynetdicom._handlers - Affected SOP Class UID        : CT Image Storage
2026-10-05 08:06:25,060 [DEBUG] pynetdicom._handlers - Affected SOP Instance UID     : 1.3.12.2.1107.5.1.7.123161.30000024073109044472200003674
2026-10-05 08:06:25,060 [DEBUG] pynetdicom._handlers - Data Set                      : Present
2026-10-05 08:06:25,061 [DEBUG] pynetdicom._handlers - Priority                      : Medium
2026-10-05 08:06:25,061 [DEBUG] pynetdicom._handlers - ============================ END DIMSE MESSAGE =============================
2026-10-05 08:06:25,062 [DEBUG] pynetdicom.dsutils - pydicom.read_dataset() TransferSyntax="Little Endian Implicit"
2026-10-05 08:06:25,067 [INFO] HealthPACS - Utility: Directory esistente verificata: G:\ArchiveRoot\1.2.840.113619.2.1075997
2026-10-05 08:06:25,068 [INFO] HealthPACS - Utility: Directory esistente verificata: G:\ArchiveRoot\1.2.840.113619.2.1075997\1.3.12.2.1107.5.1.7.123161.30000024073109044472200000734
2026-10-05 08:06:25,071 [INFO] HealthPACS - [InstancesRepo] Creata nuova istanza [SOP: 1.3.12.2.1107.5.1.7.123161.30000024073109044472200003674]
2026-10-05 08:06:25,075 [INFO] HealthPACS - C-STORE: Salvata Istanza [ID: 6139, SOP: 1.3.12.2.1107.5.1.7.123161.30000024073109044472200003674] | Dim: 528812 B | Path: G:\ArchiveRoot\1.2.840.113619.2.1075997\1.3.12.2.1107.5.1.7.123161.30000024073109044472200000734\1.3.12.2.1107.5.1.7.123161.30000024073109044472200003674.dcm
2026-10-05 08:06:25,166 [DEBUG] pynetdicom.dsutils - pydicom.read_dataset() TransferSyntax="Little Endian Implicit"
2026-10-05 08:06:25,171 [INFO] pynetdicom._handlers - Received Store Request
2026-10-05 08:06:25,171 [DEBUG] pynetdicom._handlers - ========================== INCOMING DIMSE MESSAGE ==========================
2026-10-05 08:06:25,171 [DEBUG] pynetdicom._handlers - Message Type                  : C-STORE RQ
2026-10-05 08:06:25,172 [DEBUG] pynetdicom._handlers - Presentation Context ID       : 21
2026-10-05 08:06:25,172 [DEBUG] pynetdicom._handlers - Message ID                    : 2042
2026-10-05 08:06:25,172 [DEBUG] pynetdicom._handlers - Affected SOP Class UID        : CT Image Storage
2026-10-05 08:06:25,172 [DEBUG] pynetdicom._handlers - Affected SOP Instance UID     : 1.3.12.2.1107.5.1.7.123161.30000024073109044472200003675
2026-10-05 08:06:25,172 [DEBUG] pynetdicom._handlers - Data Set                      : Present
2026-10-05 08:06:25,173 [DEBUG] pynetdicom._handlers - Priority                      : Medium
2026-10-05 08:06:25,173 [DEBUG] pynetdicom._handlers - ============================ END DIMSE MESSAGE =============================
2026-10-05 08:06:25,175 [DEBUG] pynetdicom.dsutils - pydicom.read_dataset() TransferSyntax="Little Endian Implicit"
2026-10-05 08:06:25,178 [INFO] HealthPACS - Utility: Directory esistente verificata: G:\ArchiveRoot\1.2.840.113619.2.1075997
2026-10-05 08:06:25,179 [INFO] HealthPACS - Utility: Directory esistente verificata: G:\ArchiveRoot\1.2.840.113619.2.1075997\1.3.12.2.1107.5.1.7.123161.30000024073109044472200000734
2026-10-05 08:06:25,183 [INFO] HealthPACS - [InstancesRepo] Creata nuova istanza [SOP: 1.3.12.2.1107.5.1.7.123161.30000024073109044472200003675]
2026-10-05 08:06:25,187 [INFO] HealthPACS - C-STORE: Salvata Istanza [ID: 6140, SOP: 1.3.12.2.1107.5.1.7.123161.30000024073109044472200003675] | Dim: 528812 B | Path: G:\ArchiveRoot\1.2.840.113619.2.1075997\1.3.12.2.1107.5.1.7.123161.30000024073109044472200000734\1.3.12.2.1107.5.1.7.123161.30000024073109044472200003675.dcm
2026-10-05 08:06:25,300 [DEBUG] pynetdicom.dsutils - pydicom.read_dataset() TransferSyntax="Little Endian Implicit"
2026-10-05 08:06:25,307 [INFO] pynetdicom._handlers - Received Store Request
2026-10-05 08:06:25,307 [DEBUG] pynetdicom._handlers - ========================== INCOMING DIMSE MESSAGE ==========================
2026-10-05 08:06:25,307 [DEBUG] pynetdicom._handlers - Message Type                  : C-STORE RQ
2026-10-05 08:06:25,307 [DEBUG] pynetdicom._handlers - Presentation Context ID       : 21
2026-10-05 08:06:25,307 [DEBUG] pynetdicom._handlers - Message ID                    : 2043
2026-10-05 08:06:25,307 [DEBUG] pynetdicom._handlers - Affected SOP Class UID        : CT Image Storage
2026-10-05 08:06:25,307 [DEBUG] pynetdicom._handlers - Affected SOP Instance UID     : 1.3.12.2.1107.5.1.7.123161.30000024073109044472200003676
2026-10-05 08:06:25,307 [DEBUG] pynetdicom._handlers - Data Set                      : Present
2026-10-05 08:06:25,307 [DEBUG] pynetdicom._handlers - Priority                      : Medium
2026-10-05 08:06:25,308 [DEBUG] pynetdicom._handlers - ============================ END DIMSE MESSAGE =============================
2026-10-05 08:06:25,308 [DEBUG] pynetdicom.dsutils - pydicom.read_dataset() TransferSyntax="Little Endian Implicit"
2026-10-05 08:06:25,311 [INFO] HealthPACS - Utility: Directory esistente verificata: G:\ArchiveRoot\1.2.840.113619.2.1075997
2026-10-05 08:06:25,312 [INFO] HealthPACS - Utility: Directory esistente verificata: G:\ArchiveRoot\1.2.840.113619.2.1075997\1.3.12.2.1107.5.1.7.123161.30000024073109044472200000734
2026-10-05 08:06:25,315 [INFO] HealthPACS - [InstancesRepo] Creata nuova istanza [SOP: 1.3.12.2.1107.5.1.7.123161.30000024073109044472200003676]
2026-10-05 08:06:25,318 [INFO] HealthPACS - C-STORE: Salvata Istanza [ID: 6141, SOP: 1.3.12.2.1107.5.1.7.123161.30000024073109044472200003676] | Dim: 528812 B | Path: G:\ArchiveRoot\1.2.840.113619.2.1075997\1.3.12.2.1107.5.1.7.123161.30000024073109044472200000734\1.3.12.2.1107.5.1.7.123161.30000024073109044472200003676.dcm
2026-10-05 08:06:25,512 [DEBUG] pynetdicom.dsutils - pydicom.read_dataset() TransferSyntax="Little Endian Implicit"
2026-10-05 08:06:25,527 [INFO] pynetdicom._handlers - Received Store Request
2026-10-05 08:06:25,527 [DEBUG] pynetdicom._handlers - ========================== INCOMING DIMSE MESSAGE ==========================
2026-10-05 08:06:25,527 [DEBUG] pynetdicom._handlers - Message Type                  : C-STORE RQ
2026-10-05 08:06:25,527 [DEBUG] pynetdicom._handlers - Presentation Context ID       : 21
2026-10-05 08:06:25,527 [DEBUG] pynetdicom._handlers - Message ID                    : 2044
2026-10-05 08:06:25,527 [DEBUG] pynetdicom._handlers - Affected SOP Class UID        : CT Image Storage
2026-10-05 08:06:25,527 [DEBUG] pynetdicom._handlers - Affected SOP Instance UID     : 1.3.12.2.1107.5.1.7.123161.30000024073109044472200003677
2026-10-05 08:06:25,528 [DEBUG] pynetdicom._handlers - Data Set                      : Present
2026-10-05 08:06:25,528 [DEBUG] pynetdicom._handlers - Priority                      : Medium
2026-10-05 08:06:25,528 [DEBUG] pynetdicom._handlers - ============================ END DIMSE MESSAGE =============================
2026-10-05 08:06:25,529 [DEBUG] pynetdicom.dsutils - pydicom.read_dataset() TransferSyntax="Little Endian Implicit"
2026-10-05 08:06:25,532 [INFO] HealthPACS - Utility: Directory esistente verificata: G:\ArchiveRoot\1.2.840.113619.2.1075997
2026-10-05 08:06:25,533 [INFO] HealthPACS - Utility: Directory esistente verificata: G:\ArchiveRoot\1.2.840.113619.2.1075997\1.3.12.2.1107.5.1.7.123161.30000024073109044472200000734
2026-10-05 08:06:25,536 [INFO] HealthPACS - [InstancesRepo] Creata nuova istanza [SOP: 1.3.12.2.1107.5.1.7.123161.30000024073109044472200003677]
2026-10-05 08:06:25,538 [INFO] HealthPACS - C-STORE: Salvata Istanza [ID: 6142, SOP: 1.3.12.2.1107.5.1.7.123161.30000024073109044472200003677] | Dim: 528812 B | Path: G:\ArchiveRoot\1.2.840.113619.2.1075997\1.3.12.2.1107.5.1.7.123161.30000024073109044472200000734\1.3.12.2.1107.5.1.7.123161.30000024073109044472200003677.dcm
2026-10-05 08:06:25,722 [DEBUG] pynetdicom.dsutils - pydicom.read_dataset() TransferSyntax="Little Endian Implicit"
2026-10-05 08:06:25,729 [INFO] pynetdicom._handlers - Received Store Request
2026-10-05 08:06:25,729 [DEBUG] pynetdicom._handlers - ========================== INCOMING DIMSE MESSAGE ==========================
2026-10-05 08:06:25,730 [DEBUG] pynetdicom._handlers - Message Type                  : C-STORE RQ
2026-10-05 08:06:25,730 [DEBUG] pynetdicom._handlers - Presentation Context ID       : 21
2026-10-05 08:06:25,730 [DEBUG] pynetdicom._handlers - Message ID                    : 2045
2026-10-05 08:06:25,730 [DEBUG] pynetdicom._handlers - Affected SOP Class UID        : CT Image Storage
2026-10-05 08:06:25,730 [DEBUG] pynetdicom._handlers - Affected SOP Instance UID     : 1.3.12.2.1107.5.1.7.123161.30000024073109044472200002653
2026-10-05 08:06:25,730 [DEBUG] pynetdicom._handlers - Data Set                      : Present
2026-10-05 08:06:25,730 [DEBUG] pynetdicom._handlers - Priority                      : Medium
2026-10-05 08:06:25,730 [DEBUG] pynetdicom._handlers - ============================ END DIMSE MESSAGE =============================
2026-10-05 08:06:25,732 [DEBUG] pynetdicom.dsutils - pydicom.read_dataset() TransferSyntax="Little Endian Implicit"
2026-10-05 08:06:25,735 [INFO] HealthPACS - Utility: Directory esistente verificata: G:\ArchiveRoot\1.2.840.113619.2.1075997
2026-10-05 08:06:25,736 [INFO] HealthPACS - Utility: Directory esistente verificata: G:\ArchiveRoot\1.2.840.113619.2.1075997\1.3.12.2.1107.5.1.7.123161.30000024073109044472200000734
2026-10-05 08:06:25,739 [INFO] HealthPACS - [InstancesRepo] Creata nuova istanza [SOP: 1.3.12.2.1107.5.1.7.123161.30000024073109044472200002653]
2026-10-05 08:06:25,742 [INFO] HealthPACS - C-STORE: Salvata Istanza [ID: 6143, SOP: 1.3.12.2.1107.5.1.7.123161.30000024073109044472200002653] | Dim: 528820 B | Path: G:\ArchiveRoot\1.2.840.113619.2.1075997\1.3.12.2.1107.5.1.7.123161.30000024073109044472200000734\1.3.12.2.1107.5.1.7.123161.30000024073109044472200002653.dcm
2026-10-05 08:06:25,924 [DEBUG] pynetdicom.dsutils - pydicom.read_dataset() TransferSyntax="Little Endian Implicit"
2026-10-05 08:06:25,932 [INFO] pynetdicom._handlers - Received Store Request
2026-10-05 08:06:25,933 [DEBUG] pynetdicom._handlers - ========================== INCOMING DIMSE MESSAGE ==========================
2026-10-05 08:06:25,933 [DEBUG] pynetdicom._handlers - Message Type                  : C-STORE RQ
2026-10-05 08:06:25,933 [DEBUG] pynetdicom._handlers - Presentation Context ID       : 21
2026-10-05 08:06:25,933 [DEBUG] pynetdicom._handlers - Message ID                    : 2046
2026-10-05 08:06:25,933 [DEBUG] pynetdicom._handlers - Affected SOP Class UID        : CT Image Storage
2026-10-05 08:06:25,933 [DEBUG] pynetdicom._handlers - Affected SOP Instance UID     : 1.3.12.2.1107.5.1.7.123161.30000024073109044472200003678
2026-10-05 08:06:25,933 [DEBUG] pynetdicom._handlers - Data Set                      : Present
2026-10-05 08:06:25,933 [DEBUG] pynetdicom._handlers - Priority                      : Medium
2026-10-05 08:06:25,933 [DEBUG] pynetdicom._handlers - ============================ END DIMSE MESSAGE =============================
2026-10-05 08:06:25,935 [DEBUG] pynetdicom.dsutils - pydicom.read_dataset() TransferSyntax="Little Endian Implicit"
2026-10-05 08:06:25,938 [INFO] HealthPACS - Utility: Directory esistente verificata: G:\ArchiveRoot\1.2.840.113619.2.1075997
2026-10-05 08:06:25,941 [INFO] HealthPACS - Utility: Directory esistente verificata: G:\ArchiveRoot\1.2.840.113619.2.1075997\1.3.12.2.1107.5.1.7.123161.30000024073109044472200000734
2026-10-05 08:06:25,945 [INFO] HealthPACS - [InstancesRepo] Creata nuova istanza [SOP: 1.3.12.2.1107.5.1.7.123161.30000024073109044472200003678]
2026-10-05 08:06:25,949 [INFO] HealthPACS - C-STORE: Salvata Istanza [ID: 6144, SOP: 1.3.12.2.1107.5.1.7.123161.30000024073109044472200003678] | Dim: 528812 B | Path: G:\ArchiveRoot\1.2.840.113619.2.1075997\1.3.12.2.1107.5.1.7.123161.30000024073109044472200000734\1.3.12.2.1107.5.1.7.123161.30000024073109044472200003678.dcm
2026-10-05 08:06:26,154 [DEBUG] pynetdicom.dsutils - pydicom.read_dataset() TransferSyntax="Little Endian Implicit"
2026-10-05 08:06:26,162 [INFO] pynetdicom._handlers - Received Store Request
2026-10-05 08:06:26,162 [DEBUG] pynetdicom._handlers - ========================== INCOMING DIMSE MESSAGE ==========================
2026-10-05 08:06:26,162 [DEBUG] pynetdicom._handlers - Message Type                  : C-STORE RQ
2026-10-05 08:06:26,163 [DEBUG] pynetdicom._handlers - Presentation Context ID       : 21
2026-10-05 08:06:26,163 [DEBUG] pynetdicom._handlers - Message ID                    : 2047
2026-10-05 08:06:26,163 [DEBUG] pynetdicom._handlers - Affected SOP Class UID        : CT Image Storage
2026-10-05 08:06:26,163 [DEBUG] pynetdicom._handlers - Affected SOP Instance UID     : 1.3.12.2.1107.5.1.7.123161.30000024073109044472200003679
2026-10-05 08:06:26,163 [DEBUG] pynetdicom._handlers - Data Set                      : Present
2026-10-05 08:06:26,163 [DEBUG] pynetdicom._handlers - Priority                      : Medium
2026-10-05 08:06:26,163 [DEBUG] pynetdicom._handlers - ============================ END DIMSE MESSAGE =============================
2026-10-05 08:06:26,165 [DEBUG] pynetdicom.dsutils - pydicom.read_dataset() TransferSyntax="Little Endian Implicit"
2026-10-05 08:06:26,168 [INFO] HealthPACS - Utility: Directory esistente verificata: G:\ArchiveRoot\1.2.840.113619.2.1075997
2026-10-05 08:06:26,169 [INFO] HealthPACS - Utility: Directory esistente verificata: G:\ArchiveRoot\1.2.840.113619.2.1075997\1.3.12.2.1107.5.1.7.123161.30000024073109044472200000734
2026-10-05 08:06:26,173 [INFO] HealthPACS - [InstancesRepo] Creata nuova istanza [SOP: 1.3.12.2.1107.5.1.7.123161.30000024073109044472200003679]
2026-10-05 08:06:26,176 [INFO] HealthPACS - C-STORE: Salvata Istanza [ID: 6145, SOP: 1.3.12.2.1107.5.1.7.123161.30000024073109044472200003679] | Dim: 528812 B | Path: G:\ArchiveRoot\1.2.840.113619.2.1075997\1.3.12.2.1107.5.1.7.123161.30000024073109044472200000734\1.3.12.2.1107.5.1.7.123161.30000024073109044472200003679.dcm
2026-10-05 08:06:26,305 [DEBUG] pynetdicom.dsutils - pydicom.read_dataset() TransferSyntax="Little Endian Implicit"
2026-10-05 08:06:26,308 [INFO] pynetdicom._handlers - Received Store Request
2026-10-05 08:06:26,308 [DEBUG] pynetdicom._handlers - ========================== INCOMING DIMSE MESSAGE ==========================
2026-10-05 08:06:26,308 [DEBUG] pynetdicom._handlers - Message Type                  : C-STORE RQ
2026-10-05 08:06:26,308 [DEBUG] pynetdicom._handlers - Presentation Context ID       : 21
2026-10-05 08:06:26,308 [DEBUG] pynetdicom._handlers - Message ID                    : 2048
2026-10-05 08:06:26,308 [DEBUG] pynetdicom._handlers - Affected SOP Class UID        : CT Image Storage
2026-10-05 08:06:26,308 [DEBUG] pynetdicom._handlers - Affected SOP Instance UID     : 1.3.12.2.1107.5.1.7.123161.30000024073109044472200003680
2026-10-05 08:06:26,308 [DEBUG] pynetdicom._handlers - Data Set                      : Present
2026-10-05 08:06:26,308 [DEBUG] pynetdicom._handlers - Priority                      : Medium
2026-10-05 08:06:26,309 [DEBUG] pynetdicom._handlers - ============================ END DIMSE MESSAGE =============================
2026-10-05 08:06:26,309 [DEBUG] pynetdicom.dsutils - pydicom.read_dataset() TransferSyntax="Little Endian Implicit"
2026-10-05 08:06:26,312 [INFO] HealthPACS - Utility: Directory esistente verificata: G:\ArchiveRoot\1.2.840.113619.2.1075997
2026-10-05 08:06:26,313 [INFO] HealthPACS - Utility: Directory esistente verificata: G:\ArchiveRoot\1.2.840.113619.2.1075997\1.3.12.2.1107.5.1.7.123161.30000024073109044472200000734
2026-10-05 08:06:26,316 [INFO] HealthPACS - [InstancesRepo] Creata nuova istanza [SOP: 1.3.12.2.1107.5.1.7.123161.30000024073109044472200003680]
2026-10-05 08:06:26,319 [INFO] HealthPACS - C-STORE: Salvata Istanza [ID: 6146, SOP: 1.3.12.2.1107.5.1.7.123161.30000024073109044472200003680] | Dim: 528812 B | Path: G:\ArchiveRoot\1.2.840.113619.2.1075997\1.3.12.2.1107.5.1.7.123161.30000024073109044472200000734\1.3.12.2.1107.5.1.7.123161.30000024073109044472200003680.dcm
2026-10-05 08:06:26,502 [DEBUG] pynetdicom.dsutils - pydicom.read_dataset() TransferSyntax="Little Endian Implicit"
2026-10-05 08:06:26,504 [INFO] pynetdicom._handlers - Received Store Request
2026-10-05 08:06:26,505 [DEBUG] pynetdicom._handlers - ========================== INCOMING DIMSE MESSAGE ==========================
2026-10-05 08:06:26,505 [DEBUG] pynetdicom._handlers - Message Type                  : C-STORE RQ
2026-10-05 08:06:26,505 [DEBUG] pynetdicom._handlers - Presentation Context ID       : 21
2026-10-05 08:06:26,505 [DEBUG] pynetdicom._handlers - Message ID                    : 2049
2026-10-05 08:06:26,505 [DEBUG] pynetdicom._handlers - Affected SOP Class UID        : CT Image Storage
2026-10-05 08:06:26,505 [DEBUG] pynetdicom._handlers - Affected SOP Instance UID     : 1.3.12.2.1107.5.1.7.123161.30000024073109044472200003681
2026-10-05 08:06:26,505 [DEBUG] pynetdicom._handlers - Data Set                      : Present
2026-10-05 08:06:26,505 [DEBUG] pynetdicom._handlers - Priority                      : Medium
2026-10-05 08:06:26,506 [DEBUG] pynetdicom._handlers - ============================ END DIMSE MESSAGE =============================
2026-10-05 08:06:26,508 [DEBUG] pynetdicom.dsutils - pydicom.read_dataset() TransferSyntax="Little Endian Implicit"
2026-10-05 08:06:26,511 [INFO] HealthPACS - Utility: Directory esistente verificata: G:\ArchiveRoot\1.2.840.113619.2.1075997
2026-10-05 08:06:26,512 [INFO] HealthPACS - Utility: Directory esistente verificata: G:\ArchiveRoot\1.2.840.113619.2.1075997\1.3.12.2.1107.5.1.7.123161.30000024073109044472200000734
2026-10-05 08:06:26,515 [INFO] HealthPACS - [InstancesRepo] Creata nuova istanza [SOP: 1.3.12.2.1107.5.1.7.123161.30000024073109044472200003681]
2026-10-05 08:06:26,518 [INFO] HealthPACS - C-STORE: Salvata Istanza [ID: 6147, SOP: 1.3.12.2.1107.5.1.7.123161.30000024073109044472200003681] | Dim: 528812 B | Path: G:\ArchiveRoot\1.2.840.113619.2.1075997\1.3.12.2.1107.5.1.7.123161.30000024073109044472200000734\1.3.12.2.1107.5.1.7.123161.30000024073109044472200003681.dcm
2026-10-05 08:06:26,787 [DEBUG] pynetdicom.dsutils - pydicom.read_dataset() TransferSyntax="Little Endian Implicit"
2026-10-05 08:06:26,800 [INFO] pynetdicom._handlers - Received Store Request
2026-10-05 08:06:26,801 [DEBUG] pynetdicom._handlers - ========================== INCOMING DIMSE MESSAGE ==========================
2026-10-05 08:06:26,801 [DEBUG] pynetdicom._handlers - Message Type                  : C-STORE RQ
2026-10-05 08:06:26,801 [DEBUG] pynetdicom._handlers - Presentation Context ID       : 21
2026-10-05 08:06:26,801 [DEBUG] pynetdicom._handlers - Message ID                    : 2050
2026-10-05 08:06:26,801 [DEBUG] pynetdicom._handlers - Affected SOP Class UID        : CT Image Storage
2026-10-05 08:06:26,801 [DEBUG] pynetdicom._handlers - Affected SOP Instance UID     : 1.3.12.2.1107.5.1.7.123161.30000024073109044472200003682
2026-10-05 08:06:26,802 [DEBUG] pynetdicom._handlers - Data Set                      : Present
2026-10-05 08:06:26,802 [DEBUG] pynetdicom._handlers - Priority                      : Medium
2026-10-05 08:06:26,802 [DEBUG] pynetdicom._handlers - ============================ END DIMSE MESSAGE =============================
2026-10-05 08:06:26,803 [DEBUG] pynetdicom.dsutils - pydicom.read_dataset() TransferSyntax="Little Endian Implicit"
2026-10-05 08:06:26,807 [INFO] HealthPACS - Utility: Directory esistente verificata: G:\ArchiveRoot\1.2.840.113619.2.1075997
2026-10-05 08:06:26,808 [INFO] HealthPACS - Utility: Directory esistente verificata: G:\ArchiveRoot\1.2.840.113619.2.1075997\1.3.12.2.1107.5.1.7.123161.30000024073109044472200000734
2026-10-05 08:06:26,812 [INFO] HealthPACS - [InstancesRepo] Creata nuova istanza [SOP: 1.3.12.2.1107.5.1.7.123161.30000024073109044472200003682]
2026-10-05 08:06:26,815 [INFO] HealthPACS - C-STORE: Salvata Istanza [ID: 6148, SOP: 1.3.12.2.1107.5.1.7.123161.30000024073109044472200003682] | Dim: 528812 B | Path: G:\ArchiveRoot\1.2.840.113619.2.1075997\1.3.12.2.1107.5.1.7.123161.30000024073109044472200000734\1.3.12.2.1107.5.1.7.123161.30000024073109044472200003682.dcm
2026-10-05 08:06:27,039 [DEBUG] pynetdicom.dsutils - pydicom.read_dataset() TransferSyntax="Little Endian Implicit"
2026-10-05 08:06:27,048 [INFO] pynetdicom._handlers - Received Store Request
2026-10-05 08:06:27,048 [DEBUG] pynetdicom._handlers - ========================== INCOMING DIMSE MESSAGE ==========================
2026-10-05 08:06:27,048 [DEBUG] pynetdicom._handlers - Message Type                  : C-STORE RQ
2026-10-05 08:06:27,049 [DEBUG] pynetdicom._handlers - Presentation Context ID       : 21
2026-10-05 08:06:27,049 [DEBUG] pynetdicom._handlers - Message ID                    : 2051
2026-10-05 08:06:27,049 [DEBUG] pynetdicom._handlers - Affected SOP Class UID        : CT Image Storage
2026-10-05 08:06:27,049 [DEBUG] pynetdicom._handlers - Affected SOP Instance UID     : 1.3.12.2.1107.5.1.7.123161.30000024073109044472200003683
2026-10-05 08:06:27,049 [DEBUG] pynetdicom._handlers - Data Set                      : Present
2026-10-05 08:06:27,049 [DEBUG] pynetdicom._handlers - Priority                      : Medium
2026-10-05 08:06:27,049 [DEBUG] pynetdicom._handlers - ============================ END DIMSE MESSAGE =============================
2026-10-05 08:06:27,050 [DEBUG] pynetdicom.dsutils - pydicom.read_dataset() TransferSyntax="Little Endian Implicit"
2026-10-05 08:06:27,053 [INFO] HealthPACS - Utility: Directory esistente verificata: G:\ArchiveRoot\1.2.840.113619.2.1075997
2026-10-05 08:06:27,054 [INFO] HealthPACS - Utility: Directory esistente verificata: G:\ArchiveRoot\1.2.840.113619.2.1075997\1.3.12.2.1107.5.1.7.123161.30000024073109044472200000734
2026-10-05 08:06:27,059 [INFO] HealthPACS - [InstancesRepo] Creata nuova istanza [SOP: 1.3.12.2.1107.5.1.7.123161.30000024073109044472200003683]
2026-10-05 08:06:27,062 [INFO] HealthPACS - C-STORE: Salvata Istanza [ID: 6149, SOP: 1.3.12.2.1107.5.1.7.123161.30000024073109044472200003683] | Dim: 528812 B | Path: G:\ArchiveRoot\1.2.840.113619.2.1075997\1.3.12.2.1107.5.1.7.123161.30000024073109044472200000734\1.3.12.2.1107.5.1.7.123161.30000024073109044472200003683.dcm
2026-10-05 08:06:27,192 [DEBUG] pynetdicom.dsutils - pydicom.read_dataset() TransferSyntax="Little Endian Implicit"
2026-10-05 08:06:27,202 [INFO] pynetdicom._handlers - Received Store Request
2026-10-05 08:06:27,202 [DEBUG] pynetdicom._handlers - ========================== INCOMING DIMSE MESSAGE ==========================
2026-10-05 08:06:27,203 [DEBUG] pynetdicom._handlers - Message Type                  : C-STORE RQ
2026-10-05 08:06:27,203 [DEBUG] pynetdicom._handlers - Presentation Context ID       : 21
2026-10-05 08:06:27,203 [DEBUG] pynetdicom._handlers - Message ID                    : 2052
2026-10-05 08:06:27,203 [DEBUG] pynetdicom._handlers - Affected SOP Class UID        : CT Image Storage
2026-10-05 08:06:27,203 [DEBUG] pynetdicom._handlers - Affected SOP Instance UID     : 1.3.12.2.1107.5.1.7.123161.30000024073109044472200003684
2026-10-05 08:06:27,203 [DEBUG] pynetdicom._handlers - Data Set                      : Present
2026-10-05 08:06:27,203 [DEBUG] pynetdicom._handlers - Priority                      : Medium
2026-10-05 08:06:27,203 [DEBUG] pynetdicom._handlers - ============================ END DIMSE MESSAGE =============================
2026-10-05 08:06:27,204 [DEBUG] pynetdicom.dsutils - pydicom.read_dataset() TransferSyntax="Little Endian Implicit"
2026-10-05 08:06:27,208 [INFO] HealthPACS - Utility: Directory esistente verificata: G:\ArchiveRoot\1.2.840.113619.2.1075997
2026-10-05 08:06:27,209 [INFO] HealthPACS - Utility: Directory esistente verificata: G:\ArchiveRoot\1.2.840.113619.2.1075997\1.3.12.2.1107.5.1.7.123161.30000024073109044472200000734
2026-10-05 08:06:27,212 [INFO] HealthPACS - [InstancesRepo] Creata nuova istanza [SOP: 1.3.12.2.1107.5.1.7.123161.30000024073109044472200003684]
2026-10-05 08:06:27,214 [INFO] HealthPACS - C-STORE: Salvata Istanza [ID: 6150, SOP: 1.3.12.2.1107.5.1.7.123161.30000024073109044472200003684] | Dim: 528812 B | Path: G:\ArchiveRoot\1.2.840.113619.2.1075997\1.3.12.2.1107.5.1.7.123161.30000024073109044472200000734\1.3.12.2.1107.5.1.7.123161.30000024073109044472200003684.dcm
2026-10-05 08:06:27,257 [DEBUG] pynetdicom.dsutils - pydicom.read_dataset() TransferSyntax="Little Endian Implicit"
2026-10-05 08:06:27,267 [INFO] pynetdicom._handlers - Received Store Request
2026-10-05 08:06:27,267 [DEBUG] pynetdicom._handlers - ========================== INCOMING DIMSE MESSAGE ==========================
2026-10-05 08:06:27,267 [DEBUG] pynetdicom._handlers - Message Type                  : C-STORE RQ
2026-10-05 08:06:27,267 [DEBUG] pynetdicom._handlers - Presentation Context ID       : 21
2026-10-05 08:06:27,267 [DEBUG] pynetdicom._handlers - Message ID                    : 2053
2026-10-05 08:06:27,268 [DEBUG] pynetdicom._handlers - Affected SOP Class UID        : CT Image Storage
2026-10-05 08:06:27,268 [DEBUG] pynetdicom._handlers - Affected SOP Instance UID     : 1.3.12.2.1107.5.1.7.123161.30000024073109044472200003685
2026-10-05 08:06:27,268 [DEBUG] pynetdicom._handlers - Data Set                      : Present
2026-10-05 08:06:27,268 [DEBUG] pynetdicom._handlers - Priority                      : Medium
2026-10-05 08:06:27,268 [DEBUG] pynetdicom._handlers - ============================ END DIMSE MESSAGE =============================
2026-10-05 08:06:27,269 [DEBUG] pynetdicom.dsutils - pydicom.read_dataset() TransferSyntax="Little Endian Implicit"
2026-10-05 08:06:27,272 [INFO] HealthPACS - Utility: Directory esistente verificata: G:\ArchiveRoot\1.2.840.113619.2.1075997
2026-10-05 08:06:27,276 [INFO] HealthPACS - Utility: Directory esistente verificata: G:\ArchiveRoot\1.2.840.113619.2.1075997\1.3.12.2.1107.5.1.7.123161.30000024073109044472200000734
2026-10-05 08:06:27,280 [INFO] HealthPACS - [InstancesRepo] Creata nuova istanza [SOP: 1.3.12.2.1107.5.1.7.123161.30000024073109044472200003685]
2026-10-05 08:06:27,282 [INFO] HealthPACS - C-STORE: Salvata Istanza [ID: 6151, SOP: 1.3.12.2.1107.5.1.7.123161.30000024073109044472200003685] | Dim: 528812 B | Path: G:\ArchiveRoot\1.2.840.113619.2.1075997\1.3.12.2.1107.5.1.7.123161.30000024073109044472200000734\1.3.12.2.1107.5.1.7.123161.30000024073109044472200003685.dcm
2026-10-05 08:06:27,343 [DEBUG] pynetdicom.dsutils - pydicom.read_dataset() TransferSyntax="Little Endian Implicit"
2026-10-05 08:06:27,348 [INFO] pynetdicom._handlers - Received Store Request
2026-10-05 08:06:27,349 [DEBUG] pynetdicom._handlers - ========================== INCOMING DIMSE MESSAGE ==========================
2026-10-05 08:06:27,349 [DEBUG] pynetdicom._handlers - Message Type                  : C-STORE RQ
2026-10-05 08:06:27,349 [DEBUG] pynetdicom._handlers - Presentation Context ID       : 21
2026-10-05 08:06:27,349 [DEBUG] pynetdicom._handlers - Message ID                    : 2054
2026-10-05 08:06:27,349 [DEBUG] pynetdicom._handlers - Affected SOP Class UID        : CT Image Storage
2026-10-05 08:06:27,349 [DEBUG] pynetdicom._handlers - Affected SOP Instance UID     : 1.3.12.2.1107.5.1.7.123161.30000024073109044472200003686
2026-10-05 08:06:27,349 [DEBUG] pynetdicom._handlers - Data Set                      : Present
2026-10-05 08:06:27,349 [DEBUG] pynetdicom._handlers - Priority                      : Medium
2026-10-05 08:06:27,349 [DEBUG] pynetdicom._handlers - ============================ END DIMSE MESSAGE =============================
2026-10-05 08:06:27,351 [DEBUG] pynetdicom.dsutils - pydicom.read_dataset() TransferSyntax="Little Endian Implicit"
2026-10-05 08:06:27,354 [INFO] HealthPACS - Utility: Directory esistente verificata: G:\ArchiveRoot\1.2.840.113619.2.1075997
2026-10-05 08:06:27,355 [INFO] HealthPACS - Utility: Directory esistente verificata: G:\ArchiveRoot\1.2.840.113619.2.1075997\1.3.12.2.1107.5.1.7.123161.30000024073109044472200000734
2026-10-05 08:06:27,359 [INFO] HealthPACS - [InstancesRepo] Creata nuova istanza [SOP: 1.3.12.2.1107.5.1.7.123161.30000024073109044472200003686]
2026-10-05 08:06:27,362 [INFO] HealthPACS - C-STORE: Salvata Istanza [ID: 6152, SOP: 1.3.12.2.1107.5.1.7.123161.30000024073109044472200003686] | Dim: 528812 B | Path: G:\ArchiveRoot\1.2.840.113619.2.1075997\1.3.12.2.1107.5.1.7.123161.30000024073109044472200000734\1.3.12.2.1107.5.1.7.123161.30000024073109044472200003686.dcm
2026-10-05 08:06:27,431 [DEBUG] pynetdicom.dsutils - pydicom.read_dataset() TransferSyntax="Little Endian Implicit"
2026-10-05 08:06:27,445 [INFO] pynetdicom._handlers - Received Store Request
2026-10-05 08:06:27,445 [DEBUG] pynetdicom._handlers - ========================== INCOMING DIMSE MESSAGE ==========================
2026-10-05 08:06:27,445 [DEBUG] pynetdicom._handlers - Message Type                  : C-STORE RQ
2026-10-05 08:06:27,445 [DEBUG] pynetdicom._handlers - Presentation Context ID       : 21
2026-10-05 08:06:27,445 [DEBUG] pynetdicom._handlers - Message ID                    : 2055
2026-10-05 08:06:27,445 [DEBUG] pynetdicom._handlers - Affected SOP Class UID        : CT Image Storage
2026-10-05 08:06:27,445 [DEBUG] pynetdicom._handlers - Affected SOP Instance UID     : 1.3.12.2.1107.5.1.7.123161.30000024073109044472200003687
2026-10-05 08:06:27,445 [DEBUG] pynetdicom._handlers - Data Set                      : Present
2026-10-05 08:06:27,446 [DEBUG] pynetdicom._handlers - Priority                      : Medium
2026-10-05 08:06:27,446 [DEBUG] pynetdicom._handlers - ============================ END DIMSE MESSAGE =============================
2026-10-05 08:06:27,447 [DEBUG] pynetdicom.dsutils - pydicom.read_dataset() TransferSyntax="Little Endian Implicit"
2026-10-05 08:06:27,449 [INFO] HealthPACS - Utility: Directory esistente verificata: G:\ArchiveRoot\1.2.840.113619.2.1075997
2026-10-05 08:06:27,451 [INFO] HealthPACS - Utility: Directory esistente verificata: G:\ArchiveRoot\1.2.840.113619.2.1075997\1.3.12.2.1107.5.1.7.123161.30000024073109044472200000734
2026-10-05 08:06:27,454 [INFO] HealthPACS - [InstancesRepo] Creata nuova istanza [SOP: 1.3.12.2.1107.5.1.7.123161.30000024073109044472200003687]
2026-10-05 08:06:27,457 [INFO] HealthPACS - C-STORE: Salvata Istanza [ID: 6153, SOP: 1.3.12.2.1107.5.1.7.123161.30000024073109044472200003687] | Dim: 528812 B | Path: G:\ArchiveRoot\1.2.840.113619.2.1075997\1.3.12.2.1107.5.1.7.123161.30000024073109044472200000734\1.3.12.2.1107.5.1.7.123161.30000024073109044472200003687.dcm
2026-10-05 08:06:27,538 [DEBUG] pynetdicom.dsutils - pydicom.read_dataset() TransferSyntax="Little Endian Implicit"
2026-10-05 08:06:27,547 [INFO] pynetdicom._handlers - Received Store Request
2026-10-05 08:06:27,547 [DEBUG] pynetdicom._handlers - ========================== INCOMING DIMSE MESSAGE ==========================
2026-10-05 08:06:27,547 [DEBUG] pynetdicom._handlers - Message Type                  : C-STORE RQ
2026-10-05 08:06:27,547 [DEBUG] pynetdicom._handlers - Presentation Context ID       : 21
2026-10-05 08:06:27,548 [DEBUG] pynetdicom._handlers - Message ID                    : 2056
2026-10-05 08:06:27,548 [DEBUG] pynetdicom._handlers - Affected SOP Class UID        : CT Image Storage
2026-10-05 08:06:27,548 [DEBUG] pynetdicom._handlers - Affected SOP Instance UID     : 1.3.12.2.1107.5.1.7.123161.30000024073109044472200002654
2026-10-05 08:06:27,548 [DEBUG] pynetdicom._handlers - Data Set                      : Present
2026-10-05 08:06:27,548 [DEBUG] pynetdicom._handlers - Priority                      : Medium
2026-10-05 08:06:27,548 [DEBUG] pynetdicom._handlers - ============================ END DIMSE MESSAGE =============================
2026-10-05 08:06:27,548 [DEBUG] pynetdicom.dsutils - pydicom.read_dataset() TransferSyntax="Little Endian Implicit"
2026-10-05 08:06:27,551 [INFO] HealthPACS - Utility: Directory esistente verificata: G:\ArchiveRoot\1.2.840.113619.2.1075997
2026-10-05 08:06:27,552 [INFO] HealthPACS - Utility: Directory esistente verificata: G:\ArchiveRoot\1.2.840.113619.2.1075997\1.3.12.2.1107.5.1.7.123161.30000024073109044472200000734
2026-10-05 08:06:27,556 [INFO] HealthPACS - [InstancesRepo] Creata nuova istanza [SOP: 1.3.12.2.1107.5.1.7.123161.30000024073109044472200002654]
2026-10-05 08:06:27,559 [INFO] HealthPACS - C-STORE: Salvata Istanza [ID: 6154, SOP: 1.3.12.2.1107.5.1.7.123161.30000024073109044472200002654] | Dim: 528820 B | Path: G:\ArchiveRoot\1.2.840.113619.2.1075997\1.3.12.2.1107.5.1.7.123161.30000024073109044472200000734\1.3.12.2.1107.5.1.7.123161.30000024073109044472200002654.dcm
2026-10-05 08:06:27,692 [DEBUG] pynetdicom.dsutils - pydicom.read_dataset() TransferSyntax="Little Endian Implicit"
2026-10-05 08:06:27,703 [INFO] pynetdicom._handlers - Received Store Request
2026-10-05 08:06:27,703 [DEBUG] pynetdicom._handlers - ========================== INCOMING DIMSE MESSAGE ==========================
2026-10-05 08:06:27,704 [DEBUG] pynetdicom._handlers - Message Type                  : C-STORE RQ
2026-10-05 08:06:27,704 [DEBUG] pynetdicom._handlers - Presentation Context ID       : 21
2026-10-05 08:06:27,704 [DEBUG] pynetdicom._handlers - Message ID                    : 2057
2026-10-05 08:06:27,704 [DEBUG] pynetdicom._handlers - Affected SOP Class UID        : CT Image Storage
2026-10-05 08:06:27,704 [DEBUG] pynetdicom._handlers - Affected SOP Instance UID     : 1.3.12.2.1107.5.1.7.123161.30000024073109044472200003688
2026-10-05 08:06:27,704 [DEBUG] pynetdicom._handlers - Data Set                      : Present
2026-10-05 08:06:27,704 [DEBUG] pynetdicom._handlers - Priority                      : Medium
2026-10-05 08:06:27,704 [DEBUG] pynetdicom._handlers - ============================ END DIMSE MESSAGE =============================
2026-10-05 08:06:27,706 [DEBUG] pynetdicom.dsutils - pydicom.read_dataset() TransferSyntax="Little Endian Implicit"
2026-10-05 08:06:27,709 [INFO] HealthPACS - Utility: Directory esistente verificata: G:\ArchiveRoot\1.2.840.113619.2.1075997
2026-10-05 08:06:27,710 [INFO] HealthPACS - Utility: Directory esistente verificata: G:\ArchiveRoot\1.2.840.113619.2.1075997\1.3.12.2.1107.5.1.7.123161.30000024073109044472200000734
2026-10-05 08:06:27,713 [INFO] HealthPACS - [InstancesRepo] Creata nuova istanza [SOP: 1.3.12.2.1107.5.1.7.123161.30000024073109044472200003688]
2026-10-05 08:06:27,716 [INFO] HealthPACS - C-STORE: Salvata Istanza [ID: 6155, SOP: 1.3.12.2.1107.5.1.7.123161.30000024073109044472200003688] | Dim: 528812 B | Path: G:\ArchiveRoot\1.2.840.113619.2.1075997\1.3.12.2.1107.5.1.7.123161.30000024073109044472200000734\1.3.12.2.1107.5.1.7.123161.30000024073109044472200003688.dcm
2026-10-05 08:06:27,804 [DEBUG] pynetdicom.dsutils - pydicom.read_dataset() TransferSyntax="Little Endian Implicit"
2026-10-05 08:06:27,811 [INFO] pynetdicom._handlers - Received Store Request
2026-10-05 08:06:27,811 [DEBUG] pynetdicom._handlers - ========================== INCOMING DIMSE MESSAGE ==========================
2026-10-05 08:06:27,811 [DEBUG] pynetdicom._handlers - Message Type                  : C-STORE RQ
2026-10-05 08:06:27,811 [DEBUG] pynetdicom._handlers - Presentation Context ID       : 21
2026-10-05 08:06:27,811 [DEBUG] pynetdicom._handlers - Message ID                    : 2058
2026-10-05 08:06:27,811 [DEBUG] pynetdicom._handlers - Affected SOP Class UID        : CT Image Storage
2026-10-05 08:06:27,812 [DEBUG] pynetdicom._handlers - Affected SOP Instance UID     : 1.3.12.2.1107.5.1.7.123161.30000024073109044472200003689
2026-10-05 08:06:27,812 [DEBUG] pynetdicom._handlers - Data Set                      : Present
2026-10-05 08:06:27,812 [DEBUG] pynetdicom._handlers - Priority                      : Medium
2026-10-05 08:06:27,812 [DEBUG] pynetdicom._handlers - ============================ END DIMSE MESSAGE =============================
2026-10-05 08:06:27,813 [DEBUG] pynetdicom.dsutils - pydicom.read_dataset() TransferSyntax="Little Endian Implicit"
2026-10-05 08:06:27,816 [INFO] HealthPACS - Utility: Directory esistente verificata: G:\ArchiveRoot\1.2.840.113619.2.1075997
2026-10-05 08:06:27,818 [INFO] HealthPACS - Utility: Directory esistente verificata: G:\ArchiveRoot\1.2.840.113619.2.1075997\1.3.12.2.1107.5.1.7.123161.30000024073109044472200000734
2026-10-05 08:06:27,822 [INFO] HealthPACS - [InstancesRepo] Creata nuova istanza [SOP: 1.3.12.2.1107.5.1.7.123161.30000024073109044472200003689]
2026-10-05 08:06:27,825 [INFO] HealthPACS - C-STORE: Salvata Istanza [ID: 6156, SOP: 1.3.12.2.1107.5.1.7.123161.30000024073109044472200003689] | Dim: 528812 B | Path: G:\ArchiveRoot\1.2.840.113619.2.1075997\1.3.12.2.1107.5.1.7.123161.30000024073109044472200000734\1.3.12.2.1107.5.1.7.123161.30000024073109044472200003689.dcm
2026-10-05 08:06:27,919 [DEBUG] pynetdicom.dsutils - pydicom.read_dataset() TransferSyntax="Little Endian Implicit"
2026-10-05 08:06:27,933 [INFO] pynetdicom._handlers - Received Store Request
2026-10-05 08:06:27,933 [DEBUG] pynetdicom._handlers - ========================== INCOMING DIMSE MESSAGE ==========================
2026-10-05 08:06:27,934 [DEBUG] pynetdicom._handlers - Message Type                  : C-STORE RQ
2026-10-05 08:06:27,934 [DEBUG] pynetdicom._handlers - Presentation Context ID       : 21
2026-10-05 08:06:27,934 [DEBUG] pynetdicom._handlers - Message ID                    : 2059
2026-10-05 08:06:27,934 [DEBUG] pynetdicom._handlers - Affected SOP Class UID        : CT Image Storage
2026-10-05 08:06:27,934 [DEBUG] pynetdicom._handlers - Affected SOP Instance UID     : 1.3.12.2.1107.5.1.7.123161.30000024073109044472200003690
2026-10-05 08:06:27,934 [DEBUG] pynetdicom._handlers - Data Set                      : Present
2026-10-05 08:06:27,935 [DEBUG] pynetdicom._handlers - Priority                      : Medium
2026-10-05 08:06:27,935 [DEBUG] pynetdicom._handlers - ============================ END DIMSE MESSAGE =============================
2026-10-05 08:06:27,936 [DEBUG] pynetdicom.dsutils - pydicom.read_dataset() TransferSyntax="Little Endian Implicit"
2026-10-05 08:06:27,942 [INFO] HealthPACS - Utility: Directory esistente verificata: G:\ArchiveRoot\1.2.840.113619.2.1075997
2026-10-05 08:06:27,945 [INFO] HealthPACS - Utility: Directory esistente verificata: G:\ArchiveRoot\1.2.840.113619.2.1075997\1.3.12.2.1107.5.1.7.123161.30000024073109044472200000734
2026-10-05 08:06:27,951 [INFO] HealthPACS - [InstancesRepo] Creata nuova istanza [SOP: 1.3.12.2.1107.5.1.7.123161.30000024073109044472200003690]
2026-10-05 08:06:27,955 [INFO] HealthPACS - C-STORE: Salvata Istanza [ID: 6157, SOP: 1.3.12.2.1107.5.1.7.123161.30000024073109044472200003690] | Dim: 528812 B | Path: G:\ArchiveRoot\1.2.840.113619.2.1075997\1.3.12.2.1107.5.1.7.123161.30000024073109044472200000734\1.3.12.2.1107.5.1.7.123161.30000024073109044472200003690.dcm
2026-10-05 08:06:28,041 [DEBUG] pynetdicom.dsutils - pydicom.read_dataset() TransferSyntax="Little Endian Implicit"
2026-10-05 08:06:28,047 [INFO] pynetdicom._handlers - Received Store Request
2026-10-05 08:06:28,048 [DEBUG] pynetdicom._handlers - ========================== INCOMING DIMSE MESSAGE ==========================
2026-10-05 08:06:28,048 [DEBUG] pynetdicom._handlers - Message Type                  : C-STORE RQ
2026-10-05 08:06:28,048 [DEBUG] pynetdicom._handlers - Presentation Context ID       : 21
2026-10-05 08:06:28,048 [DEBUG] pynetdicom._handlers - Message ID                    : 2060
2026-10-05 08:06:28,048 [DEBUG] pynetdicom._handlers - Affected SOP Class UID        : CT Image Storage
2026-10-05 08:06:28,048 [DEBUG] pynetdicom._handlers - Affected SOP Instance UID     : 1.3.12.2.1107.5.1.7.123161.30000024073109044472200003691
2026-10-05 08:06:28,049 [DEBUG] pynetdicom._handlers - Data Set                      : Present
2026-10-05 08:06:28,049 [DEBUG] pynetdicom._handlers - Priority                      : Medium
2026-10-05 08:06:28,049 [DEBUG] pynetdicom._handlers - ============================ END DIMSE MESSAGE =============================
2026-10-05 08:06:28,050 [DEBUG] pynetdicom.dsutils - pydicom.read_dataset() TransferSyntax="Little Endian Implicit"
2026-10-05 08:06:28,054 [INFO] HealthPACS - Utility: Directory esistente verificata: G:\ArchiveRoot\1.2.840.113619.2.1075997
2026-10-05 08:06:28,055 [INFO] HealthPACS - Utility: Directory esistente verificata: G:\ArchiveRoot\1.2.840.113619.2.1075997\1.3.12.2.1107.5.1.7.123161.30000024073109044472200000734
2026-10-05 08:06:28,060 [INFO] HealthPACS - [InstancesRepo] Creata nuova istanza [SOP: 1.3.12.2.1107.5.1.7.123161.30000024073109044472200003691]
2026-10-05 08:06:28,063 [INFO] HealthPACS - C-STORE: Salvata Istanza [ID: 6158, SOP: 1.3.12.2.1107.5.1.7.123161.30000024073109044472200003691] | Dim: 528812 B | Path: G:\ArchiveRoot\1.2.840.113619.2.1075997\1.3.12.2.1107.5.1.7.123161.30000024073109044472200000734\1.3.12.2.1107.5.1.7.123161.30000024073109044472200003691.dcm
2026-10-05 08:06:28,155 [DEBUG] pynetdicom.dsutils - pydicom.read_dataset() TransferSyntax="Little Endian Implicit"
2026-10-05 08:06:28,163 [INFO] pynetdicom._handlers - Received Store Request
2026-10-05 08:06:28,163 [DEBUG] pynetdicom._handlers - ========================== INCOMING DIMSE MESSAGE ==========================
2026-10-05 08:06:28,163 [DEBUG] pynetdicom._handlers - Message Type                  : C-STORE RQ
2026-10-05 08:06:28,163 [DEBUG] pynetdicom._handlers - Presentation Context ID       : 21
2026-10-05 08:06:28,163 [DEBUG] pynetdicom._handlers - Message ID                    : 2061
2026-10-05 08:06:28,163 [DEBUG] pynetdicom._handlers - Affected SOP Class UID        : CT Image Storage
2026-10-05 08:06:28,163 [DEBUG] pynetdicom._handlers - Affected SOP Instance UID     : 1.3.12.2.1107.5.1.7.123161.30000024073109044472200003692
2026-10-05 08:06:28,163 [DEBUG] pynetdicom._handlers - Data Set                      : Present
2026-10-05 08:06:28,164 [DEBUG] pynetdicom._handlers - Priority                      : Medium
2026-10-05 08:06:28,164 [DEBUG] pynetdicom._handlers - ============================ END DIMSE MESSAGE =============================
2026-10-05 08:06:28,165 [DEBUG] pynetdicom.dsutils - pydicom.read_dataset() TransferSyntax="Little Endian Implicit"
2026-10-05 08:06:28,168 [INFO] HealthPACS - Utility: Directory esistente verificata: G:\ArchiveRoot\1.2.840.113619.2.1075997
2026-10-05 08:06:28,169 [INFO] HealthPACS - Utility: Directory esistente verificata: G:\ArchiveRoot\1.2.840.113619.2.1075997\1.3.12.2.1107.5.1.7.123161.30000024073109044472200000734
2026-10-05 08:06:28,172 [INFO] HealthPACS - [InstancesRepo] Creata nuova istanza [SOP: 1.3.12.2.1107.5.1.7.123161.30000024073109044472200003692]
2026-10-05 08:06:28,175 [INFO] HealthPACS - C-STORE: Salvata Istanza [ID: 6159, SOP: 1.3.12.2.1107.5.1.7.123161.30000024073109044472200003692] | Dim: 528812 B | Path: G:\ArchiveRoot\1.2.840.113619.2.1075997\1.3.12.2.1107.5.1.7.123161.30000024073109044472200000734\1.3.12.2.1107.5.1.7.123161.30000024073109044472200003692.dcm
2026-10-05 08:06:28,296 [DEBUG] pynetdicom.dsutils - pydicom.read_dataset() TransferSyntax="Little Endian Implicit"
2026-10-05 08:06:28,301 [INFO] pynetdicom._handlers - Received Store Request
2026-10-05 08:06:28,301 [DEBUG] pynetdicom._handlers - ========================== INCOMING DIMSE MESSAGE ==========================
2026-10-05 08:06:28,301 [DEBUG] pynetdicom._handlers - Message Type                  : C-STORE RQ
2026-10-05 08:06:28,302 [DEBUG] pynetdicom._handlers - Presentation Context ID       : 21
2026-10-05 08:06:28,302 [DEBUG] pynetdicom._handlers - Message ID                    : 2062
2026-10-05 08:06:28,302 [DEBUG] pynetdicom._handlers - Affected SOP Class UID        : CT Image Storage
2026-10-05 08:06:28,302 [DEBUG] pynetdicom._handlers - Affected SOP Instance UID     : 1.3.12.2.1107.5.1.7.123161.30000024073109044472200003693
2026-10-05 08:06:28,302 [DEBUG] pynetdicom._handlers - Data Set                      : Present
2026-10-05 08:06:28,302 [DEBUG] pynetdicom._handlers - Priority                      : Medium
2026-10-05 08:06:28,302 [DEBUG] pynetdicom._handlers - ============================ END DIMSE MESSAGE =============================
2026-10-05 08:06:28,303 [DEBUG] pynetdicom.dsutils - pydicom.read_dataset() TransferSyntax="Little Endian Implicit"
2026-10-05 08:06:28,307 [INFO] HealthPACS - Utility: Directory esistente verificata: G:\ArchiveRoot\1.2.840.113619.2.1075997
2026-10-05 08:06:28,308 [INFO] HealthPACS - Utility: Directory esistente verificata: G:\ArchiveRoot\1.2.840.113619.2.1075997\1.3.12.2.1107.5.1.7.123161.30000024073109044472200000734
2026-10-05 08:06:28,312 [INFO] HealthPACS - [InstancesRepo] Creata nuova istanza [SOP: 1.3.12.2.1107.5.1.7.123161.30000024073109044472200003693]
2026-10-05 08:06:28,314 [INFO] HealthPACS - C-STORE: Salvata Istanza [ID: 6160, SOP: 1.3.12.2.1107.5.1.7.123161.30000024073109044472200003693] | Dim: 528812 B | Path: G:\ArchiveRoot\1.2.840.113619.2.1075997\1.3.12.2.1107.5.1.7.123161.30000024073109044472200000734\1.3.12.2.1107.5.1.7.123161.30000024073109044472200003693.dcm
2026-10-05 08:06:28,448 [DEBUG] pynetdicom.dsutils - pydicom.read_dataset() TransferSyntax="Little Endian Implicit"
2026-10-05 08:06:28,457 [INFO] pynetdicom._handlers - Received Store Request
2026-10-05 08:06:28,457 [DEBUG] pynetdicom._handlers - ========================== INCOMING DIMSE MESSAGE ==========================
2026-10-05 08:06:28,457 [DEBUG] pynetdicom._handlers - Message Type                  : C-STORE RQ
2026-10-05 08:06:28,458 [DEBUG] pynetdicom._handlers - Presentation Context ID       : 21
2026-10-05 08:06:28,458 [DEBUG] pynetdicom._handlers - Message ID                    : 2063
2026-10-05 08:06:28,458 [DEBUG] pynetdicom._handlers - Affected SOP Class UID        : CT Image Storage
2026-10-05 08:06:28,458 [DEBUG] pynetdicom._handlers - Affected SOP Instance UID     : 1.3.12.2.1107.5.1.7.123161.30000024073109044472200003694
2026-10-05 08:06:28,458 [DEBUG] pynetdicom._handlers - Data Set                      : Present
2026-10-05 08:06:28,458 [DEBUG] pynetdicom._handlers - Priority                      : Medium
2026-10-05 08:06:28,458 [DEBUG] pynetdicom._handlers - ============================ END DIMSE MESSAGE =============================
2026-10-05 08:06:28,460 [DEBUG] pynetdicom.dsutils - pydicom.read_dataset() TransferSyntax="Little Endian Implicit"
2026-10-05 08:06:28,464 [INFO] HealthPACS - Utility: Directory esistente verificata: G:\ArchiveRoot\1.2.840.113619.2.1075997
2026-10-05 08:06:28,465 [INFO] HealthPACS - Utility: Directory esistente verificata: G:\ArchiveRoot\1.2.840.113619.2.1075997\1.3.12.2.1107.5.1.7.123161.30000024073109044472200000734
2026-10-05 08:06:28,468 [INFO] HealthPACS - [InstancesRepo] Creata nuova istanza [SOP: 1.3.12.2.1107.5.1.7.123161.30000024073109044472200003694]
2026-10-05 08:06:28,470 [INFO] HealthPACS - C-STORE: Salvata Istanza [ID: 6161, SOP: 1.3.12.2.1107.5.1.7.123161.30000024073109044472200003694] | Dim: 528812 B | Path: G:\ArchiveRoot\1.2.840.113619.2.1075997\1.3.12.2.1107.5.1.7.123161.30000024073109044472200000734\1.3.12.2.1107.5.1.7.123161.30000024073109044472200003694.dcm
2026-10-05 08:06:28,599 [DEBUG] pynetdicom.dsutils - pydicom.read_dataset() TransferSyntax="Little Endian Implicit"
2026-10-05 08:06:28,605 [INFO] pynetdicom._handlers - Received Store Request
2026-10-05 08:06:28,605 [DEBUG] pynetdicom._handlers - ========================== INCOMING DIMSE MESSAGE ==========================
2026-10-05 08:06:28,605 [DEBUG] pynetdicom._handlers - Message Type                  : C-STORE RQ
2026-10-05 08:06:28,606 [DEBUG] pynetdicom._handlers - Presentation Context ID       : 21
2026-10-05 08:06:28,606 [DEBUG] pynetdicom._handlers - Message ID                    : 2064
2026-10-05 08:06:28,606 [DEBUG] pynetdicom._handlers - Affected SOP Class UID        : CT Image Storage
2026-10-05 08:06:28,606 [DEBUG] pynetdicom._handlers - Affected SOP Instance UID     : 1.3.12.2.1107.5.1.7.123161.30000024073109044472200003695
2026-10-05 08:06:28,606 [DEBUG] pynetdicom._handlers - Data Set                      : Present
2026-10-05 08:06:28,606 [DEBUG] pynetdicom._handlers - Priority                      : Medium
2026-10-05 08:06:28,606 [DEBUG] pynetdicom._handlers - ============================ END DIMSE MESSAGE =============================
2026-10-05 08:06:28,607 [DEBUG] pynetdicom.dsutils - pydicom.read_dataset() TransferSyntax="Little Endian Implicit"
2026-10-05 08:06:28,611 [INFO] HealthPACS - Utility: Directory esistente verificata: G:\ArchiveRoot\1.2.840.113619.2.1075997
2026-10-05 08:06:28,613 [INFO] HealthPACS - Utility: Directory esistente verificata: G:\ArchiveRoot\1.2.840.113619.2.1075997\1.3.12.2.1107.5.1.7.123161.30000024073109044472200000734
2026-10-05 08:06:28,618 [INFO] HealthPACS - [InstancesRepo] Creata nuova istanza [SOP: 1.3.12.2.1107.5.1.7.123161.30000024073109044472200003695]
2026-10-05 08:06:28,621 [INFO] HealthPACS - C-STORE: Salvata Istanza [ID: 6162, SOP: 1.3.12.2.1107.5.1.7.123161.30000024073109044472200003695] | Dim: 528812 B | Path: G:\ArchiveRoot\1.2.840.113619.2.1075997\1.3.12.2.1107.5.1.7.123161.30000024073109044472200000734\1.3.12.2.1107.5.1.7.123161.30000024073109044472200003695.dcm
2026-10-05 08:06:28,816 [DEBUG] pynetdicom.dsutils - pydicom.read_dataset() TransferSyntax="Little Endian Implicit"
2026-10-05 08:06:28,828 [INFO] pynetdicom._handlers - Received Store Request
2026-10-05 08:06:28,828 [DEBUG] pynetdicom._handlers - ========================== INCOMING DIMSE MESSAGE ==========================
2026-10-05 08:06:28,828 [DEBUG] pynetdicom._handlers - Message Type                  : C-STORE RQ
2026-10-05 08:06:28,828 [DEBUG] pynetdicom._handlers - Presentation Context ID       : 21
2026-10-05 08:06:28,829 [DEBUG] pynetdicom._handlers - Message ID                    : 2065
2026-10-05 08:06:28,829 [DEBUG] pynetdicom._handlers - Affected SOP Class UID        : CT Image Storage
2026-10-05 08:06:28,829 [DEBUG] pynetdicom._handlers - Affected SOP Instance UID     : 1.3.12.2.1107.5.1.7.123161.30000024073109044472200003696
2026-10-05 08:06:28,829 [DEBUG] pynetdicom._handlers - Data Set                      : Present
2026-10-05 08:06:28,829 [DEBUG] pynetdicom._handlers - Priority                      : Medium
2026-10-05 08:06:28,829 [DEBUG] pynetdicom._handlers - ============================ END DIMSE MESSAGE =============================
2026-10-05 08:06:28,830 [DEBUG] pynetdicom.dsutils - pydicom.read_dataset() TransferSyntax="Little Endian Implicit"
2026-10-05 08:06:28,833 [INFO] HealthPACS - Utility: Directory esistente verificata: G:\ArchiveRoot\1.2.840.113619.2.1075997
2026-10-05 08:06:28,834 [INFO] HealthPACS - Utility: Directory esistente verificata: G:\ArchiveRoot\1.2.840.113619.2.1075997\1.3.12.2.1107.5.1.7.123161.30000024073109044472200000734
2026-10-05 08:06:28,837 [INFO] HealthPACS - [InstancesRepo] Creata nuova istanza [SOP: 1.3.12.2.1107.5.1.7.123161.30000024073109044472200003696]
2026-10-05 08:06:28,839 [INFO] HealthPACS - C-STORE: Salvata Istanza [ID: 6163, SOP: 1.3.12.2.1107.5.1.7.123161.30000024073109044472200003696] | Dim: 528812 B | Path: G:\ArchiveRoot\1.2.840.113619.2.1075997\1.3.12.2.1107.5.1.7.123161.30000024073109044472200000734\1.3.12.2.1107.5.1.7.123161.30000024073109044472200003696.dcm
2026-10-05 08:06:29,029 [DEBUG] pynetdicom.dsutils - pydicom.read_dataset() TransferSyntax="Little Endian Implicit"
2026-10-05 08:06:29,037 [INFO] pynetdicom._handlers - Received Store Request
2026-10-05 08:06:29,037 [DEBUG] pynetdicom._handlers - ========================== INCOMING DIMSE MESSAGE ==========================
2026-10-05 08:06:29,038 [DEBUG] pynetdicom._handlers - Message Type                  : C-STORE RQ
2026-10-05 08:06:29,038 [DEBUG] pynetdicom._handlers - Presentation Context ID       : 21
2026-10-05 08:06:29,038 [DEBUG] pynetdicom._handlers - Message ID                    : 2066
2026-10-05 08:06:29,038 [DEBUG] pynetdicom._handlers - Affected SOP Class UID        : CT Image Storage
2026-10-05 08:06:29,038 [DEBUG] pynetdicom._handlers - Affected SOP Instance UID     : 1.3.12.2.1107.5.1.7.123161.30000024073109044472200003697
2026-10-05 08:06:29,038 [DEBUG] pynetdicom._handlers - Data Set                      : Present
2026-10-05 08:06:29,038 [DEBUG] pynetdicom._handlers - Priority                      : Medium
2026-10-05 08:06:29,038 [DEBUG] pynetdicom._handlers - ============================ END DIMSE MESSAGE =============================
2026-10-05 08:06:29,040 [DEBUG] pynetdicom.dsutils - pydicom.read_dataset() TransferSyntax="Little Endian Implicit"
2026-10-05 08:06:29,043 [INFO] HealthPACS - Utility: Directory esistente verificata: G:\ArchiveRoot\1.2.840.113619.2.1075997
2026-10-05 08:06:29,044 [INFO] HealthPACS - Utility: Directory esistente verificata: G:\ArchiveRoot\1.2.840.113619.2.1075997\1.3.12.2.1107.5.1.7.123161.30000024073109044472200000734
2026-10-05 08:06:29,046 [INFO] HealthPACS - [InstancesRepo] Creata nuova istanza [SOP: 1.3.12.2.1107.5.1.7.123161.30000024073109044472200003697]
2026-10-05 08:06:29,049 [INFO] HealthPACS - C-STORE: Salvata Istanza [ID: 6164, SOP: 1.3.12.2.1107.5.1.7.123161.30000024073109044472200003697] | Dim: 528812 B | Path: G:\ArchiveRoot\1.2.840.113619.2.1075997\1.3.12.2.1107.5.1.7.123161.30000024073109044472200000734\1.3.12.2.1107.5.1.7.123161.30000024073109044472200003697.dcm
2026-10-05 08:06:29,307 [DEBUG] pynetdicom.dsutils - pydicom.read_dataset() TransferSyntax="Little Endian Implicit"
2026-10-05 08:06:29,316 [INFO] pynetdicom._handlers - Received Store Request
2026-10-05 08:06:29,317 [DEBUG] pynetdicom._handlers - ========================== INCOMING DIMSE MESSAGE ==========================
2026-10-05 08:06:29,317 [DEBUG] pynetdicom._handlers - Message Type                  : C-STORE RQ
2026-10-05 08:06:29,317 [DEBUG] pynetdicom._handlers - Presentation Context ID       : 21
2026-10-05 08:06:29,317 [DEBUG] pynetdicom._handlers - Message ID                    : 2067
2026-10-05 08:06:29,317 [DEBUG] pynetdicom._handlers - Affected SOP Class UID        : CT Image Storage
2026-10-05 08:06:29,317 [DEBUG] pynetdicom._handlers - Affected SOP Instance UID     : 1.3.12.2.1107.5.1.7.123161.30000024073109044472200002655
2026-10-05 08:06:29,317 [DEBUG] pynetdicom._handlers - Data Set                      : Present
2026-10-05 08:06:29,317 [DEBUG] pynetdicom._handlers - Priority                      : Medium
2026-10-05 08:06:29,318 [DEBUG] pynetdicom._handlers - ============================ END DIMSE MESSAGE =============================
2026-10-05 08:06:29,318 [DEBUG] pynetdicom.dsutils - pydicom.read_dataset() TransferSyntax="Little Endian Implicit"
2026-10-05 08:06:29,322 [INFO] HealthPACS - Utility: Directory esistente verificata: G:\ArchiveRoot\1.2.840.113619.2.1075997
2026-10-05 08:06:29,323 [INFO] HealthPACS - Utility: Directory esistente verificata: G:\ArchiveRoot\1.2.840.113619.2.1075997\1.3.12.2.1107.5.1.7.123161.30000024073109044472200000734
2026-10-05 08:06:29,329 [INFO] HealthPACS - [InstancesRepo] Creata nuova istanza [SOP: 1.3.12.2.1107.5.1.7.123161.30000024073109044472200002655]
2026-10-05 08:06:29,332 [INFO] HealthPACS - C-STORE: Salvata Istanza [ID: 6165, SOP: 1.3.12.2.1107.5.1.7.123161.30000024073109044472200002655] | Dim: 528820 B | Path: G:\ArchiveRoot\1.2.840.113619.2.1075997\1.3.12.2.1107.5.1.7.123161.30000024073109044472200000734\1.3.12.2.1107.5.1.7.123161.30000024073109044472200002655.dcm
2026-10-05 08:06:29,499 [DEBUG] pynetdicom.dsutils - pydicom.read_dataset() TransferSyntax="Little Endian Implicit"
2026-10-05 08:06:29,505 [INFO] pynetdicom._handlers - Received Store Request
2026-10-05 08:06:29,505 [DEBUG] pynetdicom._handlers - ========================== INCOMING DIMSE MESSAGE ==========================
2026-10-05 08:06:29,505 [DEBUG] pynetdicom._handlers - Message Type                  : C-STORE RQ
2026-10-05 08:06:29,505 [DEBUG] pynetdicom._handlers - Presentation Context ID       : 21
2026-10-05 08:06:29,505 [DEBUG] pynetdicom._handlers - Message ID                    : 2068
2026-10-05 08:06:29,506 [DEBUG] pynetdicom._handlers - Affected SOP Class UID        : CT Image Storage
2026-10-05 08:06:29,506 [DEBUG] pynetdicom._handlers - Affected SOP Instance UID     : 1.3.12.2.1107.5.1.7.123161.30000024073109044472200003698
2026-10-05 08:06:29,506 [DEBUG] pynetdicom._handlers - Data Set                      : Present
2026-10-05 08:06:29,506 [DEBUG] pynetdicom._handlers - Priority                      : Medium
2026-10-05 08:06:29,506 [DEBUG] pynetdicom._handlers - ============================ END DIMSE MESSAGE =============================
2026-10-05 08:06:29,507 [DEBUG] pynetdicom.dsutils - pydicom.read_dataset() TransferSyntax="Little Endian Implicit"
2026-10-05 08:06:29,510 [INFO] HealthPACS - Utility: Directory esistente verificata: G:\ArchiveRoot\1.2.840.113619.2.1075997
2026-10-05 08:06:29,511 [INFO] HealthPACS - Utility: Directory esistente verificata: G:\ArchiveRoot\1.2.840.113619.2.1075997\1.3.12.2.1107.5.1.7.123161.30000024073109044472200000734
2026-10-05 08:06:29,514 [INFO] HealthPACS - [InstancesRepo] Creata nuova istanza [SOP: 1.3.12.2.1107.5.1.7.123161.30000024073109044472200003698]
2026-10-05 08:06:29,516 [INFO] HealthPACS - C-STORE: Salvata Istanza [ID: 6166, SOP: 1.3.12.2.1107.5.1.7.123161.30000024073109044472200003698] | Dim: 528812 B | Path: G:\ArchiveRoot\1.2.840.113619.2.1075997\1.3.12.2.1107.5.1.7.123161.30000024073109044472200000734\1.3.12.2.1107.5.1.7.123161.30000024073109044472200003698.dcm
2026-10-05 08:06:29,652 [DEBUG] pynetdicom.dsutils - pydicom.read_dataset() TransferSyntax="Little Endian Implicit"
2026-10-05 08:06:29,653 [INFO] pynetdicom._handlers - Received Store Request
2026-10-05 08:06:29,653 [DEBUG] pynetdicom._handlers - ========================== INCOMING DIMSE MESSAGE ==========================
2026-10-05 08:06:29,653 [DEBUG] pynetdicom._handlers - Message Type                  : C-STORE RQ
2026-10-05 08:06:29,653 [DEBUG] pynetdicom._handlers - Presentation Context ID       : 21
2026-10-05 08:06:29,653 [DEBUG] pynetdicom._handlers - Message ID                    : 2069
2026-10-05 08:06:29,654 [DEBUG] pynetdicom._handlers - Affected SOP Class UID        : CT Image Storage
2026-10-05 08:06:29,654 [DEBUG] pynetdicom._handlers - Affected SOP Instance UID     : 1.3.12.2.1107.5.1.7.123161.30000024073109044472200003699
2026-10-05 08:06:29,654 [DEBUG] pynetdicom._handlers - Data Set                      : Present
2026-10-05 08:06:29,654 [DEBUG] pynetdicom._handlers - Priority                      : Medium
2026-10-05 08:06:29,654 [DEBUG] pynetdicom._handlers - ============================ END DIMSE MESSAGE =============================
2026-10-05 08:06:29,654 [DEBUG] pynetdicom.dsutils - pydicom.read_dataset() TransferSyntax="Little Endian Implicit"
2026-10-05 08:06:29,658 [INFO] HealthPACS - Utility: Directory esistente verificata: G:\ArchiveRoot\1.2.840.113619.2.1075997
2026-10-05 08:06:29,660 [INFO] HealthPACS - Utility: Directory esistente verificata: G:\ArchiveRoot\1.2.840.113619.2.1075997\1.3.12.2.1107.5.1.7.123161.30000024073109044472200000734
2026-10-05 08:06:29,663 [INFO] HealthPACS - [InstancesRepo] Creata nuova istanza [SOP: 1.3.12.2.1107.5.1.7.123161.30000024073109044472200003699]
2026-10-05 08:06:29,666 [INFO] HealthPACS - C-STORE: Salvata Istanza [ID: 6167, SOP: 1.3.12.2.1107.5.1.7.123161.30000024073109044472200003699] | Dim: 528812 B | Path: G:\ArchiveRoot\1.2.840.113619.2.1075997\1.3.12.2.1107.5.1.7.123161.30000024073109044472200000734\1.3.12.2.1107.5.1.7.123161.30000024073109044472200003699.dcm
2026-10-05 08:06:29,715 [DEBUG] pynetdicom.dsutils - pydicom.read_dataset() TransferSyntax="Little Endian Implicit"
2026-10-05 08:06:29,717 [INFO] pynetdicom._handlers - Received Store Request
2026-10-05 08:06:29,717 [DEBUG] pynetdicom._handlers - ========================== INCOMING DIMSE MESSAGE ==========================
2026-10-05 08:06:29,717 [DEBUG] pynetdicom._handlers - Message Type                  : C-STORE RQ
2026-10-05 08:06:29,717 [DEBUG] pynetdicom._handlers - Presentation Context ID       : 21
2026-10-05 08:06:29,717 [DEBUG] pynetdicom._handlers - Message ID                    : 2070
2026-10-05 08:06:29,717 [DEBUG] pynetdicom._handlers - Affected SOP Class UID        : CT Image Storage
2026-10-05 08:06:29,717 [DEBUG] pynetdicom._handlers - Affected SOP Instance UID     : 1.3.12.2.1107.5.1.7.123161.30000024073109044472200003700
2026-10-05 08:06:29,717 [DEBUG] pynetdicom._handlers - Data Set                      : Present
2026-10-05 08:06:29,718 [DEBUG] pynetdicom._handlers - Priority                      : Medium
2026-10-05 08:06:29,718 [DEBUG] pynetdicom._handlers - ============================ END DIMSE MESSAGE =============================
2026-10-05 08:06:29,719 [DEBUG] pynetdicom.dsutils - pydicom.read_dataset() TransferSyntax="Little Endian Implicit"
2026-10-05 08:06:29,723 [INFO] HealthPACS - Utility: Directory esistente verificata: G:\ArchiveRoot\1.2.840.113619.2.1075997
2026-10-05 08:06:29,724 [INFO] HealthPACS - Utility: Directory esistente verificata: G:\ArchiveRoot\1.2.840.113619.2.1075997\1.3.12.2.1107.5.1.7.123161.30000024073109044472200000734
2026-10-05 08:06:29,729 [INFO] HealthPACS - [InstancesRepo] Creata nuova istanza [SOP: 1.3.12.2.1107.5.1.7.123161.30000024073109044472200003700]
2026-10-05 08:06:29,733 [INFO] HealthPACS - C-STORE: Salvata Istanza [ID: 6168, SOP: 1.3.12.2.1107.5.1.7.123161.30000024073109044472200003700] | Dim: 528812 B | Path: G:\ArchiveRoot\1.2.840.113619.2.1075997\1.3.12.2.1107.5.1.7.123161.30000024073109044472200000734\1.3.12.2.1107.5.1.7.123161.30000024073109044472200003700.dcm
2026-10-05 08:06:29,761 [DEBUG] pynetdicom.dsutils - pydicom.read_dataset() TransferSyntax="Little Endian Implicit"
2026-10-05 08:06:29,763 [INFO] pynetdicom._handlers - Received Store Request
2026-10-05 08:06:29,763 [DEBUG] pynetdicom._handlers - ========================== INCOMING DIMSE MESSAGE ==========================
2026-10-05 08:06:29,763 [DEBUG] pynetdicom._handlers - Message Type                  : C-STORE RQ
2026-10-05 08:06:29,763 [DEBUG] pynetdicom._handlers - Presentation Context ID       : 21
2026-10-05 08:06:29,763 [DEBUG] pynetdicom._handlers - Message ID                    : 2071
2026-10-05 08:06:29,764 [DEBUG] pynetdicom._handlers - Affected SOP Class UID        : CT Image Storage
2026-10-05 08:06:29,764 [DEBUG] pynetdicom._handlers - Affected SOP Instance UID     : 1.3.12.2.1107.5.1.7.123161.30000024073109044472200003701
2026-10-05 08:06:29,764 [DEBUG] pynetdicom._handlers - Data Set                      : Present
2026-10-05 08:06:29,764 [DEBUG] pynetdicom._handlers - Priority                      : Medium
2026-10-05 08:06:29,764 [DEBUG] pynetdicom._handlers - ============================ END DIMSE MESSAGE =============================
2026-10-05 08:06:29,766 [DEBUG] pynetdicom.dsutils - pydicom.read_dataset() TransferSyntax="Little Endian Implicit"
2026-10-05 08:06:29,769 [INFO] HealthPACS - Utility: Directory esistente verificata: G:\ArchiveRoot\1.2.840.113619.2.1075997
2026-10-05 08:06:29,770 [INFO] HealthPACS - Utility: Directory esistente verificata: G:\ArchiveRoot\1.2.840.113619.2.1075997\1.3.12.2.1107.5.1.7.123161.30000024073109044472200000734
2026-10-05 08:06:29,774 [INFO] HealthPACS - [InstancesRepo] Creata nuova istanza [SOP: 1.3.12.2.1107.5.1.7.123161.30000024073109044472200003701]
2026-10-05 08:06:29,777 [INFO] HealthPACS - C-STORE: Salvata Istanza [ID: 6169, SOP: 1.3.12.2.1107.5.1.7.123161.30000024073109044472200003701] | Dim: 528812 B | Path: G:\ArchiveRoot\1.2.840.113619.2.1075997\1.3.12.2.1107.5.1.7.123161.30000024073109044472200000734\1.3.12.2.1107.5.1.7.123161.30000024073109044472200003701.dcm
2026-10-05 08:06:29,808 [DEBUG] pynetdicom.dsutils - pydicom.read_dataset() TransferSyntax="Little Endian Implicit"
2026-10-05 08:06:29,810 [INFO] pynetdicom._handlers - Received Store Request
2026-10-05 08:06:29,810 [DEBUG] pynetdicom._handlers - ========================== INCOMING DIMSE MESSAGE ==========================
2026-10-05 08:06:29,810 [DEBUG] pynetdicom._handlers - Message Type                  : C-STORE RQ
2026-10-05 08:06:29,810 [DEBUG] pynetdicom._handlers - Presentation Context ID       : 21
2026-10-05 08:06:29,810 [DEBUG] pynetdicom._handlers - Message ID                    : 2072
2026-10-05 08:06:29,810 [DEBUG] pynetdicom._handlers - Affected SOP Class UID        : CT Image Storage
2026-10-05 08:06:29,810 [DEBUG] pynetdicom._handlers - Affected SOP Instance UID     : 1.3.12.2.1107.5.1.7.123161.30000024073109044472200003702
2026-10-05 08:06:29,811 [DEBUG] pynetdicom._handlers - Data Set                      : Present
2026-10-05 08:06:29,811 [DEBUG] pynetdicom._handlers - Priority                      : Medium
2026-10-05 08:06:29,811 [DEBUG] pynetdicom._handlers - ============================ END DIMSE MESSAGE =============================
2026-10-05 08:06:29,813 [DEBUG] pynetdicom.dsutils - pydicom.read_dataset() TransferSyntax="Little Endian Implicit"
2026-10-05 08:06:29,819 [INFO] HealthPACS - Utility: Directory esistente verificata: G:\ArchiveRoot\1.2.840.113619.2.1075997
2026-10-05 08:06:29,821 [INFO] HealthPACS - Utility: Directory esistente verificata: G:\ArchiveRoot\1.2.840.113619.2.1075997\1.3.12.2.1107.5.1.7.123161.30000024073109044472200000734
2026-10-05 08:06:29,826 [INFO] HealthPACS - [InstancesRepo] Creata nuova istanza [SOP: 1.3.12.2.1107.5.1.7.123161.30000024073109044472200003702]
2026-10-05 08:06:29,831 [INFO] HealthPACS - C-STORE: Salvata Istanza [ID: 6170, SOP: 1.3.12.2.1107.5.1.7.123161.30000024073109044472200003702] | Dim: 528812 B | Path: G:\ArchiveRoot\1.2.840.113619.2.1075997\1.3.12.2.1107.5.1.7.123161.30000024073109044472200000734\1.3.12.2.1107.5.1.7.123161.30000024073109044472200003702.dcm
2026-10-05 08:06:29,874 [DEBUG] pynetdicom.dsutils - pydicom.read_dataset() TransferSyntax="Little Endian Implicit"
2026-10-05 08:06:29,876 [INFO] pynetdicom._handlers - Received Store Request
2026-10-05 08:06:29,876 [DEBUG] pynetdicom._handlers - ========================== INCOMING DIMSE MESSAGE ==========================
2026-10-05 08:06:29,876 [DEBUG] pynetdicom._handlers - Message Type                  : C-STORE RQ
2026-10-05 08:06:29,876 [DEBUG] pynetdicom._handlers - Presentation Context ID       : 21
2026-10-05 08:06:29,877 [DEBUG] pynetdicom._handlers - Message ID                    : 2073
2026-10-05 08:06:29,877 [DEBUG] pynetdicom._handlers - Affected SOP Class UID        : CT Image Storage
2026-10-05 08:06:29,877 [DEBUG] pynetdicom._handlers - Affected SOP Instance UID     : 1.3.12.2.1107.5.1.7.123161.30000024073109044472200003703
2026-10-05 08:06:29,877 [DEBUG] pynetdicom._handlers - Data Set                      : Present
2026-10-05 08:06:29,877 [DEBUG] pynetdicom._handlers - Priority                      : Medium
2026-10-05 08:06:29,877 [DEBUG] pynetdicom._handlers - ============================ END DIMSE MESSAGE =============================
2026-10-05 08:06:29,879 [DEBUG] pynetdicom.dsutils - pydicom.read_dataset() TransferSyntax="Little Endian Implicit"
2026-10-05 08:06:29,883 [INFO] HealthPACS - Utility: Directory esistente verificata: G:\ArchiveRoot\1.2.840.113619.2.1075997
2026-10-05 08:06:29,884 [INFO] HealthPACS - Utility: Directory esistente verificata: G:\ArchiveRoot\1.2.840.113619.2.1075997\1.3.12.2.1107.5.1.7.123161.30000024073109044472200000734
2026-10-05 08:06:29,887 [INFO] HealthPACS - [InstancesRepo] Creata nuova istanza [SOP: 1.3.12.2.1107.5.1.7.123161.30000024073109044472200003703]
2026-10-05 08:06:29,891 [INFO] HealthPACS - C-STORE: Salvata Istanza [ID: 6171, SOP: 1.3.12.2.1107.5.1.7.123161.30000024073109044472200003703] | Dim: 528812 B | Path: G:\ArchiveRoot\1.2.840.113619.2.1075997\1.3.12.2.1107.5.1.7.123161.30000024073109044472200000734\1.3.12.2.1107.5.1.7.123161.30000024073109044472200003703.dcm
2026-10-05 08:06:29,927 [DEBUG] pynetdicom.dsutils - pydicom.read_dataset() TransferSyntax="Little Endian Implicit"
2026-10-05 08:06:29,929 [INFO] pynetdicom._handlers - Received Store Request
2026-10-05 08:06:29,929 [DEBUG] pynetdicom._handlers - ========================== INCOMING DIMSE MESSAGE ==========================
2026-10-05 08:06:29,929 [DEBUG] pynetdicom._handlers - Message Type                  : C-STORE RQ
2026-10-05 08:06:29,929 [DEBUG] pynetdicom._handlers - Presentation Context ID       : 21
2026-10-05 08:06:29,929 [DEBUG] pynetdicom._handlers - Message ID                    : 2074
2026-10-05 08:06:29,929 [DEBUG] pynetdicom._handlers - Affected SOP Class UID        : CT Image Storage
2026-10-05 08:06:29,930 [DEBUG] pynetdicom._handlers - Affected SOP Instance UID     : 1.3.12.2.1107.5.1.7.123161.30000024073109044472200003704
2026-10-05 08:06:29,930 [DEBUG] pynetdicom._handlers - Data Set                      : Present
2026-10-05 08:06:29,930 [DEBUG] pynetdicom._handlers - Priority                      : Medium
2026-10-05 08:06:29,930 [DEBUG] pynetdicom._handlers - ============================ END DIMSE MESSAGE =============================
2026-10-05 08:06:29,931 [DEBUG] pynetdicom.dsutils - pydicom.read_dataset() TransferSyntax="Little Endian Implicit"
2026-10-05 08:06:29,934 [INFO] HealthPACS - Utility: Directory esistente verificata: G:\ArchiveRoot\1.2.840.113619.2.1075997
2026-10-05 08:06:29,935 [INFO] HealthPACS - Utility: Directory esistente verificata: G:\ArchiveRoot\1.2.840.113619.2.1075997\1.3.12.2.1107.5.1.7.123161.30000024073109044472200000734
2026-10-05 08:06:29,938 [INFO] HealthPACS - [InstancesRepo] Creata nuova istanza [SOP: 1.3.12.2.1107.5.1.7.123161.30000024073109044472200003704]
2026-10-05 08:06:29,941 [INFO] HealthPACS - C-STORE: Salvata Istanza [ID: 6172, SOP: 1.3.12.2.1107.5.1.7.123161.30000024073109044472200003704] | Dim: 528812 B | Path: G:\ArchiveRoot\1.2.840.113619.2.1075997\1.3.12.2.1107.5.1.7.123161.30000024073109044472200000734\1.3.12.2.1107.5.1.7.123161.30000024073109044472200003704.dcm
2026-10-05 08:06:29,978 [DEBUG] pynetdicom.dsutils - pydicom.read_dataset() TransferSyntax="Little Endian Implicit"
2026-10-05 08:06:29,979 [INFO] pynetdicom._handlers - Received Store Request
2026-10-05 08:06:29,980 [DEBUG] pynetdicom._handlers - ========================== INCOMING DIMSE MESSAGE ==========================
2026-10-05 08:06:29,980 [DEBUG] pynetdicom._handlers - Message Type                  : C-STORE RQ
2026-10-05 08:06:29,980 [DEBUG] pynetdicom._handlers - Presentation Context ID       : 21
2026-10-05 08:06:29,980 [DEBUG] pynetdicom._handlers - Message ID                    : 2075
2026-10-05 08:06:29,980 [DEBUG] pynetdicom._handlers - Affected SOP Class UID        : CT Image Storage
2026-10-05 08:06:29,980 [DEBUG] pynetdicom._handlers - Affected SOP Instance UID     : 1.3.12.2.1107.5.1.7.123161.30000024073109044472200003705
2026-10-05 08:06:29,980 [DEBUG] pynetdicom._handlers - Data Set                      : Present
2026-10-05 08:06:29,980 [DEBUG] pynetdicom._handlers - Priority                      : Medium
2026-10-05 08:06:29,980 [DEBUG] pynetdicom._handlers - ============================ END DIMSE MESSAGE =============================
2026-10-05 08:06:29,982 [DEBUG] pynetdicom.dsutils - pydicom.read_dataset() TransferSyntax="Little Endian Implicit"
2026-10-05 08:06:29,985 [INFO] HealthPACS - Utility: Directory esistente verificata: G:\ArchiveRoot\1.2.840.113619.2.1075997
2026-10-05 08:06:29,986 [INFO] HealthPACS - Utility: Directory esistente verificata: G:\ArchiveRoot\1.2.840.113619.2.1075997\1.3.12.2.1107.5.1.7.123161.30000024073109044472200000734
2026-10-05 08:06:29,989 [INFO] HealthPACS - [InstancesRepo] Creata nuova istanza [SOP: 1.3.12.2.1107.5.1.7.123161.30000024073109044472200003705]
2026-10-05 08:06:29,992 [INFO] HealthPACS - C-STORE: Salvata Istanza [ID: 6173, SOP: 1.3.12.2.1107.5.1.7.123161.30000024073109044472200003705] | Dim: 528812 B | Path: G:\ArchiveRoot\1.2.840.113619.2.1075997\1.3.12.2.1107.5.1.7.123161.30000024073109044472200000734\1.3.12.2.1107.5.1.7.123161.30000024073109044472200003705.dcm
2026-10-05 08:06:30,038 [DEBUG] pynetdicom.dsutils - pydicom.read_dataset() TransferSyntax="Little Endian Implicit"
2026-10-05 08:06:30,040 [INFO] pynetdicom._handlers - Received Store Request
2026-10-05 08:06:30,040 [DEBUG] pynetdicom._handlers - ========================== INCOMING DIMSE MESSAGE ==========================
2026-10-05 08:06:30,040 [DEBUG] pynetdicom._handlers - Message Type                  : C-STORE RQ
2026-10-05 08:06:30,041 [DEBUG] pynetdicom._handlers - Presentation Context ID       : 21
2026-10-05 08:06:30,041 [DEBUG] pynetdicom._handlers - Message ID                    : 2076
2026-10-05 08:06:30,041 [DEBUG] pynetdicom._handlers - Affected SOP Class UID        : CT Image Storage
2026-10-05 08:06:30,041 [DEBUG] pynetdicom._handlers - Affected SOP Instance UID     : 1.3.12.2.1107.5.1.7.123161.30000024073109044472200003706
2026-10-05 08:06:30,041 [DEBUG] pynetdicom._handlers - Data Set                      : Present
2026-10-05 08:06:30,041 [DEBUG] pynetdicom._handlers - Priority                      : Medium
2026-10-05 08:06:30,041 [DEBUG] pynetdicom._handlers - ============================ END DIMSE MESSAGE =============================
2026-10-05 08:06:30,041 [DEBUG] pynetdicom.dsutils - pydicom.read_dataset() TransferSyntax="Little Endian Implicit"
2026-10-05 08:06:30,045 [INFO] HealthPACS - Utility: Directory esistente verificata: G:\ArchiveRoot\1.2.840.113619.2.1075997
2026-10-05 08:06:30,046 [INFO] HealthPACS - Utility: Directory esistente verificata: G:\ArchiveRoot\1.2.840.113619.2.1075997\1.3.12.2.1107.5.1.7.123161.30000024073109044472200000734
2026-10-05 08:06:30,049 [INFO] HealthPACS - [InstancesRepo] Creata nuova istanza [SOP: 1.3.12.2.1107.5.1.7.123161.30000024073109044472200003706]
2026-10-05 08:06:30,052 [INFO] HealthPACS - C-STORE: Salvata Istanza [ID: 6174, SOP: 1.3.12.2.1107.5.1.7.123161.30000024073109044472200003706] | Dim: 528812 B | Path: G:\ArchiveRoot\1.2.840.113619.2.1075997\1.3.12.2.1107.5.1.7.123161.30000024073109044472200000734\1.3.12.2.1107.5.1.7.123161.30000024073109044472200003706.dcm
2026-10-05 08:06:30,099 [DEBUG] pynetdicom.dsutils - pydicom.read_dataset() TransferSyntax="Little Endian Implicit"
2026-10-05 08:06:30,100 [INFO] pynetdicom._handlers - Received Store Request
2026-10-05 08:06:30,100 [DEBUG] pynetdicom._handlers - ========================== INCOMING DIMSE MESSAGE ==========================
2026-10-05 08:06:30,100 [DEBUG] pynetdicom._handlers - Message Type                  : C-STORE RQ
2026-10-05 08:06:30,100 [DEBUG] pynetdicom._handlers - Presentation Context ID       : 21
2026-10-05 08:06:30,100 [DEBUG] pynetdicom._handlers - Message ID                    : 2077
2026-10-05 08:06:30,100 [DEBUG] pynetdicom._handlers - Affected SOP Class UID        : CT Image Storage
2026-10-05 08:06:30,101 [DEBUG] pynetdicom._handlers - Affected SOP Instance UID     : 1.3.12.2.1107.5.1.7.123161.30000024073109044472200003707
2026-10-05 08:06:30,101 [DEBUG] pynetdicom._handlers - Data Set                      : Present
2026-10-05 08:06:30,101 [DEBUG] pynetdicom._handlers - Priority                      : Medium
2026-10-05 08:06:30,101 [DEBUG] pynetdicom._handlers - ============================ END DIMSE MESSAGE =============================
2026-10-05 08:06:30,102 [DEBUG] pynetdicom.dsutils - pydicom.read_dataset() TransferSyntax="Little Endian Implicit"
2026-10-05 08:06:30,104 [INFO] HealthPACS - Utility: Directory esistente verificata: G:\ArchiveRoot\1.2.840.113619.2.1075997
2026-10-05 08:06:30,106 [INFO] HealthPACS - Utility: Directory esistente verificata: G:\ArchiveRoot\1.2.840.113619.2.1075997\1.3.12.2.1107.5.1.7.123161.30000024073109044472200000734
2026-10-05 08:06:30,109 [INFO] HealthPACS - [InstancesRepo] Creata nuova istanza [SOP: 1.3.12.2.1107.5.1.7.123161.30000024073109044472200003707]
2026-10-05 08:06:30,112 [INFO] HealthPACS - C-STORE: Salvata Istanza [ID: 6175, SOP: 1.3.12.2.1107.5.1.7.123161.30000024073109044472200003707] | Dim: 528812 B | Path: G:\ArchiveRoot\1.2.840.113619.2.1075997\1.3.12.2.1107.5.1.7.123161.30000024073109044472200000734\1.3.12.2.1107.5.1.7.123161.30000024073109044472200003707.dcm
2026-10-05 08:06:30,163 [DEBUG] pynetdicom.dsutils - pydicom.read_dataset() TransferSyntax="Little Endian Implicit"
2026-10-05 08:06:30,165 [INFO] pynetdicom._handlers - Received Store Request
2026-10-05 08:06:30,165 [DEBUG] pynetdicom._handlers - ========================== INCOMING DIMSE MESSAGE ==========================
2026-10-05 08:06:30,165 [DEBUG] pynetdicom._handlers - Message Type                  : C-STORE RQ
2026-10-05 08:06:30,165 [DEBUG] pynetdicom._handlers - Presentation Context ID       : 21
2026-10-05 08:06:30,165 [DEBUG] pynetdicom._handlers - Message ID                    : 2078
2026-10-05 08:06:30,165 [DEBUG] pynetdicom._handlers - Affected SOP Class UID        : CT Image Storage
2026-10-05 08:06:30,166 [DEBUG] pynetdicom._handlers - Affected SOP Instance UID     : 1.3.12.2.1107.5.1.7.123161.30000024073109044472200002656
2026-10-05 08:06:30,166 [DEBUG] pynetdicom._handlers - Data Set                      : Present
2026-10-05 08:06:30,166 [DEBUG] pynetdicom._handlers - Priority                      : Medium
2026-10-05 08:06:30,166 [DEBUG] pynetdicom._handlers - ============================ END DIMSE MESSAGE =============================
2026-10-05 08:06:30,167 [DEBUG] pynetdicom.dsutils - pydicom.read_dataset() TransferSyntax="Little Endian Implicit"
2026-10-05 08:06:30,170 [INFO] HealthPACS - Utility: Directory esistente verificata: G:\ArchiveRoot\1.2.840.113619.2.1075997
2026-10-05 08:06:30,171 [INFO] HealthPACS - Utility: Directory esistente verificata: G:\ArchiveRoot\1.2.840.113619.2.1075997\1.3.12.2.1107.5.1.7.123161.30000024073109044472200000734
2026-10-05 08:06:30,175 [INFO] HealthPACS - [InstancesRepo] Creata nuova istanza [SOP: 1.3.12.2.1107.5.1.7.123161.30000024073109044472200002656]
2026-10-05 08:06:30,178 [INFO] HealthPACS - C-STORE: Salvata Istanza [ID: 6176, SOP: 1.3.12.2.1107.5.1.7.123161.30000024073109044472200002656] | Dim: 528820 B | Path: G:\ArchiveRoot\1.2.840.113619.2.1075997\1.3.12.2.1107.5.1.7.123161.30000024073109044472200000734\1.3.12.2.1107.5.1.7.123161.30000024073109044472200002656.dcm
2026-10-05 08:06:30,230 [DEBUG] pynetdicom.dsutils - pydicom.read_dataset() TransferSyntax="Little Endian Implicit"
2026-10-05 08:06:30,232 [INFO] pynetdicom._handlers - Received Store Request
2026-10-05 08:06:30,233 [DEBUG] pynetdicom._handlers - ========================== INCOMING DIMSE MESSAGE ==========================
2026-10-05 08:06:30,233 [DEBUG] pynetdicom._handlers - Message Type                  : C-STORE RQ
2026-10-05 08:06:30,233 [DEBUG] pynetdicom._handlers - Presentation Context ID       : 21
2026-10-05 08:06:30,233 [DEBUG] pynetdicom._handlers - Message ID                    : 2079
2026-10-05 08:06:30,233 [DEBUG] pynetdicom._handlers - Affected SOP Class UID        : CT Image Storage
2026-10-05 08:06:30,233 [DEBUG] pynetdicom._handlers - Affected SOP Instance UID     : 1.3.12.2.1107.5.1.7.123161.30000024073109044472200003708
2026-10-05 08:06:30,233 [DEBUG] pynetdicom._handlers - Data Set                      : Present
2026-10-05 08:06:30,233 [DEBUG] pynetdicom._handlers - Priority                      : Medium
2026-10-05 08:06:30,233 [DEBUG] pynetdicom._handlers - ============================ END DIMSE MESSAGE =============================
2026-10-05 08:06:30,234 [DEBUG] pynetdicom.dsutils - pydicom.read_dataset() TransferSyntax="Little Endian Implicit"
2026-10-05 08:06:30,237 [INFO] HealthPACS - Utility: Directory esistente verificata: G:\ArchiveRoot\1.2.840.113619.2.1075997
2026-10-05 08:06:30,238 [INFO] HealthPACS - Utility: Directory esistente verificata: G:\ArchiveRoot\1.2.840.113619.2.1075997\1.3.12.2.1107.5.1.7.123161.30000024073109044472200000734
2026-10-05 08:06:30,243 [INFO] HealthPACS - [InstancesRepo] Creata nuova istanza [SOP: 1.3.12.2.1107.5.1.7.123161.30000024073109044472200003708]
2026-10-05 08:06:30,245 [INFO] HealthPACS - C-STORE: Salvata Istanza [ID: 6177, SOP: 1.3.12.2.1107.5.1.7.123161.30000024073109044472200003708] | Dim: 528812 B | Path: G:\ArchiveRoot\1.2.840.113619.2.1075997\1.3.12.2.1107.5.1.7.123161.30000024073109044472200000734\1.3.12.2.1107.5.1.7.123161.30000024073109044472200003708.dcm
2026-10-05 08:06:30,303 [DEBUG] pynetdicom.dsutils - pydicom.read_dataset() TransferSyntax="Little Endian Implicit"
2026-10-05 08:06:30,304 [INFO] pynetdicom._handlers - Received Store Request
2026-10-05 08:06:30,304 [DEBUG] pynetdicom._handlers - ========================== INCOMING DIMSE MESSAGE ==========================
2026-10-05 08:06:30,304 [DEBUG] pynetdicom._handlers - Message Type                  : C-STORE RQ
2026-10-05 08:06:30,304 [DEBUG] pynetdicom._handlers - Presentation Context ID       : 21
2026-10-05 08:06:30,304 [DEBUG] pynetdicom._handlers - Message ID                    : 2080
2026-10-05 08:06:30,304 [DEBUG] pynetdicom._handlers - Affected SOP Class UID        : CT Image Storage
2026-10-05 08:06:30,304 [DEBUG] pynetdicom._handlers - Affected SOP Instance UID     : 1.3.12.2.1107.5.1.7.123161.30000024073109044472200003709
2026-10-05 08:06:30,304 [DEBUG] pynetdicom._handlers - Data Set                      : Present
2026-10-05 08:06:30,305 [DEBUG] pynetdicom._handlers - Priority                      : Medium
2026-10-05 08:06:30,305 [DEBUG] pynetdicom._handlers - ============================ END DIMSE MESSAGE =============================
2026-10-05 08:06:30,306 [DEBUG] pynetdicom.dsutils - pydicom.read_dataset() TransferSyntax="Little Endian Implicit"
2026-10-05 08:06:30,309 [INFO] HealthPACS - Utility: Directory esistente verificata: G:\ArchiveRoot\1.2.840.113619.2.1075997
2026-10-05 08:06:30,312 [INFO] HealthPACS - Utility: Directory esistente verificata: G:\ArchiveRoot\1.2.840.113619.2.1075997\1.3.12.2.1107.5.1.7.123161.30000024073109044472200000734
2026-10-05 08:06:30,315 [INFO] HealthPACS - [InstancesRepo] Creata nuova istanza [SOP: 1.3.12.2.1107.5.1.7.123161.30000024073109044472200003709]
2026-10-05 08:06:30,318 [INFO] HealthPACS - C-STORE: Salvata Istanza [ID: 6178, SOP: 1.3.12.2.1107.5.1.7.123161.30000024073109044472200003709] | Dim: 528812 B | Path: G:\ArchiveRoot\1.2.840.113619.2.1075997\1.3.12.2.1107.5.1.7.123161.30000024073109044472200000734\1.3.12.2.1107.5.1.7.123161.30000024073109044472200003709.dcm
2026-10-05 08:06:30,383 [DEBUG] pynetdicom.dsutils - pydicom.read_dataset() TransferSyntax="Little Endian Implicit"
2026-10-05 08:06:30,384 [INFO] pynetdicom._handlers - Received Store Request
2026-10-05 08:06:30,385 [DEBUG] pynetdicom._handlers - ========================== INCOMING DIMSE MESSAGE ==========================
2026-10-05 08:06:30,385 [DEBUG] pynetdicom._handlers - Message Type                  : C-STORE RQ
2026-10-05 08:06:30,385 [DEBUG] pynetdicom._handlers - Presentation Context ID       : 21
2026-10-05 08:06:30,385 [DEBUG] pynetdicom._handlers - Message ID                    : 2081
2026-10-05 08:06:30,385 [DEBUG] pynetdicom._handlers - Affected SOP Class UID        : CT Image Storage
2026-10-05 08:06:30,385 [DEBUG] pynetdicom._handlers - Affected SOP Instance UID     : 1.3.12.2.1107.5.1.7.123161.30000024073109044472200003710
2026-10-05 08:06:30,385 [DEBUG] pynetdicom._handlers - Data Set                      : Present
2026-10-05 08:06:30,385 [DEBUG] pynetdicom._handlers - Priority                      : Medium
2026-10-05 08:06:30,385 [DEBUG] pynetdicom._handlers - ============================ END DIMSE MESSAGE =============================
2026-10-05 08:06:30,387 [DEBUG] pynetdicom.dsutils - pydicom.read_dataset() TransferSyntax="Little Endian Implicit"
2026-10-05 08:06:30,391 [INFO] HealthPACS - Utility: Directory esistente verificata: G:\ArchiveRoot\1.2.840.113619.2.1075997
2026-10-05 08:06:30,393 [INFO] HealthPACS - Utility: Directory esistente verificata: G:\ArchiveRoot\1.2.840.113619.2.1075997\1.3.12.2.1107.5.1.7.123161.30000024073109044472200000734
2026-10-05 08:06:30,396 [INFO] HealthPACS - [InstancesRepo] Creata nuova istanza [SOP: 1.3.12.2.1107.5.1.7.123161.30000024073109044472200003710]
2026-10-05 08:06:30,399 [INFO] HealthPACS - C-STORE: Salvata Istanza [ID: 6179, SOP: 1.3.12.2.1107.5.1.7.123161.30000024073109044472200003710] | Dim: 528812 B | Path: G:\ArchiveRoot\1.2.840.113619.2.1075997\1.3.12.2.1107.5.1.7.123161.30000024073109044472200000734\1.3.12.2.1107.5.1.7.123161.30000024073109044472200003710.dcm
2026-10-05 08:06:30,464 [DEBUG] pynetdicom.dsutils - pydicom.read_dataset() TransferSyntax="Little Endian Implicit"
2026-10-05 08:06:30,465 [INFO] pynetdicom._handlers - Received Store Request
2026-10-05 08:06:30,466 [DEBUG] pynetdicom._handlers - ========================== INCOMING DIMSE MESSAGE ==========================
2026-10-05 08:06:30,466 [DEBUG] pynetdicom._handlers - Message Type                  : C-STORE RQ
2026-10-05 08:06:30,466 [DEBUG] pynetdicom._handlers - Presentation Context ID       : 21
2026-10-05 08:06:30,466 [DEBUG] pynetdicom._handlers - Message ID                    : 2082
2026-10-05 08:06:30,466 [DEBUG] pynetdicom._handlers - Affected SOP Class UID        : CT Image Storage
2026-10-05 08:06:30,466 [DEBUG] pynetdicom._handlers - Affected SOP Instance UID     : 1.3.12.2.1107.5.1.7.123161.30000024073109044472200003711
2026-10-05 08:06:30,466 [DEBUG] pynetdicom._handlers - Data Set                      : Present
2026-10-05 08:06:30,466 [DEBUG] pynetdicom._handlers - Priority                      : Medium
2026-10-05 08:06:30,466 [DEBUG] pynetdicom._handlers - ============================ END DIMSE MESSAGE =============================
2026-10-05 08:06:30,468 [DEBUG] pynetdicom.dsutils - pydicom.read_dataset() TransferSyntax="Little Endian Implicit"
2026-10-05 08:06:30,471 [INFO] HealthPACS - Utility: Directory esistente verificata: G:\ArchiveRoot\1.2.840.113619.2.1075997
2026-10-05 08:06:30,472 [INFO] HealthPACS - Utility: Directory esistente verificata: G:\ArchiveRoot\1.2.840.113619.2.1075997\1.3.12.2.1107.5.1.7.123161.30000024073109044472200000734
2026-10-05 08:06:30,475 [INFO] HealthPACS - [InstancesRepo] Creata nuova istanza [SOP: 1.3.12.2.1107.5.1.7.123161.30000024073109044472200003711]
2026-10-05 08:06:30,478 [INFO] HealthPACS - C-STORE: Salvata Istanza [ID: 6180, SOP: 1.3.12.2.1107.5.1.7.123161.30000024073109044472200003711] | Dim: 528812 B | Path: G:\ArchiveRoot\1.2.840.113619.2.1075997\1.3.12.2.1107.5.1.7.123161.30000024073109044472200000734\1.3.12.2.1107.5.1.7.123161.30000024073109044472200003711.dcm
2026-10-05 08:06:30,544 [DEBUG] pynetdicom.dsutils - pydicom.read_dataset() TransferSyntax="Little Endian Implicit"
2026-10-05 08:06:30,546 [INFO] pynetdicom._handlers - Received Store Request
2026-10-05 08:06:30,546 [DEBUG] pynetdicom._handlers - ========================== INCOMING DIMSE MESSAGE ==========================
2026-10-05 08:06:30,546 [DEBUG] pynetdicom._handlers - Message Type                  : C-STORE RQ
2026-10-05 08:06:30,546 [DEBUG] pynetdicom._handlers - Presentation Context ID       : 21
2026-10-05 08:06:30,546 [DEBUG] pynetdicom._handlers - Message ID                    : 2083
2026-10-05 08:06:30,547 [DEBUG] pynetdicom._handlers - Affected SOP Class UID        : CT Image Storage
2026-10-05 08:06:30,547 [DEBUG] pynetdicom._handlers - Affected SOP Instance UID     : 1.3.12.2.1107.5.1.7.123161.30000024073109044472200003712
2026-10-05 08:06:30,547 [DEBUG] pynetdicom._handlers - Data Set                      : Present
2026-10-05 08:06:30,547 [DEBUG] pynetdicom._handlers - Priority                      : Medium
2026-10-05 08:06:30,547 [DEBUG] pynetdicom._handlers - ============================ END DIMSE MESSAGE =============================
2026-10-05 08:06:30,548 [DEBUG] pynetdicom.dsutils - pydicom.read_dataset() TransferSyntax="Little Endian Implicit"
2026-10-05 08:06:30,551 [INFO] HealthPACS - Utility: Directory esistente verificata: G:\ArchiveRoot\1.2.840.113619.2.1075997
2026-10-05 08:06:30,552 [INFO] HealthPACS - Utility: Directory esistente verificata: G:\ArchiveRoot\1.2.840.113619.2.1075997\1.3.12.2.1107.5.1.7.123161.30000024073109044472200000734
2026-10-05 08:06:30,555 [INFO] HealthPACS - [InstancesRepo] Creata nuova istanza [SOP: 1.3.12.2.1107.5.1.7.123161.30000024073109044472200003712]
2026-10-05 08:06:30,558 [INFO] HealthPACS - C-STORE: Salvata Istanza [ID: 6181, SOP: 1.3.12.2.1107.5.1.7.123161.30000024073109044472200003712] | Dim: 528812 B | Path: G:\ArchiveRoot\1.2.840.113619.2.1075997\1.3.12.2.1107.5.1.7.123161.30000024073109044472200000734\1.3.12.2.1107.5.1.7.123161.30000024073109044472200003712.dcm
2026-10-05 08:06:30,628 [DEBUG] pynetdicom.dsutils - pydicom.read_dataset() TransferSyntax="Little Endian Implicit"
2026-10-05 08:06:30,630 [INFO] pynetdicom._handlers - Received Store Request
2026-10-05 08:06:30,630 [DEBUG] pynetdicom._handlers - ========================== INCOMING DIMSE MESSAGE ==========================
2026-10-05 08:06:30,630 [DEBUG] pynetdicom._handlers - Message Type                  : C-STORE RQ
2026-10-05 08:06:30,630 [DEBUG] pynetdicom._handlers - Presentation Context ID       : 21
2026-10-05 08:06:30,630 [DEBUG] pynetdicom._handlers - Message ID                    : 2084
2026-10-05 08:06:30,630 [DEBUG] pynetdicom._handlers - Affected SOP Class UID        : CT Image Storage
2026-10-05 08:06:30,630 [DEBUG] pynetdicom._handlers - Affected SOP Instance UID     : 1.3.12.2.1107.5.1.7.123161.30000024073109044472200003713
2026-10-05 08:06:30,631 [DEBUG] pynetdicom._handlers - Data Set                      : Present
2026-10-05 08:06:30,631 [DEBUG] pynetdicom._handlers - Priority                      : Medium
2026-10-05 08:06:30,631 [DEBUG] pynetdicom._handlers - ============================ END DIMSE MESSAGE =============================
2026-10-05 08:06:30,633 [DEBUG] pynetdicom.dsutils - pydicom.read_dataset() TransferSyntax="Little Endian Implicit"
2026-10-05 08:06:30,636 [INFO] HealthPACS - Utility: Directory esistente verificata: G:\ArchiveRoot\1.2.840.113619.2.1075997
2026-10-05 08:06:30,638 [INFO] HealthPACS - Utility: Directory esistente verificata: G:\ArchiveRoot\1.2.840.113619.2.1075997\1.3.12.2.1107.5.1.7.123161.30000024073109044472200000734
2026-10-05 08:06:30,641 [INFO] HealthPACS - [InstancesRepo] Creata nuova istanza [SOP: 1.3.12.2.1107.5.1.7.123161.30000024073109044472200003713]
2026-10-05 08:06:30,644 [INFO] HealthPACS - C-STORE: Salvata Istanza [ID: 6182, SOP: 1.3.12.2.1107.5.1.7.123161.30000024073109044472200003713] | Dim: 528812 B | Path: G:\ArchiveRoot\1.2.840.113619.2.1075997\1.3.12.2.1107.5.1.7.123161.30000024073109044472200000734\1.3.12.2.1107.5.1.7.123161.30000024073109044472200003713.dcm
2026-10-05 08:06:30,718 [DEBUG] pynetdicom.dsutils - pydicom.read_dataset() TransferSyntax="Little Endian Implicit"
2026-10-05 08:06:30,720 [INFO] pynetdicom._handlers - Received Store Request
2026-10-05 08:06:30,720 [DEBUG] pynetdicom._handlers - ========================== INCOMING DIMSE MESSAGE ==========================
2026-10-05 08:06:30,721 [DEBUG] pynetdicom._handlers - Message Type                  : C-STORE RQ
2026-10-05 08:06:30,721 [DEBUG] pynetdicom._handlers - Presentation Context ID       : 21
2026-10-05 08:06:30,721 [DEBUG] pynetdicom._handlers - Message ID                    : 2085
2026-10-05 08:06:30,721 [DEBUG] pynetdicom._handlers - Affected SOP Class UID        : CT Image Storage
2026-10-05 08:06:30,721 [DEBUG] pynetdicom._handlers - Affected SOP Instance UID     : 1.3.12.2.1107.5.1.7.123161.30000024073109044472200003714
2026-10-05 08:06:30,721 [DEBUG] pynetdicom._handlers - Data Set                      : Present
2026-10-05 08:06:30,721 [DEBUG] pynetdicom._handlers - Priority                      : Medium
2026-10-05 08:06:30,721 [DEBUG] pynetdicom._handlers - ============================ END DIMSE MESSAGE =============================
2026-10-05 08:06:30,722 [DEBUG] pynetdicom.dsutils - pydicom.read_dataset() TransferSyntax="Little Endian Implicit"
2026-10-05 08:06:30,725 [INFO] HealthPACS - Utility: Directory esistente verificata: G:\ArchiveRoot\1.2.840.113619.2.1075997
2026-10-05 08:06:30,727 [INFO] HealthPACS - Utility: Directory esistente verificata: G:\ArchiveRoot\1.2.840.113619.2.1075997\1.3.12.2.1107.5.1.7.123161.30000024073109044472200000734
2026-10-05 08:06:30,731 [INFO] HealthPACS - [InstancesRepo] Creata nuova istanza [SOP: 1.3.12.2.1107.5.1.7.123161.30000024073109044472200003714]
2026-10-05 08:06:30,734 [INFO] HealthPACS - C-STORE: Salvata Istanza [ID: 6183, SOP: 1.3.12.2.1107.5.1.7.123161.30000024073109044472200003714] | Dim: 528812 B | Path: G:\ArchiveRoot\1.2.840.113619.2.1075997\1.3.12.2.1107.5.1.7.123161.30000024073109044472200000734\1.3.12.2.1107.5.1.7.123161.30000024073109044472200003714.dcm
2026-10-05 08:06:30,807 [DEBUG] pynetdicom.dsutils - pydicom.read_dataset() TransferSyntax="Little Endian Implicit"
2026-10-05 08:06:30,809 [INFO] pynetdicom._handlers - Received Store Request
2026-10-05 08:06:30,809 [DEBUG] pynetdicom._handlers - ========================== INCOMING DIMSE MESSAGE ==========================
2026-10-05 08:06:30,809 [DEBUG] pynetdicom._handlers - Message Type                  : C-STORE RQ
2026-10-05 08:06:30,809 [DEBUG] pynetdicom._handlers - Presentation Context ID       : 21
2026-10-05 08:06:30,810 [DEBUG] pynetdicom._handlers - Message ID                    : 2086
2026-10-05 08:06:30,810 [DEBUG] pynetdicom._handlers - Affected SOP Class UID        : CT Image Storage
2026-10-05 08:06:30,810 [DEBUG] pynetdicom._handlers - Affected SOP Instance UID     : 1.3.12.2.1107.5.1.7.123161.30000024073109044472200003715
2026-10-05 08:06:30,810 [DEBUG] pynetdicom._handlers - Data Set                      : Present
2026-10-05 08:06:30,810 [DEBUG] pynetdicom._handlers - Priority                      : Medium
2026-10-05 08:06:30,810 [DEBUG] pynetdicom._handlers - ============================ END DIMSE MESSAGE =============================
2026-10-05 08:06:30,811 [DEBUG] pynetdicom.dsutils - pydicom.read_dataset() TransferSyntax="Little Endian Implicit"
2026-10-05 08:06:30,814 [INFO] HealthPACS - Utility: Directory esistente verificata: G:\ArchiveRoot\1.2.840.113619.2.1075997
2026-10-05 08:06:30,815 [INFO] HealthPACS - Utility: Directory esistente verificata: G:\ArchiveRoot\1.2.840.113619.2.1075997\1.3.12.2.1107.5.1.7.123161.30000024073109044472200000734
2026-10-05 08:06:30,818 [INFO] HealthPACS - [InstancesRepo] Creata nuova istanza [SOP: 1.3.12.2.1107.5.1.7.123161.30000024073109044472200003715]
2026-10-05 08:06:30,821 [INFO] HealthPACS - C-STORE: Salvata Istanza [ID: 6184, SOP: 1.3.12.2.1107.5.1.7.123161.30000024073109044472200003715] | Dim: 528812 B | Path: G:\ArchiveRoot\1.2.840.113619.2.1075997\1.3.12.2.1107.5.1.7.123161.30000024073109044472200000734\1.3.12.2.1107.5.1.7.123161.30000024073109044472200003715.dcm
2026-10-05 08:06:30,916 [DEBUG] pynetdicom.dsutils - pydicom.read_dataset() TransferSyntax="Little Endian Implicit"
2026-10-05 08:06:30,919 [INFO] pynetdicom._handlers - Received Store Request
2026-10-05 08:06:30,919 [DEBUG] pynetdicom._handlers - ========================== INCOMING DIMSE MESSAGE ==========================
2026-10-05 08:06:30,919 [DEBUG] pynetdicom._handlers - Message Type                  : C-STORE RQ
2026-10-05 08:06:30,919 [DEBUG] pynetdicom._handlers - Presentation Context ID       : 21
2026-10-05 08:06:30,919 [DEBUG] pynetdicom._handlers - Message ID                    : 2087
2026-10-05 08:06:30,919 [DEBUG] pynetdicom._handlers - Affected SOP Class UID        : CT Image Storage
2026-10-05 08:06:30,920 [DEBUG] pynetdicom._handlers - Affected SOP Instance UID     : 1.3.12.2.1107.5.1.7.123161.30000024073109044472200003716
2026-10-05 08:06:30,920 [DEBUG] pynetdicom._handlers - Data Set                      : Present
2026-10-05 08:06:30,920 [DEBUG] pynetdicom._handlers - Priority                      : Medium
2026-10-05 08:06:30,920 [DEBUG] pynetdicom._handlers - ============================ END DIMSE MESSAGE =============================
2026-10-05 08:06:30,921 [DEBUG] pynetdicom.dsutils - pydicom.read_dataset() TransferSyntax="Little Endian Implicit"
2026-10-05 08:06:30,924 [INFO] HealthPACS - Utility: Directory esistente verificata: G:\ArchiveRoot\1.2.840.113619.2.1075997
2026-10-05 08:06:30,925 [INFO] HealthPACS - Utility: Directory esistente verificata: G:\ArchiveRoot\1.2.840.113619.2.1075997\1.3.12.2.1107.5.1.7.123161.30000024073109044472200000734
2026-10-05 08:06:30,929 [INFO] HealthPACS - [InstancesRepo] Creata nuova istanza [SOP: 1.3.12.2.1107.5.1.7.123161.30000024073109044472200003716]
2026-10-05 08:06:30,932 [INFO] HealthPACS - C-STORE: Salvata Istanza [ID: 6185, SOP: 1.3.12.2.1107.5.1.7.123161.30000024073109044472200003716] | Dim: 528812 B | Path: G:\ArchiveRoot\1.2.840.113619.2.1075997\1.3.12.2.1107.5.1.7.123161.30000024073109044472200000734\1.3.12.2.1107.5.1.7.123161.30000024073109044472200003716.dcm
2026-10-05 08:06:30,951 [DEBUG] pynetdicom.dsutils - pydicom.read_dataset() TransferSyntax="Little Endian Implicit"
2026-10-05 08:06:30,953 [INFO] pynetdicom._handlers - Received Store Request
2026-10-05 08:06:30,953 [DEBUG] pynetdicom._handlers - ========================== INCOMING DIMSE MESSAGE ==========================
2026-10-05 08:06:30,953 [DEBUG] pynetdicom._handlers - Message Type                  : C-STORE RQ
2026-10-05 08:06:30,953 [DEBUG] pynetdicom._handlers - Presentation Context ID       : 21
2026-10-05 08:06:30,953 [DEBUG] pynetdicom._handlers - Message ID                    : 2088
2026-10-05 08:06:30,953 [DEBUG] pynetdicom._handlers - Affected SOP Class UID        : CT Image Storage
2026-10-05 08:06:30,953 [DEBUG] pynetdicom._handlers - Affected SOP Instance UID     : 1.3.12.2.1107.5.1.7.123161.30000024073109044472200003717
2026-10-05 08:06:30,953 [DEBUG] pynetdicom._handlers - Data Set                      : Present
2026-10-05 08:06:30,953 [DEBUG] pynetdicom._handlers - Priority                      : Medium
2026-10-05 08:06:30,954 [DEBUG] pynetdicom._handlers - ============================ END DIMSE MESSAGE =============================
2026-10-05 08:06:30,954 [DEBUG] pynetdicom.dsutils - pydicom.read_dataset() TransferSyntax="Little Endian Implicit"
2026-10-05 08:06:30,957 [INFO] HealthPACS - Utility: Directory esistente verificata: G:\ArchiveRoot\1.2.840.113619.2.1075997
2026-10-05 08:06:30,958 [INFO] HealthPACS - Utility: Directory esistente verificata: G:\ArchiveRoot\1.2.840.113619.2.1075997\1.3.12.2.1107.5.1.7.123161.30000024073109044472200000734
2026-10-05 08:06:30,962 [INFO] HealthPACS - [InstancesRepo] Creata nuova istanza [SOP: 1.3.12.2.1107.5.1.7.123161.30000024073109044472200003717]
2026-10-05 08:06:30,964 [INFO] HealthPACS - C-STORE: Salvata Istanza [ID: 6186, SOP: 1.3.12.2.1107.5.1.7.123161.30000024073109044472200003717] | Dim: 528812 B | Path: G:\ArchiveRoot\1.2.840.113619.2.1075997\1.3.12.2.1107.5.1.7.123161.30000024073109044472200000734\1.3.12.2.1107.5.1.7.123161.30000024073109044472200003717.dcm
2026-10-05 08:06:30,987 [DEBUG] pynetdicom.dsutils - pydicom.read_dataset() TransferSyntax="Little Endian Implicit"
2026-10-05 08:06:30,989 [INFO] pynetdicom._handlers - Received Store Request
2026-10-05 08:06:30,989 [DEBUG] pynetdicom._handlers - ========================== INCOMING DIMSE MESSAGE ==========================
2026-10-05 08:06:30,989 [DEBUG] pynetdicom._handlers - Message Type                  : C-STORE RQ
2026-10-05 08:06:30,989 [DEBUG] pynetdicom._handlers - Presentation Context ID       : 21
2026-10-05 08:06:30,989 [DEBUG] pynetdicom._handlers - Message ID                    : 2089
2026-10-05 08:06:30,989 [DEBUG] pynetdicom._handlers - Affected SOP Class UID        : CT Image Storage
2026-10-05 08:06:30,989 [DEBUG] pynetdicom._handlers - Affected SOP Instance UID     : 1.3.12.2.1107.5.1.7.123161.30000024073109044472200002657
2026-10-05 08:06:30,989 [DEBUG] pynetdicom._handlers - Data Set                      : Present
2026-10-05 08:06:30,989 [DEBUG] pynetdicom._handlers - Priority                      : Medium
2026-10-05 08:06:30,990 [DEBUG] pynetdicom._handlers - ============================ END DIMSE MESSAGE =============================
2026-10-05 08:06:30,991 [DEBUG] pynetdicom.dsutils - pydicom.read_dataset() TransferSyntax="Little Endian Implicit"
2026-10-05 08:06:30,993 [INFO] HealthPACS - Utility: Directory esistente verificata: G:\ArchiveRoot\1.2.840.113619.2.1075997
2026-10-05 08:06:30,995 [INFO] HealthPACS - Utility: Directory esistente verificata: G:\ArchiveRoot\1.2.840.113619.2.1075997\1.3.12.2.1107.5.1.7.123161.30000024073109044472200000734
2026-10-05 08:06:30,998 [INFO] HealthPACS - [InstancesRepo] Creata nuova istanza [SOP: 1.3.12.2.1107.5.1.7.123161.30000024073109044472200002657]
2026-10-05 08:06:31,001 [INFO] HealthPACS - C-STORE: Salvata Istanza [ID: 6187, SOP: 1.3.12.2.1107.5.1.7.123161.30000024073109044472200002657] | Dim: 528820 B | Path: G:\ArchiveRoot\1.2.840.113619.2.1075997\1.3.12.2.1107.5.1.7.123161.30000024073109044472200000734\1.3.12.2.1107.5.1.7.123161.30000024073109044472200002657.dcm
2026-10-05 08:06:31,030 [DEBUG] pynetdicom.dsutils - pydicom.read_dataset() TransferSyntax="Little Endian Implicit"
2026-10-05 08:06:31,033 [INFO] pynetdicom._handlers - Received Store Request
2026-10-05 08:06:31,033 [DEBUG] pynetdicom._handlers - ========================== INCOMING DIMSE MESSAGE ==========================
2026-10-05 08:06:31,033 [DEBUG] pynetdicom._handlers - Message Type                  : C-STORE RQ
2026-10-05 08:06:31,033 [DEBUG] pynetdicom._handlers - Presentation Context ID       : 21
2026-10-05 08:06:31,033 [DEBUG] pynetdicom._handlers - Message ID                    : 2090
2026-10-05 08:06:31,033 [DEBUG] pynetdicom._handlers - Affected SOP Class UID        : CT Image Storage
2026-10-05 08:06:31,034 [DEBUG] pynetdicom._handlers - Affected SOP Instance UID     : 1.3.12.2.1107.5.1.7.123161.30000024073109044472200003718
2026-10-05 08:06:31,034 [DEBUG] pynetdicom._handlers - Data Set                      : Present
2026-10-05 08:06:31,034 [DEBUG] pynetdicom._handlers - Priority                      : Medium
2026-10-05 08:06:31,034 [DEBUG] pynetdicom._handlers - ============================ END DIMSE MESSAGE =============================
2026-10-05 08:06:31,035 [DEBUG] pynetdicom.dsutils - pydicom.read_dataset() TransferSyntax="Little Endian Implicit"
2026-10-05 08:06:31,038 [INFO] HealthPACS - Utility: Directory esistente verificata: G:\ArchiveRoot\1.2.840.113619.2.1075997
2026-10-05 08:06:31,039 [INFO] HealthPACS - Utility: Directory esistente verificata: G:\ArchiveRoot\1.2.840.113619.2.1075997\1.3.12.2.1107.5.1.7.123161.30000024073109044472200000734
2026-10-05 08:06:31,043 [INFO] HealthPACS - [InstancesRepo] Creata nuova istanza [SOP: 1.3.12.2.1107.5.1.7.123161.30000024073109044472200003718]
2026-10-05 08:06:31,045 [INFO] HealthPACS - C-STORE: Salvata Istanza [ID: 6188, SOP: 1.3.12.2.1107.5.1.7.123161.30000024073109044472200003718] | Dim: 528812 B | Path: G:\ArchiveRoot\1.2.840.113619.2.1075997\1.3.12.2.1107.5.1.7.123161.30000024073109044472200000734\1.3.12.2.1107.5.1.7.123161.30000024073109044472200003718.dcm
2026-10-05 08:06:31,077 [DEBUG] pynetdicom.dsutils - pydicom.read_dataset() TransferSyntax="Little Endian Implicit"
2026-10-05 08:06:31,078 [INFO] pynetdicom._handlers - Received Store Request
2026-10-05 08:06:31,078 [DEBUG] pynetdicom._handlers - ========================== INCOMING DIMSE MESSAGE ==========================
2026-10-05 08:06:31,078 [DEBUG] pynetdicom._handlers - Message Type                  : C-STORE RQ
2026-10-05 08:06:31,078 [DEBUG] pynetdicom._handlers - Presentation Context ID       : 21
2026-10-05 08:06:31,078 [DEBUG] pynetdicom._handlers - Message ID                    : 2091
2026-10-05 08:06:31,078 [DEBUG] pynetdicom._handlers - Affected SOP Class UID        : CT Image Storage
2026-10-05 08:06:31,079 [DEBUG] pynetdicom._handlers - Affected SOP Instance UID     : 1.3.12.2.1107.5.1.7.123161.30000024073109044472200003719
2026-10-05 08:06:31,079 [DEBUG] pynetdicom._handlers - Data Set                      : Present
2026-10-05 08:06:31,079 [DEBUG] pynetdicom._handlers - Priority                      : Medium
2026-10-05 08:06:31,079 [DEBUG] pynetdicom._handlers - ============================ END DIMSE MESSAGE =============================
2026-10-05 08:06:31,080 [DEBUG] pynetdicom.dsutils - pydicom.read_dataset() TransferSyntax="Little Endian Implicit"
2026-10-05 08:06:31,082 [INFO] HealthPACS - Utility: Directory esistente verificata: G:\ArchiveRoot\1.2.840.113619.2.1075997
2026-10-05 08:06:31,084 [INFO] HealthPACS - Utility: Directory esistente verificata: G:\ArchiveRoot\1.2.840.113619.2.1075997\1.3.12.2.1107.5.1.7.123161.30000024073109044472200000734
2026-10-05 08:06:31,087 [INFO] HealthPACS - [InstancesRepo] Creata nuova istanza [SOP: 1.3.12.2.1107.5.1.7.123161.30000024073109044472200003719]
2026-10-05 08:06:31,090 [INFO] HealthPACS - C-STORE: Salvata Istanza [ID: 6189, SOP: 1.3.12.2.1107.5.1.7.123161.30000024073109044472200003719] | Dim: 528812 B | Path: G:\ArchiveRoot\1.2.840.113619.2.1075997\1.3.12.2.1107.5.1.7.123161.30000024073109044472200000734\1.3.12.2.1107.5.1.7.123161.30000024073109044472200003719.dcm
2026-10-05 08:06:31,123 [DEBUG] pynetdicom.dsutils - pydicom.read_dataset() TransferSyntax="Little Endian Implicit"
2026-10-05 08:06:31,125 [INFO] pynetdicom._handlers - Received Store Request
2026-10-05 08:06:31,125 [DEBUG] pynetdicom._handlers - ========================== INCOMING DIMSE MESSAGE ==========================
2026-10-05 08:06:31,125 [DEBUG] pynetdicom._handlers - Message Type                  : C-STORE RQ
2026-10-05 08:06:31,125 [DEBUG] pynetdicom._handlers - Presentation Context ID       : 21
2026-10-05 08:06:31,125 [DEBUG] pynetdicom._handlers - Message ID                    : 2092
2026-10-05 08:06:31,126 [DEBUG] pynetdicom._handlers - Affected SOP Class UID        : CT Image Storage
2026-10-05 08:06:31,126 [DEBUG] pynetdicom._handlers - Affected SOP Instance UID     : 1.3.12.2.1107.5.1.7.123161.30000024073109044472200003720
2026-10-05 08:06:31,126 [DEBUG] pynetdicom._handlers - Data Set                      : Present
2026-10-05 08:06:31,126 [DEBUG] pynetdicom._handlers - Priority                      : Medium
2026-10-05 08:06:31,126 [DEBUG] pynetdicom._handlers - ============================ END DIMSE MESSAGE =============================
2026-10-05 08:06:31,127 [DEBUG] pynetdicom.dsutils - pydicom.read_dataset() TransferSyntax="Little Endian Implicit"
2026-10-05 08:06:31,130 [INFO] HealthPACS - Utility: Directory esistente verificata: G:\ArchiveRoot\1.2.840.113619.2.1075997
2026-10-05 08:06:31,131 [INFO] HealthPACS - Utility: Directory esistente verificata: G:\ArchiveRoot\1.2.840.113619.2.1075997\1.3.12.2.1107.5.1.7.123161.30000024073109044472200000734
2026-10-05 08:06:31,134 [INFO] HealthPACS - [InstancesRepo] Creata nuova istanza [SOP: 1.3.12.2.1107.5.1.7.123161.30000024073109044472200003720]
2026-10-05 08:06:31,137 [INFO] HealthPACS - C-STORE: Salvata Istanza [ID: 6190, SOP: 1.3.12.2.1107.5.1.7.123161.30000024073109044472200003720] | Dim: 528812 B | Path: G:\ArchiveRoot\1.2.840.113619.2.1075997\1.3.12.2.1107.5.1.7.123161.30000024073109044472200000734\1.3.12.2.1107.5.1.7.123161.30000024073109044472200003720.dcm
2026-10-05 08:06:31,175 [DEBUG] pynetdicom.dsutils - pydicom.read_dataset() TransferSyntax="Little Endian Implicit"
2026-10-05 08:06:31,177 [INFO] pynetdicom._handlers - Received Store Request
2026-10-05 08:06:31,177 [DEBUG] pynetdicom._handlers - ========================== INCOMING DIMSE MESSAGE ==========================
2026-10-05 08:06:31,177 [DEBUG] pynetdicom._handlers - Message Type                  : C-STORE RQ
2026-10-05 08:06:31,177 [DEBUG] pynetdicom._handlers - Presentation Context ID       : 21
2026-10-05 08:06:31,177 [DEBUG] pynetdicom._handlers - Message ID                    : 2093
2026-10-05 08:06:31,177 [DEBUG] pynetdicom._handlers - Affected SOP Class UID        : CT Image Storage
2026-10-05 08:06:31,177 [DEBUG] pynetdicom._handlers - Affected SOP Instance UID     : 1.3.12.2.1107.5.1.7.123161.30000024073109044472200003721
2026-10-05 08:06:31,177 [DEBUG] pynetdicom._handlers - Data Set                      : Present
2026-10-05 08:06:31,177 [DEBUG] pynetdicom._handlers - Priority                      : Medium
2026-10-05 08:06:31,177 [DEBUG] pynetdicom._handlers - ============================ END DIMSE MESSAGE =============================
2026-10-05 08:06:31,178 [DEBUG] pynetdicom.dsutils - pydicom.read_dataset() TransferSyntax="Little Endian Implicit"
2026-10-05 08:06:31,181 [INFO] HealthPACS - Utility: Directory esistente verificata: G:\ArchiveRoot\1.2.840.113619.2.1075997
2026-10-05 08:06:31,183 [INFO] HealthPACS - Utility: Directory esistente verificata: G:\ArchiveRoot\1.2.840.113619.2.1075997\1.3.12.2.1107.5.1.7.123161.30000024073109044472200000734
2026-10-05 08:06:31,186 [INFO] HealthPACS - [InstancesRepo] Creata nuova istanza [SOP: 1.3.12.2.1107.5.1.7.123161.30000024073109044472200003721]
2026-10-05 08:06:31,189 [INFO] HealthPACS - C-STORE: Salvata Istanza [ID: 6191, SOP: 1.3.12.2.1107.5.1.7.123161.30000024073109044472200003721] | Dim: 528812 B | Path: G:\ArchiveRoot\1.2.840.113619.2.1075997\1.3.12.2.1107.5.1.7.123161.30000024073109044472200000734\1.3.12.2.1107.5.1.7.123161.30000024073109044472200003721.dcm
2026-10-05 08:06:31,234 [DEBUG] pynetdicom.dsutils - pydicom.read_dataset() TransferSyntax="Little Endian Implicit"
2026-10-05 08:06:31,236 [INFO] pynetdicom._handlers - Received Store Request
2026-10-05 08:06:31,236 [DEBUG] pynetdicom._handlers - ========================== INCOMING DIMSE MESSAGE ==========================
2026-10-05 08:06:31,237 [DEBUG] pynetdicom._handlers - Message Type                  : C-STORE RQ
2026-10-05 08:06:31,237 [DEBUG] pynetdicom._handlers - Presentation Context ID       : 21
2026-10-05 08:06:31,237 [DEBUG] pynetdicom._handlers - Message ID                    : 2094
2026-10-05 08:06:31,237 [DEBUG] pynetdicom._handlers - Affected SOP Class UID        : CT Image Storage
2026-10-05 08:06:31,237 [DEBUG] pynetdicom._handlers - Affected SOP Instance UID     : 1.3.12.2.1107.5.1.7.123161.30000024073109044472200003722
2026-10-05 08:06:31,237 [DEBUG] pynetdicom._handlers - Data Set                      : Present
2026-10-05 08:06:31,237 [DEBUG] pynetdicom._handlers - Priority                      : Medium
2026-10-05 08:06:31,237 [DEBUG] pynetdicom._handlers - ============================ END DIMSE MESSAGE =============================
2026-10-05 08:06:31,238 [DEBUG] pynetdicom.dsutils - pydicom.read_dataset() TransferSyntax="Little Endian Implicit"
2026-10-05 08:06:31,241 [INFO] HealthPACS - Utility: Directory esistente verificata: G:\ArchiveRoot\1.2.840.113619.2.1075997
2026-10-05 08:06:31,242 [INFO] HealthPACS - Utility: Directory esistente verificata: G:\ArchiveRoot\1.2.840.113619.2.1075997\1.3.12.2.1107.5.1.7.123161.30000024073109044472200000734
2026-10-05 08:06:31,246 [INFO] HealthPACS - [InstancesRepo] Creata nuova istanza [SOP: 1.3.12.2.1107.5.1.7.123161.30000024073109044472200003722]
2026-10-05 08:06:31,250 [INFO] HealthPACS - C-STORE: Salvata Istanza [ID: 6192, SOP: 1.3.12.2.1107.5.1.7.123161.30000024073109044472200003722] | Dim: 528812 B | Path: G:\ArchiveRoot\1.2.840.113619.2.1075997\1.3.12.2.1107.5.1.7.123161.30000024073109044472200000734\1.3.12.2.1107.5.1.7.123161.30000024073109044472200003722.dcm
2026-10-05 08:06:31,302 [DEBUG] pynetdicom.dsutils - pydicom.read_dataset() TransferSyntax="Little Endian Implicit"
2026-10-05 08:06:31,304 [INFO] pynetdicom._handlers - Received Store Request
2026-10-05 08:06:31,304 [DEBUG] pynetdicom._handlers - ========================== INCOMING DIMSE MESSAGE ==========================
2026-10-05 08:06:31,304 [DEBUG] pynetdicom._handlers - Message Type                  : C-STORE RQ
2026-10-05 08:06:31,304 [DEBUG] pynetdicom._handlers - Presentation Context ID       : 21
2026-10-05 08:06:31,305 [DEBUG] pynetdicom._handlers - Message ID                    : 2095
2026-10-05 08:06:31,305 [DEBUG] pynetdicom._handlers - Affected SOP Class UID        : CT Image Storage
2026-10-05 08:06:31,305 [DEBUG] pynetdicom._handlers - Affected SOP Instance UID     : 1.3.12.2.1107.5.1.7.123161.30000024073109044472200003723
2026-10-05 08:06:31,305 [DEBUG] pynetdicom._handlers - Data Set                      : Present
2026-10-05 08:06:31,305 [DEBUG] pynetdicom._handlers - Priority                      : Medium
2026-10-05 08:06:31,305 [DEBUG] pynetdicom._handlers - ============================ END DIMSE MESSAGE =============================
2026-10-05 08:06:31,307 [DEBUG] pynetdicom.dsutils - pydicom.read_dataset() TransferSyntax="Little Endian Implicit"
2026-10-05 08:06:31,311 [INFO] HealthPACS - Utility: Directory esistente verificata: G:\ArchiveRoot\1.2.840.113619.2.1075997
2026-10-05 08:06:31,312 [INFO] HealthPACS - Utility: Directory esistente verificata: G:\ArchiveRoot\1.2.840.113619.2.1075997\1.3.12.2.1107.5.1.7.123161.30000024073109044472200000734
2026-10-05 08:06:31,316 [INFO] HealthPACS - [InstancesRepo] Creata nuova istanza [SOP: 1.3.12.2.1107.5.1.7.123161.30000024073109044472200003723]
2026-10-05 08:06:31,319 [INFO] HealthPACS - C-STORE: Salvata Istanza [ID: 6193, SOP: 1.3.12.2.1107.5.1.7.123161.30000024073109044472200003723] | Dim: 528812 B | Path: G:\ArchiveRoot\1.2.840.113619.2.1075997\1.3.12.2.1107.5.1.7.123161.30000024073109044472200000734\1.3.12.2.1107.5.1.7.123161.30000024073109044472200003723.dcm
2026-10-05 08:06:31,374 [DEBUG] pynetdicom.dsutils - pydicom.read_dataset() TransferSyntax="Little Endian Implicit"
2026-10-05 08:06:31,377 [INFO] pynetdicom._handlers - Received Store Request
2026-10-05 08:06:31,378 [DEBUG] pynetdicom._handlers - ========================== INCOMING DIMSE MESSAGE ==========================
2026-10-05 08:06:31,378 [DEBUG] pynetdicom._handlers - Message Type                  : C-STORE RQ
2026-10-05 08:06:31,378 [DEBUG] pynetdicom._handlers - Presentation Context ID       : 21
2026-10-05 08:06:31,378 [DEBUG] pynetdicom._handlers - Message ID                    : 2096
2026-10-05 08:06:31,378 [DEBUG] pynetdicom._handlers - Affected SOP Class UID        : CT Image Storage
2026-10-05 08:06:31,378 [DEBUG] pynetdicom._handlers - Affected SOP Instance UID     : 1.3.12.2.1107.5.1.7.123161.30000024073109044472200003724
2026-10-05 08:06:31,378 [DEBUG] pynetdicom._handlers - Data Set                      : Present
2026-10-05 08:06:31,378 [DEBUG] pynetdicom._handlers - Priority                      : Medium
2026-10-05 08:06:31,378 [DEBUG] pynetdicom._handlers - ============================ END DIMSE MESSAGE =============================
2026-10-05 08:06:31,380 [DEBUG] pynetdicom.dsutils - pydicom.read_dataset() TransferSyntax="Little Endian Implicit"
2026-10-05 08:06:31,383 [INFO] HealthPACS - Utility: Directory esistente verificata: G:\ArchiveRoot\1.2.840.113619.2.1075997
2026-10-05 08:06:31,385 [INFO] HealthPACS - Utility: Directory esistente verificata: G:\ArchiveRoot\1.2.840.113619.2.1075997\1.3.12.2.1107.5.1.7.123161.30000024073109044472200000734
2026-10-05 08:06:31,389 [INFO] HealthPACS - [InstancesRepo] Creata nuova istanza [SOP: 1.3.12.2.1107.5.1.7.123161.30000024073109044472200003724]
2026-10-05 08:06:31,392 [INFO] HealthPACS - C-STORE: Salvata Istanza [ID: 6194, SOP: 1.3.12.2.1107.5.1.7.123161.30000024073109044472200003724] | Dim: 528812 B | Path: G:\ArchiveRoot\1.2.840.113619.2.1075997\1.3.12.2.1107.5.1.7.123161.30000024073109044472200000734\1.3.12.2.1107.5.1.7.123161.30000024073109044472200003724.dcm
2026-10-05 08:06:31,457 [DEBUG] pynetdicom.dsutils - pydicom.read_dataset() TransferSyntax="Little Endian Implicit"
2026-10-05 08:06:31,459 [INFO] pynetdicom._handlers - Received Store Request
2026-10-05 08:06:31,459 [DEBUG] pynetdicom._handlers - ========================== INCOMING DIMSE MESSAGE ==========================
2026-10-05 08:06:31,460 [DEBUG] pynetdicom._handlers - Message Type                  : C-STORE RQ
2026-10-05 08:06:31,460 [DEBUG] pynetdicom._handlers - Presentation Context ID       : 21
2026-10-05 08:06:31,460 [DEBUG] pynetdicom._handlers - Message ID                    : 2097
2026-10-05 08:06:31,460 [DEBUG] pynetdicom._handlers - Affected SOP Class UID        : CT Image Storage
2026-10-05 08:06:31,460 [DEBUG] pynetdicom._handlers - Affected SOP Instance UID     : 1.3.12.2.1107.5.1.7.123161.30000024073109044472200003725
2026-10-05 08:06:31,460 [DEBUG] pynetdicom._handlers - Data Set                      : Present
2026-10-05 08:06:31,460 [DEBUG] pynetdicom._handlers - Priority                      : Medium
2026-10-05 08:06:31,460 [DEBUG] pynetdicom._handlers - ============================ END DIMSE MESSAGE =============================
2026-10-05 08:06:31,461 [DEBUG] pynetdicom.dsutils - pydicom.read_dataset() TransferSyntax="Little Endian Implicit"
2026-10-05 08:06:31,464 [INFO] HealthPACS - Utility: Directory esistente verificata: G:\ArchiveRoot\1.2.840.113619.2.1075997
2026-10-05 08:06:31,466 [INFO] HealthPACS - Utility: Directory esistente verificata: G:\ArchiveRoot\1.2.840.113619.2.1075997\1.3.12.2.1107.5.1.7.123161.30000024073109044472200000734
2026-10-05 08:06:31,470 [INFO] HealthPACS - [InstancesRepo] Creata nuova istanza [SOP: 1.3.12.2.1107.5.1.7.123161.30000024073109044472200003725]
2026-10-05 08:06:31,474 [INFO] HealthPACS - C-STORE: Salvata Istanza [ID: 6195, SOP: 1.3.12.2.1107.5.1.7.123161.30000024073109044472200003725] | Dim: 528812 B | Path: G:\ArchiveRoot\1.2.840.113619.2.1075997\1.3.12.2.1107.5.1.7.123161.30000024073109044472200000734\1.3.12.2.1107.5.1.7.123161.30000024073109044472200003725.dcm
2026-10-05 08:06:31,542 [DEBUG] pynetdicom.dsutils - pydicom.read_dataset() TransferSyntax="Little Endian Implicit"
2026-10-05 08:06:31,544 [INFO] pynetdicom._handlers - Received Store Request
2026-10-05 08:06:31,545 [DEBUG] pynetdicom._handlers - ========================== INCOMING DIMSE MESSAGE ==========================
2026-10-05 08:06:31,545 [DEBUG] pynetdicom._handlers - Message Type                  : C-STORE RQ
2026-10-05 08:06:31,545 [DEBUG] pynetdicom._handlers - Presentation Context ID       : 21
2026-10-05 08:06:31,545 [DEBUG] pynetdicom._handlers - Message ID                    : 2098
2026-10-05 08:06:31,545 [DEBUG] pynetdicom._handlers - Affected SOP Class UID        : CT Image Storage
2026-10-05 08:06:31,545 [DEBUG] pynetdicom._handlers - Affected SOP Instance UID     : 1.3.12.2.1107.5.1.7.123161.30000024073109044472200003726
2026-10-05 08:06:31,545 [DEBUG] pynetdicom._handlers - Data Set                      : Present
2026-10-05 08:06:31,545 [DEBUG] pynetdicom._handlers - Priority                      : Medium
2026-10-05 08:06:31,545 [DEBUG] pynetdicom._handlers - ============================ END DIMSE MESSAGE =============================
2026-10-05 08:06:31,546 [DEBUG] pynetdicom.dsutils - pydicom.read_dataset() TransferSyntax="Little Endian Implicit"
2026-10-05 08:06:31,550 [INFO] HealthPACS - Utility: Directory esistente verificata: G:\ArchiveRoot\1.2.840.113619.2.1075997
2026-10-05 08:06:31,551 [INFO] HealthPACS - Utility: Directory esistente verificata: G:\ArchiveRoot\1.2.840.113619.2.1075997\1.3.12.2.1107.5.1.7.123161.30000024073109044472200000734
2026-10-05 08:06:31,555 [INFO] HealthPACS - [InstancesRepo] Creata nuova istanza [SOP: 1.3.12.2.1107.5.1.7.123161.30000024073109044472200003726]
2026-10-05 08:06:31,558 [INFO] HealthPACS - C-STORE: Salvata Istanza [ID: 6196, SOP: 1.3.12.2.1107.5.1.7.123161.30000024073109044472200003726] | Dim: 528812 B | Path: G:\ArchiveRoot\1.2.840.113619.2.1075997\1.3.12.2.1107.5.1.7.123161.30000024073109044472200000734\1.3.12.2.1107.5.1.7.123161.30000024073109044472200003726.dcm
2026-10-05 08:06:31,634 [DEBUG] pynetdicom.dsutils - pydicom.read_dataset() TransferSyntax="Little Endian Implicit"
2026-10-05 08:06:31,637 [INFO] pynetdicom._handlers - Received Store Request
2026-10-05 08:06:31,637 [DEBUG] pynetdicom._handlers - ========================== INCOMING DIMSE MESSAGE ==========================
2026-10-05 08:06:31,637 [DEBUG] pynetdicom._handlers - Message Type                  : C-STORE RQ
2026-10-05 08:06:31,637 [DEBUG] pynetdicom._handlers - Presentation Context ID       : 21
2026-10-05 08:06:31,637 [DEBUG] pynetdicom._handlers - Message ID                    : 2099
2026-10-05 08:06:31,637 [DEBUG] pynetdicom._handlers - Affected SOP Class UID        : CT Image Storage
2026-10-05 08:06:31,638 [DEBUG] pynetdicom._handlers - Affected SOP Instance UID     : 1.3.12.2.1107.5.1.7.123161.30000024073109044472200003727
2026-10-05 08:06:31,638 [DEBUG] pynetdicom._handlers - Data Set                      : Present
2026-10-05 08:06:31,638 [DEBUG] pynetdicom._handlers - Priority                      : Medium
2026-10-05 08:06:31,638 [DEBUG] pynetdicom._handlers - ============================ END DIMSE MESSAGE =============================
2026-10-05 08:06:31,638 [DEBUG] pynetdicom.dsutils - pydicom.read_dataset() TransferSyntax="Little Endian Implicit"
2026-10-05 08:06:31,642 [INFO] HealthPACS - Utility: Directory esistente verificata: G:\ArchiveRoot\1.2.840.113619.2.1075997
2026-10-05 08:06:31,643 [INFO] HealthPACS - Utility: Directory esistente verificata: G:\ArchiveRoot\1.2.840.113619.2.1075997\1.3.12.2.1107.5.1.7.123161.30000024073109044472200000734
2026-10-05 08:06:31,647 [INFO] HealthPACS - [InstancesRepo] Creata nuova istanza [SOP: 1.3.12.2.1107.5.1.7.123161.30000024073109044472200003727]
2026-10-05 08:06:31,650 [INFO] HealthPACS - C-STORE: Salvata Istanza [ID: 6197, SOP: 1.3.12.2.1107.5.1.7.123161.30000024073109044472200003727] | Dim: 528812 B | Path: G:\ArchiveRoot\1.2.840.113619.2.1075997\1.3.12.2.1107.5.1.7.123161.30000024073109044472200000734\1.3.12.2.1107.5.1.7.123161.30000024073109044472200003727.dcm
2026-10-05 08:06:31,727 [DEBUG] pynetdicom.dsutils - pydicom.read_dataset() TransferSyntax="Little Endian Implicit"
2026-10-05 08:06:31,729 [INFO] pynetdicom._handlers - Received Store Request
2026-10-05 08:06:31,729 [DEBUG] pynetdicom._handlers - ========================== INCOMING DIMSE MESSAGE ==========================
2026-10-05 08:06:31,729 [DEBUG] pynetdicom._handlers - Message Type                  : C-STORE RQ
2026-10-05 08:06:31,729 [DEBUG] pynetdicom._handlers - Presentation Context ID       : 21
2026-10-05 08:06:31,729 [DEBUG] pynetdicom._handlers - Message ID                    : 2100
2026-10-05 08:06:31,730 [DEBUG] pynetdicom._handlers - Affected SOP Class UID        : CT Image Storage
2026-10-05 08:06:31,730 [DEBUG] pynetdicom._handlers - Affected SOP Instance UID     : 1.3.12.2.1107.5.1.7.123161.30000024073109044472200002658
2026-10-05 08:06:31,730 [DEBUG] pynetdicom._handlers - Data Set                      : Present
2026-10-05 08:06:31,730 [DEBUG] pynetdicom._handlers - Priority                      : Medium
2026-10-05 08:06:31,730 [DEBUG] pynetdicom._handlers - ============================ END DIMSE MESSAGE =============================
2026-10-05 08:06:31,731 [DEBUG] pynetdicom.dsutils - pydicom.read_dataset() TransferSyntax="Little Endian Implicit"
2026-10-05 08:06:31,735 [INFO] HealthPACS - Utility: Directory esistente verificata: G:\ArchiveRoot\1.2.840.113619.2.1075997
2026-10-05 08:06:31,736 [INFO] HealthPACS - Utility: Directory esistente verificata: G:\ArchiveRoot\1.2.840.113619.2.1075997\1.3.12.2.1107.5.1.7.123161.30000024073109044472200000734
2026-10-05 08:06:31,740 [INFO] HealthPACS - [InstancesRepo] Creata nuova istanza [SOP: 1.3.12.2.1107.5.1.7.123161.30000024073109044472200002658]
2026-10-05 08:06:31,743 [INFO] HealthPACS - C-STORE: Salvata Istanza [ID: 6198, SOP: 1.3.12.2.1107.5.1.7.123161.30000024073109044472200002658] | Dim: 528820 B | Path: G:\ArchiveRoot\1.2.840.113619.2.1075997\1.3.12.2.1107.5.1.7.123161.30000024073109044472200000734\1.3.12.2.1107.5.1.7.123161.30000024073109044472200002658.dcm
2026-10-05 08:06:31,825 [DEBUG] pynetdicom.dsutils - pydicom.read_dataset() TransferSyntax="Little Endian Implicit"
2026-10-05 08:06:32,140 [INFO] pynetdicom._handlers - Received Store Request
2026-10-05 08:06:32,141 [DEBUG] pynetdicom._handlers - ========================== INCOMING DIMSE MESSAGE ==========================
2026-10-05 08:06:32,141 [DEBUG] pynetdicom._handlers - Message Type                  : C-STORE RQ
2026-10-05 08:06:32,141 [DEBUG] pynetdicom._handlers - Presentation Context ID       : 21
2026-10-05 08:06:32,141 [DEBUG] pynetdicom._handlers - Message ID                    : 2101
2026-10-05 08:06:32,141 [DEBUG] pynetdicom._handlers - Affected SOP Class UID        : CT Image Storage
2026-10-05 08:06:32,141 [DEBUG] pynetdicom._handlers - Affected SOP Instance UID     : 1.3.12.2.1107.5.1.7.123161.30000024073109044472200003728
2026-10-05 08:06:32,141 [DEBUG] pynetdicom._handlers - Data Set                      : Present
2026-10-05 08:06:32,141 [DEBUG] pynetdicom._handlers - Priority                      : Medium
2026-10-05 08:06:32,141 [DEBUG] pynetdicom._handlers - ============================ END DIMSE MESSAGE =============================
2026-10-05 08:06:32,143 [DEBUG] pynetdicom.dsutils - pydicom.read_dataset() TransferSyntax="Little Endian Implicit"
2026-10-05 08:06:32,146 [INFO] HealthPACS - Utility: Directory esistente verificata: G:\ArchiveRoot\1.2.840.113619.2.1075997
2026-10-05 08:06:32,147 [INFO] HealthPACS - Utility: Directory esistente verificata: G:\ArchiveRoot\1.2.840.113619.2.1075997\1.3.12.2.1107.5.1.7.123161.30000024073109044472200000734
2026-10-05 08:06:32,151 [INFO] HealthPACS - [InstancesRepo] Creata nuova istanza [SOP: 1.3.12.2.1107.5.1.7.123161.30000024073109044472200003728]
2026-10-05 08:06:32,156 [INFO] HealthPACS - C-STORE: Salvata Istanza [ID: 6199, SOP: 1.3.12.2.1107.5.1.7.123161.30000024073109044472200003728] | Dim: 528812 B | Path: G:\ArchiveRoot\1.2.840.113619.2.1075997\1.3.12.2.1107.5.1.7.123161.30000024073109044472200000734\1.3.12.2.1107.5.1.7.123161.30000024073109044472200003728.dcm
2026-10-05 08:06:32,245 [DEBUG] pynetdicom.dsutils - pydicom.read_dataset() TransferSyntax="Little Endian Implicit"
2026-10-05 08:06:32,247 [INFO] pynetdicom._handlers - Received Store Request
2026-10-05 08:06:32,247 [DEBUG] pynetdicom._handlers - ========================== INCOMING DIMSE MESSAGE ==========================
2026-10-05 08:06:32,247 [DEBUG] pynetdicom._handlers - Message Type                  : C-STORE RQ
2026-10-05 08:06:32,248 [DEBUG] pynetdicom._handlers - Presentation Context ID       : 21
2026-10-05 08:06:32,248 [DEBUG] pynetdicom._handlers - Message ID                    : 2102
2026-10-05 08:06:32,248 [DEBUG] pynetdicom._handlers - Affected SOP Class UID        : CT Image Storage
2026-10-05 08:06:32,248 [DEBUG] pynetdicom._handlers - Affected SOP Instance UID     : 1.3.12.2.1107.5.1.7.123161.30000024073109044472200003729
2026-10-05 08:06:32,248 [DEBUG] pynetdicom._handlers - Data Set                      : Present
2026-10-05 08:06:32,248 [DEBUG] pynetdicom._handlers - Priority                      : Medium
2026-10-05 08:06:32,248 [DEBUG] pynetdicom._handlers - ============================ END DIMSE MESSAGE =============================
2026-10-05 08:06:32,249 [DEBUG] pynetdicom.dsutils - pydicom.read_dataset() TransferSyntax="Little Endian Implicit"
2026-10-05 08:06:32,252 [INFO] HealthPACS - Utility: Directory esistente verificata: G:\ArchiveRoot\1.2.840.113619.2.1075997
2026-10-05 08:06:32,253 [INFO] HealthPACS - Utility: Directory esistente verificata: G:\ArchiveRoot\1.2.840.113619.2.1075997\1.3.12.2.1107.5.1.7.123161.30000024073109044472200000734
2026-10-05 08:06:32,258 [INFO] HealthPACS - [InstancesRepo] Creata nuova istanza [SOP: 1.3.12.2.1107.5.1.7.123161.30000024073109044472200003729]
2026-10-05 08:06:32,261 [INFO] HealthPACS - C-STORE: Salvata Istanza [ID: 6200, SOP: 1.3.12.2.1107.5.1.7.123161.30000024073109044472200003729] | Dim: 528812 B | Path: G:\ArchiveRoot\1.2.840.113619.2.1075997\1.3.12.2.1107.5.1.7.123161.30000024073109044472200000734\1.3.12.2.1107.5.1.7.123161.30000024073109044472200003729.dcm
2026-10-05 08:06:32,352 [DEBUG] pynetdicom.dsutils - pydicom.read_dataset() TransferSyntax="Little Endian Implicit"
2026-10-05 08:06:32,354 [INFO] pynetdicom._handlers - Received Store Request
2026-10-05 08:06:32,354 [DEBUG] pynetdicom._handlers - ========================== INCOMING DIMSE MESSAGE ==========================
2026-10-05 08:06:32,354 [DEBUG] pynetdicom._handlers - Message Type                  : C-STORE RQ
2026-10-05 08:06:32,354 [DEBUG] pynetdicom._handlers - Presentation Context ID       : 21
2026-10-05 08:06:32,354 [DEBUG] pynetdicom._handlers - Message ID                    : 2103
2026-10-05 08:06:32,354 [DEBUG] pynetdicom._handlers - Affected SOP Class UID        : CT Image Storage
2026-10-05 08:06:32,354 [DEBUG] pynetdicom._handlers - Affected SOP Instance UID     : 1.3.12.2.1107.5.1.7.123161.30000024073109044472200003730
2026-10-05 08:06:32,354 [DEBUG] pynetdicom._handlers - Data Set                      : Present
2026-10-05 08:06:32,355 [DEBUG] pynetdicom._handlers - Priority                      : Medium
2026-10-05 08:06:32,355 [DEBUG] pynetdicom._handlers - ============================ END DIMSE MESSAGE =============================
2026-10-05 08:06:32,356 [DEBUG] pynetdicom.dsutils - pydicom.read_dataset() TransferSyntax="Little Endian Implicit"
2026-10-05 08:06:32,359 [INFO] HealthPACS - Utility: Directory esistente verificata: G:\ArchiveRoot\1.2.840.113619.2.1075997
2026-10-05 08:06:32,360 [INFO] HealthPACS - Utility: Directory esistente verificata: G:\ArchiveRoot\1.2.840.113619.2.1075997\1.3.12.2.1107.5.1.7.123161.30000024073109044472200000734
2026-10-05 08:06:32,364 [INFO] HealthPACS - [InstancesRepo] Creata nuova istanza [SOP: 1.3.12.2.1107.5.1.7.123161.30000024073109044472200003730]
2026-10-05 08:06:32,367 [INFO] HealthPACS - C-STORE: Salvata Istanza [ID: 6201, SOP: 1.3.12.2.1107.5.1.7.123161.30000024073109044472200003730] | Dim: 528812 B | Path: G:\ArchiveRoot\1.2.840.113619.2.1075997\1.3.12.2.1107.5.1.7.123161.30000024073109044472200000734\1.3.12.2.1107.5.1.7.123161.30000024073109044472200003730.dcm
2026-10-05 08:06:32,460 [DEBUG] pynetdicom.dsutils - pydicom.read_dataset() TransferSyntax="Little Endian Implicit"
2026-10-05 08:06:32,463 [INFO] pynetdicom._handlers - Received Store Request
2026-10-05 08:06:32,463 [DEBUG] pynetdicom._handlers - ========================== INCOMING DIMSE MESSAGE ==========================
2026-10-05 08:06:32,463 [DEBUG] pynetdicom._handlers - Message Type                  : C-STORE RQ
2026-10-05 08:06:32,464 [DEBUG] pynetdicom._handlers - Presentation Context ID       : 21
2026-10-05 08:06:32,464 [DEBUG] pynetdicom._handlers - Message ID                    : 2104
2026-10-05 08:06:32,464 [DEBUG] pynetdicom._handlers - Affected SOP Class UID        : CT Image Storage
2026-10-05 08:06:32,464 [DEBUG] pynetdicom._handlers - Affected SOP Instance UID     : 1.3.12.2.1107.5.1.7.123161.30000024073109044472200003731
2026-10-05 08:06:32,464 [DEBUG] pynetdicom._handlers - Data Set                      : Present
2026-10-05 08:06:32,464 [DEBUG] pynetdicom._handlers - Priority                      : Medium
2026-10-05 08:06:32,464 [DEBUG] pynetdicom._handlers - ============================ END DIMSE MESSAGE =============================
2026-10-05 08:06:32,465 [DEBUG] pynetdicom.dsutils - pydicom.read_dataset() TransferSyntax="Little Endian Implicit"
2026-10-05 08:06:32,468 [INFO] HealthPACS - Utility: Directory esistente verificata: G:\ArchiveRoot\1.2.840.113619.2.1075997
2026-10-05 08:06:32,469 [INFO] HealthPACS - Utility: Directory esistente verificata: G:\ArchiveRoot\1.2.840.113619.2.1075997\1.3.12.2.1107.5.1.7.123161.30000024073109044472200000734
2026-10-05 08:06:32,473 [INFO] HealthPACS - [InstancesRepo] Creata nuova istanza [SOP: 1.3.12.2.1107.5.1.7.123161.30000024073109044472200003731]
2026-10-05 08:06:32,477 [INFO] HealthPACS - C-STORE: Salvata Istanza [ID: 6202, SOP: 1.3.12.2.1107.5.1.7.123161.30000024073109044472200003731] | Dim: 528812 B | Path: G:\ArchiveRoot\1.2.840.113619.2.1075997\1.3.12.2.1107.5.1.7.123161.30000024073109044472200000734\1.3.12.2.1107.5.1.7.123161.30000024073109044472200003731.dcm
2026-10-05 08:06:32,530 [DEBUG] pynetdicom.dsutils - pydicom.read_dataset() TransferSyntax="Little Endian Implicit"
2026-10-05 08:06:32,532 [INFO] pynetdicom._handlers - Received Store Request
2026-10-05 08:06:32,532 [DEBUG] pynetdicom._handlers - ========================== INCOMING DIMSE MESSAGE ==========================
2026-10-05 08:06:32,532 [DEBUG] pynetdicom._handlers - Message Type                  : C-STORE RQ
2026-10-05 08:06:32,532 [DEBUG] pynetdicom._handlers - Presentation Context ID       : 21
2026-10-05 08:06:32,532 [DEBUG] pynetdicom._handlers - Message ID                    : 2105
2026-10-05 08:06:32,532 [DEBUG] pynetdicom._handlers - Affected SOP Class UID        : CT Image Storage
2026-10-05 08:06:32,532 [DEBUG] pynetdicom._handlers - Affected SOP Instance UID     : 1.3.12.2.1107.5.1.7.123161.30000024073109044472200003732
2026-10-05 08:06:32,532 [DEBUG] pynetdicom._handlers - Data Set                      : Present
2026-10-05 08:06:32,532 [DEBUG] pynetdicom._handlers - Priority                      : Medium
2026-10-05 08:06:32,533 [DEBUG] pynetdicom._handlers - ============================ END DIMSE MESSAGE =============================
2026-10-05 08:06:32,534 [DEBUG] pynetdicom.dsutils - pydicom.read_dataset() TransferSyntax="Little Endian Implicit"
2026-10-05 08:06:32,537 [INFO] HealthPACS - Utility: Directory esistente verificata: G:\ArchiveRoot\1.2.840.113619.2.1075997
2026-10-05 08:06:32,538 [INFO] HealthPACS - Utility: Directory esistente verificata: G:\ArchiveRoot\1.2.840.113619.2.1075997\1.3.12.2.1107.5.1.7.123161.30000024073109044472200000734
2026-10-05 08:06:32,542 [INFO] HealthPACS - [InstancesRepo] Creata nuova istanza [SOP: 1.3.12.2.1107.5.1.7.123161.30000024073109044472200003732]
2026-10-05 08:06:32,545 [INFO] HealthPACS - C-STORE: Salvata Istanza [ID: 6203, SOP: 1.3.12.2.1107.5.1.7.123161.30000024073109044472200003732] | Dim: 528812 B | Path: G:\ArchiveRoot\1.2.840.113619.2.1075997\1.3.12.2.1107.5.1.7.123161.30000024073109044472200000734\1.3.12.2.1107.5.1.7.123161.30000024073109044472200003732.dcm
2026-10-05 08:06:32,574 [DEBUG] pynetdicom.dsutils - pydicom.read_dataset() TransferSyntax="Little Endian Implicit"
2026-10-05 08:06:32,577 [INFO] pynetdicom._handlers - Received Store Request
2026-10-05 08:06:32,577 [DEBUG] pynetdicom._handlers - ========================== INCOMING DIMSE MESSAGE ==========================
2026-10-05 08:06:32,577 [DEBUG] pynetdicom._handlers - Message Type                  : C-STORE RQ
2026-10-05 08:06:32,577 [DEBUG] pynetdicom._handlers - Presentation Context ID       : 21
2026-10-05 08:06:32,577 [DEBUG] pynetdicom._handlers - Message ID                    : 2106
2026-10-05 08:06:32,577 [DEBUG] pynetdicom._handlers - Affected SOP Class UID        : CT Image Storage
2026-10-05 08:06:32,578 [DEBUG] pynetdicom._handlers - Affected SOP Instance UID     : 1.3.12.2.1107.5.1.7.123161.30000024073109044472200003733
2026-10-05 08:06:32,578 [DEBUG] pynetdicom._handlers - Data Set                      : Present
2026-10-05 08:06:32,578 [DEBUG] pynetdicom._handlers - Priority                      : Medium
2026-10-05 08:06:32,578 [DEBUG] pynetdicom._handlers - ============================ END DIMSE MESSAGE =============================
2026-10-05 08:06:32,579 [DEBUG] pynetdicom.dsutils - pydicom.read_dataset() TransferSyntax="Little Endian Implicit"
2026-10-05 08:06:32,582 [INFO] HealthPACS - Utility: Directory esistente verificata: G:\ArchiveRoot\1.2.840.113619.2.1075997
2026-10-05 08:06:32,583 [INFO] HealthPACS - Utility: Directory esistente verificata: G:\ArchiveRoot\1.2.840.113619.2.1075997\1.3.12.2.1107.5.1.7.123161.30000024073109044472200000734
2026-10-05 08:06:32,587 [INFO] HealthPACS - [InstancesRepo] Creata nuova istanza [SOP: 1.3.12.2.1107.5.1.7.123161.30000024073109044472200003733]
2026-10-05 08:06:32,591 [INFO] HealthPACS - C-STORE: Salvata Istanza [ID: 6204, SOP: 1.3.12.2.1107.5.1.7.123161.30000024073109044472200003733] | Dim: 528812 B | Path: G:\ArchiveRoot\1.2.840.113619.2.1075997\1.3.12.2.1107.5.1.7.123161.30000024073109044472200000734\1.3.12.2.1107.5.1.7.123161.30000024073109044472200003733.dcm
2026-10-05 08:06:32,622 [DEBUG] pynetdicom.dsutils - pydicom.read_dataset() TransferSyntax="Little Endian Implicit"
2026-10-05 08:06:32,625 [INFO] pynetdicom._handlers - Received Store Request
2026-10-05 08:06:32,625 [DEBUG] pynetdicom._handlers - ========================== INCOMING DIMSE MESSAGE ==========================
2026-10-05 08:06:32,625 [DEBUG] pynetdicom._handlers - Message Type                  : C-STORE RQ
2026-10-05 08:06:32,625 [DEBUG] pynetdicom._handlers - Presentation Context ID       : 21
2026-10-05 08:06:32,626 [DEBUG] pynetdicom._handlers - Message ID                    : 2107
2026-10-05 08:06:32,626 [DEBUG] pynetdicom._handlers - Affected SOP Class UID        : CT Image Storage
2026-10-05 08:06:32,626 [DEBUG] pynetdicom._handlers - Affected SOP Instance UID     : 1.3.12.2.1107.5.1.7.123161.30000024073109044472200003734
2026-10-05 08:06:32,626 [DEBUG] pynetdicom._handlers - Data Set                      : Present
2026-10-05 08:06:32,626 [DEBUG] pynetdicom._handlers - Priority                      : Medium
2026-10-05 08:06:32,626 [DEBUG] pynetdicom._handlers - ============================ END DIMSE MESSAGE =============================
2026-10-05 08:06:32,628 [DEBUG] pynetdicom.dsutils - pydicom.read_dataset() TransferSyntax="Little Endian Implicit"
2026-10-05 08:06:32,632 [INFO] HealthPACS - Utility: Directory esistente verificata: G:\ArchiveRoot\1.2.840.113619.2.1075997
2026-10-05 08:06:32,633 [INFO] HealthPACS - Utility: Directory esistente verificata: G:\ArchiveRoot\1.2.840.113619.2.1075997\1.3.12.2.1107.5.1.7.123161.30000024073109044472200000734
2026-10-05 08:06:32,637 [INFO] HealthPACS - [InstancesRepo] Creata nuova istanza [SOP: 1.3.12.2.1107.5.1.7.123161.30000024073109044472200003734]
2026-10-05 08:06:32,640 [INFO] HealthPACS - C-STORE: Salvata Istanza [ID: 6205, SOP: 1.3.12.2.1107.5.1.7.123161.30000024073109044472200003734] | Dim: 528812 B | Path: G:\ArchiveRoot\1.2.840.113619.2.1075997\1.3.12.2.1107.5.1.7.123161.30000024073109044472200000734\1.3.12.2.1107.5.1.7.123161.30000024073109044472200003734.dcm
2026-10-05 08:06:32,673 [DEBUG] pynetdicom.dsutils - pydicom.read_dataset() TransferSyntax="Little Endian Implicit"
2026-10-05 08:06:32,676 [INFO] pynetdicom._handlers - Received Store Request
2026-10-05 08:06:32,676 [DEBUG] pynetdicom._handlers - ========================== INCOMING DIMSE MESSAGE ==========================
2026-10-05 08:06:32,676 [DEBUG] pynetdicom._handlers - Message Type                  : C-STORE RQ
2026-10-05 08:06:32,676 [DEBUG] pynetdicom._handlers - Presentation Context ID       : 21
2026-10-05 08:06:32,677 [DEBUG] pynetdicom._handlers - Message ID                    : 2108
2026-10-05 08:06:32,677 [DEBUG] pynetdicom._handlers - Affected SOP Class UID        : CT Image Storage
2026-10-05 08:06:32,677 [DEBUG] pynetdicom._handlers - Affected SOP Instance UID     : 1.3.12.2.1107.5.1.7.123161.30000024073109044472200003735
2026-10-05 08:06:32,677 [DEBUG] pynetdicom._handlers - Data Set                      : Present
2026-10-05 08:06:32,677 [DEBUG] pynetdicom._handlers - Priority                      : Medium
2026-10-05 08:06:32,677 [DEBUG] pynetdicom._handlers - ============================ END DIMSE MESSAGE =============================
2026-10-05 08:06:32,677 [DEBUG] pynetdicom.dsutils - pydicom.read_dataset() TransferSyntax="Little Endian Implicit"
2026-10-05 08:06:32,681 [INFO] HealthPACS - Utility: Directory esistente verificata: G:\ArchiveRoot\1.2.840.113619.2.1075997
2026-10-05 08:06:32,682 [INFO] HealthPACS - Utility: Directory esistente verificata: G:\ArchiveRoot\1.2.840.113619.2.1075997\1.3.12.2.1107.5.1.7.123161.30000024073109044472200000734
2026-10-05 08:06:32,686 [INFO] HealthPACS - [InstancesRepo] Creata nuova istanza [SOP: 1.3.12.2.1107.5.1.7.123161.30000024073109044472200003735]
2026-10-05 08:06:32,690 [INFO] HealthPACS - C-STORE: Salvata Istanza [ID: 6206, SOP: 1.3.12.2.1107.5.1.7.123161.30000024073109044472200003735] | Dim: 528812 B | Path: G:\ArchiveRoot\1.2.840.113619.2.1075997\1.3.12.2.1107.5.1.7.123161.30000024073109044472200000734\1.3.12.2.1107.5.1.7.123161.30000024073109044472200003735.dcm
2026-10-05 08:06:32,733 [DEBUG] pynetdicom.dsutils - pydicom.read_dataset() TransferSyntax="Little Endian Implicit"
2026-10-05 08:06:32,736 [INFO] pynetdicom._handlers - Received Store Request
2026-10-05 08:06:32,736 [DEBUG] pynetdicom._handlers - ========================== INCOMING DIMSE MESSAGE ==========================
2026-10-05 08:06:32,737 [DEBUG] pynetdicom._handlers - Message Type                  : C-STORE RQ
2026-10-05 08:06:32,737 [DEBUG] pynetdicom._handlers - Presentation Context ID       : 21
2026-10-05 08:06:32,737 [DEBUG] pynetdicom._handlers - Message ID                    : 2109
2026-10-05 08:06:32,737 [DEBUG] pynetdicom._handlers - Affected SOP Class UID        : CT Image Storage
2026-10-05 08:06:32,737 [DEBUG] pynetdicom._handlers - Affected SOP Instance UID     : 1.3.12.2.1107.5.1.7.123161.30000024073109044472200003736
2026-10-05 08:06:32,737 [DEBUG] pynetdicom._handlers - Data Set                      : Present
2026-10-05 08:06:32,737 [DEBUG] pynetdicom._handlers - Priority                      : Medium
2026-10-05 08:06:32,737 [DEBUG] pynetdicom._handlers - ============================ END DIMSE MESSAGE =============================
2026-10-05 08:06:32,738 [DEBUG] pynetdicom.dsutils - pydicom.read_dataset() TransferSyntax="Little Endian Implicit"
2026-10-05 08:06:32,743 [INFO] HealthPACS - Utility: Directory esistente verificata: G:\ArchiveRoot\1.2.840.113619.2.1075997
2026-10-05 08:06:32,745 [INFO] HealthPACS - Utility: Directory esistente verificata: G:\ArchiveRoot\1.2.840.113619.2.1075997\1.3.12.2.1107.5.1.7.123161.30000024073109044472200000734
2026-10-05 08:06:32,750 [INFO] HealthPACS - [InstancesRepo] Creata nuova istanza [SOP: 1.3.12.2.1107.5.1.7.123161.30000024073109044472200003736]
2026-10-05 08:06:32,753 [INFO] HealthPACS - C-STORE: Salvata Istanza [ID: 6207, SOP: 1.3.12.2.1107.5.1.7.123161.30000024073109044472200003736] | Dim: 528812 B | Path: G:\ArchiveRoot\1.2.840.113619.2.1075997\1.3.12.2.1107.5.1.7.123161.30000024073109044472200000734\1.3.12.2.1107.5.1.7.123161.30000024073109044472200003736.dcm
2026-10-05 08:06:32,807 [DEBUG] pynetdicom.dsutils - pydicom.read_dataset() TransferSyntax="Little Endian Implicit"
2026-10-05 08:06:32,810 [INFO] pynetdicom._handlers - Received Store Request
2026-10-05 08:06:32,811 [DEBUG] pynetdicom._handlers - ========================== INCOMING DIMSE MESSAGE ==========================
2026-10-05 08:06:32,811 [DEBUG] pynetdicom._handlers - Message Type                  : C-STORE RQ
2026-10-05 08:06:32,811 [DEBUG] pynetdicom._handlers - Presentation Context ID       : 21
2026-10-05 08:06:32,811 [DEBUG] pynetdicom._handlers - Message ID                    : 2110
2026-10-05 08:06:32,811 [DEBUG] pynetdicom._handlers - Affected SOP Class UID        : CT Image Storage
2026-10-05 08:06:32,811 [DEBUG] pynetdicom._handlers - Affected SOP Instance UID     : 1.3.12.2.1107.5.1.7.123161.30000024073109044472200003737
2026-10-05 08:06:32,811 [DEBUG] pynetdicom._handlers - Data Set                      : Present
2026-10-05 08:06:32,811 [DEBUG] pynetdicom._handlers - Priority                      : Medium
2026-10-05 08:06:32,811 [DEBUG] pynetdicom._handlers - ============================ END DIMSE MESSAGE =============================
2026-10-05 08:06:32,813 [DEBUG] pynetdicom.dsutils - pydicom.read_dataset() TransferSyntax="Little Endian Implicit"
2026-10-05 08:06:32,817 [INFO] HealthPACS - Utility: Directory esistente verificata: G:\ArchiveRoot\1.2.840.113619.2.1075997
2026-10-05 08:06:32,818 [INFO] HealthPACS - Utility: Directory esistente verificata: G:\ArchiveRoot\1.2.840.113619.2.1075997\1.3.12.2.1107.5.1.7.123161.30000024073109044472200000734
2026-10-05 08:06:32,821 [INFO] HealthPACS - [InstancesRepo] Creata nuova istanza [SOP: 1.3.12.2.1107.5.1.7.123161.30000024073109044472200003737]
2026-10-05 08:06:32,825 [INFO] HealthPACS - C-STORE: Salvata Istanza [ID: 6208, SOP: 1.3.12.2.1107.5.1.7.123161.30000024073109044472200003737] | Dim: 528812 B | Path: G:\ArchiveRoot\1.2.840.113619.2.1075997\1.3.12.2.1107.5.1.7.123161.30000024073109044472200000734\1.3.12.2.1107.5.1.7.123161.30000024073109044472200003737.dcm
2026-10-05 08:06:32,883 [DEBUG] pynetdicom.dsutils - pydicom.read_dataset() TransferSyntax="Little Endian Implicit"
2026-10-05 08:06:32,886 [INFO] pynetdicom._handlers - Received Store Request
2026-10-05 08:06:32,886 [DEBUG] pynetdicom._handlers - ========================== INCOMING DIMSE MESSAGE ==========================
2026-10-05 08:06:32,886 [DEBUG] pynetdicom._handlers - Message Type                  : C-STORE RQ
2026-10-05 08:06:32,886 [DEBUG] pynetdicom._handlers - Presentation Context ID       : 21
2026-10-05 08:06:32,887 [DEBUG] pynetdicom._handlers - Message ID                    : 2111
2026-10-05 08:06:32,887 [DEBUG] pynetdicom._handlers - Affected SOP Class UID        : CT Image Storage
2026-10-05 08:06:32,887 [DEBUG] pynetdicom._handlers - Affected SOP Instance UID     : 1.3.12.2.1107.5.1.7.123161.30000024073109044472200002659
2026-10-05 08:06:32,887 [DEBUG] pynetdicom._handlers - Data Set                      : Present
2026-10-05 08:06:32,887 [DEBUG] pynetdicom._handlers - Priority                      : Medium
2026-10-05 08:06:32,887 [DEBUG] pynetdicom._handlers - ============================ END DIMSE MESSAGE =============================
2026-10-05 08:06:32,888 [DEBUG] pynetdicom.dsutils - pydicom.read_dataset() TransferSyntax="Little Endian Implicit"
2026-10-05 08:06:32,892 [INFO] HealthPACS - Utility: Directory esistente verificata: G:\ArchiveRoot\1.2.840.113619.2.1075997
2026-10-05 08:06:32,893 [INFO] HealthPACS - Utility: Directory esistente verificata: G:\ArchiveRoot\1.2.840.113619.2.1075997\1.3.12.2.1107.5.1.7.123161.30000024073109044472200000734
2026-10-05 08:06:32,897 [INFO] HealthPACS - [InstancesRepo] Creata nuova istanza [SOP: 1.3.12.2.1107.5.1.7.123161.30000024073109044472200002659]
2026-10-05 08:06:32,900 [INFO] HealthPACS - C-STORE: Salvata Istanza [ID: 6209, SOP: 1.3.12.2.1107.5.1.7.123161.30000024073109044472200002659] | Dim: 528820 B | Path: G:\ArchiveRoot\1.2.840.113619.2.1075997\1.3.12.2.1107.5.1.7.123161.30000024073109044472200000734\1.3.12.2.1107.5.1.7.123161.30000024073109044472200002659.dcm
2026-10-05 08:06:32,953 [DEBUG] pynetdicom.dsutils - pydicom.read_dataset() TransferSyntax="Little Endian Implicit"
2026-10-05 08:06:32,955 [INFO] pynetdicom._handlers - Received Store Request
2026-10-05 08:06:32,955 [DEBUG] pynetdicom._handlers - ========================== INCOMING DIMSE MESSAGE ==========================
2026-10-05 08:06:32,955 [DEBUG] pynetdicom._handlers - Message Type                  : C-STORE RQ
2026-10-05 08:06:32,955 [DEBUG] pynetdicom._handlers - Presentation Context ID       : 21
2026-10-05 08:06:32,955 [DEBUG] pynetdicom._handlers - Message ID                    : 2112
2026-10-05 08:06:32,955 [DEBUG] pynetdicom._handlers - Affected SOP Class UID        : CT Image Storage
2026-10-05 08:06:32,955 [DEBUG] pynetdicom._handlers - Affected SOP Instance UID     : 1.3.12.2.1107.5.1.7.123161.30000024073109044472200003738
2026-10-05 08:06:32,956 [DEBUG] pynetdicom._handlers - Data Set                      : Present
2026-10-05 08:06:32,956 [DEBUG] pynetdicom._handlers - Priority                      : Medium
2026-10-05 08:06:32,956 [DEBUG] pynetdicom._handlers - ============================ END DIMSE MESSAGE =============================
2026-10-05 08:06:32,957 [DEBUG] pynetdicom.dsutils - pydicom.read_dataset() TransferSyntax="Little Endian Implicit"
2026-10-05 08:06:32,960 [INFO] HealthPACS - Utility: Directory esistente verificata: G:\ArchiveRoot\1.2.840.113619.2.1075997
2026-10-05 08:06:32,962 [INFO] HealthPACS - Utility: Directory esistente verificata: G:\ArchiveRoot\1.2.840.113619.2.1075997\1.3.12.2.1107.5.1.7.123161.30000024073109044472200000734
2026-10-05 08:06:32,966 [INFO] HealthPACS - [InstancesRepo] Creata nuova istanza [SOP: 1.3.12.2.1107.5.1.7.123161.30000024073109044472200003738]
2026-10-05 08:06:32,969 [INFO] HealthPACS - C-STORE: Salvata Istanza [ID: 6210, SOP: 1.3.12.2.1107.5.1.7.123161.30000024073109044472200003738] | Dim: 528812 B | Path: G:\ArchiveRoot\1.2.840.113619.2.1075997\1.3.12.2.1107.5.1.7.123161.30000024073109044472200000734\1.3.12.2.1107.5.1.7.123161.30000024073109044472200003738.dcm
2026-10-05 08:06:33,027 [DEBUG] pynetdicom.dsutils - pydicom.read_dataset() TransferSyntax="Little Endian Implicit"
2026-10-05 08:06:33,030 [INFO] pynetdicom._handlers - Received Store Request
2026-10-05 08:06:33,030 [DEBUG] pynetdicom._handlers - ========================== INCOMING DIMSE MESSAGE ==========================
2026-10-05 08:06:33,030 [DEBUG] pynetdicom._handlers - Message Type                  : C-STORE RQ
2026-10-05 08:06:33,031 [DEBUG] pynetdicom._handlers - Presentation Context ID       : 21
2026-10-05 08:06:33,031 [DEBUG] pynetdicom._handlers - Message ID                    : 2113
2026-10-05 08:06:33,031 [DEBUG] pynetdicom._handlers - Affected SOP Class UID        : CT Image Storage
2026-10-05 08:06:33,031 [DEBUG] pynetdicom._handlers - Affected SOP Instance UID     : 1.3.12.2.1107.5.1.7.123161.30000024073109044472200003739
2026-10-05 08:06:33,031 [DEBUG] pynetdicom._handlers - Data Set                      : Present
2026-10-05 08:06:33,031 [DEBUG] pynetdicom._handlers - Priority                      : Medium
2026-10-05 08:06:33,031 [DEBUG] pynetdicom._handlers - ============================ END DIMSE MESSAGE =============================
2026-10-05 08:06:33,032 [DEBUG] pynetdicom.dsutils - pydicom.read_dataset() TransferSyntax="Little Endian Implicit"
2026-10-05 08:06:33,035 [INFO] HealthPACS - Utility: Directory esistente verificata: G:\ArchiveRoot\1.2.840.113619.2.1075997
2026-10-05 08:06:33,037 [INFO] HealthPACS - Utility: Directory esistente verificata: G:\ArchiveRoot\1.2.840.113619.2.1075997\1.3.12.2.1107.5.1.7.123161.30000024073109044472200000734
2026-10-05 08:06:33,041 [INFO] HealthPACS - [InstancesRepo] Creata nuova istanza [SOP: 1.3.12.2.1107.5.1.7.123161.30000024073109044472200003739]
2026-10-05 08:06:33,044 [INFO] HealthPACS - C-STORE: Salvata Istanza [ID: 6211, SOP: 1.3.12.2.1107.5.1.7.123161.30000024073109044472200003739] | Dim: 528812 B | Path: G:\ArchiveRoot\1.2.840.113619.2.1075997\1.3.12.2.1107.5.1.7.123161.30000024073109044472200000734\1.3.12.2.1107.5.1.7.123161.30000024073109044472200003739.dcm
2026-10-05 08:06:33,106 [DEBUG] pynetdicom.dsutils - pydicom.read_dataset() TransferSyntax="Little Endian Implicit"
2026-10-05 08:06:33,109 [INFO] pynetdicom._handlers - Received Store Request
2026-10-05 08:06:33,109 [DEBUG] pynetdicom._handlers - ========================== INCOMING DIMSE MESSAGE ==========================
2026-10-05 08:06:33,109 [DEBUG] pynetdicom._handlers - Message Type                  : C-STORE RQ
2026-10-05 08:06:33,109 [DEBUG] pynetdicom._handlers - Presentation Context ID       : 21
2026-10-05 08:06:33,109 [DEBUG] pynetdicom._handlers - Message ID                    : 2114
2026-10-05 08:06:33,110 [DEBUG] pynetdicom._handlers - Affected SOP Class UID        : CT Image Storage
2026-10-05 08:06:33,110 [DEBUG] pynetdicom._handlers - Affected SOP Instance UID     : 1.3.12.2.1107.5.1.7.123161.30000024073109044472200003740
2026-10-05 08:06:33,110 [DEBUG] pynetdicom._handlers - Data Set                      : Present
2026-10-05 08:06:33,110 [DEBUG] pynetdicom._handlers - Priority                      : Medium
2026-10-05 08:06:33,110 [DEBUG] pynetdicom._handlers - ============================ END DIMSE MESSAGE =============================
2026-10-05 08:06:33,111 [DEBUG] pynetdicom.dsutils - pydicom.read_dataset() TransferSyntax="Little Endian Implicit"
2026-10-05 08:06:33,115 [INFO] HealthPACS - Utility: Directory esistente verificata: G:\ArchiveRoot\1.2.840.113619.2.1075997
2026-10-05 08:06:33,116 [INFO] HealthPACS - Utility: Directory esistente verificata: G:\ArchiveRoot\1.2.840.113619.2.1075997\1.3.12.2.1107.5.1.7.123161.30000024073109044472200000734
2026-10-05 08:06:33,119 [INFO] HealthPACS - [InstancesRepo] Creata nuova istanza [SOP: 1.3.12.2.1107.5.1.7.123161.30000024073109044472200003740]
2026-10-05 08:06:33,123 [INFO] HealthPACS - C-STORE: Salvata Istanza [ID: 6212, SOP: 1.3.12.2.1107.5.1.7.123161.30000024073109044472200003740] | Dim: 528812 B | Path: G:\ArchiveRoot\1.2.840.113619.2.1075997\1.3.12.2.1107.5.1.7.123161.30000024073109044472200000734\1.3.12.2.1107.5.1.7.123161.30000024073109044472200003740.dcm
2026-10-05 08:06:33,193 [DEBUG] pynetdicom.dsutils - pydicom.read_dataset() TransferSyntax="Little Endian Implicit"
2026-10-05 08:06:33,196 [INFO] pynetdicom._handlers - Received Store Request
2026-10-05 08:06:33,196 [DEBUG] pynetdicom._handlers - ========================== INCOMING DIMSE MESSAGE ==========================
2026-10-05 08:06:33,196 [DEBUG] pynetdicom._handlers - Message Type                  : C-STORE RQ
2026-10-05 08:06:33,196 [DEBUG] pynetdicom._handlers - Presentation Context ID       : 21
2026-10-05 08:06:33,197 [DEBUG] pynetdicom._handlers - Message ID                    : 2115
2026-10-05 08:06:33,197 [DEBUG] pynetdicom._handlers - Affected SOP Class UID        : CT Image Storage
2026-10-05 08:06:33,197 [DEBUG] pynetdicom._handlers - Affected SOP Instance UID     : 1.3.12.2.1107.5.1.7.123161.30000024073109044472200003741
2026-10-05 08:06:33,197 [DEBUG] pynetdicom._handlers - Data Set                      : Present
2026-10-05 08:06:33,197 [DEBUG] pynetdicom._handlers - Priority                      : Medium
2026-10-05 08:06:33,197 [DEBUG] pynetdicom._handlers - ============================ END DIMSE MESSAGE =============================
2026-10-05 08:06:33,199 [DEBUG] pynetdicom.dsutils - pydicom.read_dataset() TransferSyntax="Little Endian Implicit"
2026-10-05 08:06:33,202 [INFO] HealthPACS - Utility: Directory esistente verificata: G:\ArchiveRoot\1.2.840.113619.2.1075997
2026-10-05 08:06:33,204 [INFO] HealthPACS - Utility: Directory esistente verificata: G:\ArchiveRoot\1.2.840.113619.2.1075997\1.3.12.2.1107.5.1.7.123161.30000024073109044472200000734
2026-10-05 08:06:33,208 [INFO] HealthPACS - [InstancesRepo] Creata nuova istanza [SOP: 1.3.12.2.1107.5.1.7.123161.30000024073109044472200003741]
2026-10-05 08:06:33,211 [INFO] HealthPACS - C-STORE: Salvata Istanza [ID: 6213, SOP: 1.3.12.2.1107.5.1.7.123161.30000024073109044472200003741] | Dim: 528812 B | Path: G:\ArchiveRoot\1.2.840.113619.2.1075997\1.3.12.2.1107.5.1.7.123161.30000024073109044472200000734\1.3.12.2.1107.5.1.7.123161.30000024073109044472200003741.dcm
2026-10-05 08:06:33,282 [DEBUG] pynetdicom.dsutils - pydicom.read_dataset() TransferSyntax="Little Endian Implicit"
2026-10-05 08:06:33,284 [INFO] pynetdicom._handlers - Received Store Request
2026-10-05 08:06:33,284 [DEBUG] pynetdicom._handlers - ========================== INCOMING DIMSE MESSAGE ==========================
2026-10-05 08:06:33,284 [DEBUG] pynetdicom._handlers - Message Type                  : C-STORE RQ
2026-10-05 08:06:33,284 [DEBUG] pynetdicom._handlers - Presentation Context ID       : 21
2026-10-05 08:06:33,285 [DEBUG] pynetdicom._handlers - Message ID                    : 2116
2026-10-05 08:06:33,285 [DEBUG] pynetdicom._handlers - Affected SOP Class UID        : CT Image Storage
2026-10-05 08:06:33,285 [DEBUG] pynetdicom._handlers - Affected SOP Instance UID     : 1.3.12.2.1107.5.1.7.123161.30000024073109044472200003742
2026-10-05 08:06:33,285 [DEBUG] pynetdicom._handlers - Data Set                      : Present
2026-10-05 08:06:33,285 [DEBUG] pynetdicom._handlers - Priority                      : Medium
2026-10-05 08:06:33,285 [DEBUG] pynetdicom._handlers - ============================ END DIMSE MESSAGE =============================
2026-10-05 08:06:33,287 [DEBUG] pynetdicom.dsutils - pydicom.read_dataset() TransferSyntax="Little Endian Implicit"
2026-10-05 08:06:33,291 [INFO] HealthPACS - Utility: Directory esistente verificata: G:\ArchiveRoot\1.2.840.113619.2.1075997
2026-10-05 08:06:33,292 [INFO] HealthPACS - Utility: Directory esistente verificata: G:\ArchiveRoot\1.2.840.113619.2.1075997\1.3.12.2.1107.5.1.7.123161.30000024073109044472200000734
2026-10-05 08:06:33,297 [INFO] HealthPACS - [InstancesRepo] Creata nuova istanza [SOP: 1.3.12.2.1107.5.1.7.123161.30000024073109044472200003742]
2026-10-05 08:06:33,303 [INFO] HealthPACS - C-STORE: Salvata Istanza [ID: 6214, SOP: 1.3.12.2.1107.5.1.7.123161.30000024073109044472200003742] | Dim: 528812 B | Path: G:\ArchiveRoot\1.2.840.113619.2.1075997\1.3.12.2.1107.5.1.7.123161.30000024073109044472200000734\1.3.12.2.1107.5.1.7.123161.30000024073109044472200003742.dcm
2026-10-05 08:06:33,408 [DEBUG] pynetdicom.dsutils - pydicom.read_dataset() TransferSyntax="Little Endian Implicit"
2026-10-05 08:06:33,410 [INFO] pynetdicom._handlers - Received Store Request
2026-10-05 08:06:33,411 [DEBUG] pynetdicom._handlers - ========================== INCOMING DIMSE MESSAGE ==========================
2026-10-05 08:06:33,411 [DEBUG] pynetdicom._handlers - Message Type                  : C-STORE RQ
2026-10-05 08:06:33,411 [DEBUG] pynetdicom._handlers - Presentation Context ID       : 21
2026-10-05 08:06:33,411 [DEBUG] pynetdicom._handlers - Message ID                    : 2117
2026-10-05 08:06:33,412 [DEBUG] pynetdicom._handlers - Affected SOP Class UID        : CT Image Storage
2026-10-05 08:06:33,412 [DEBUG] pynetdicom._handlers - Affected SOP Instance UID     : 1.3.12.2.1107.5.1.7.123161.30000024073109044472200003743
2026-10-05 08:06:33,412 [DEBUG] pynetdicom._handlers - Data Set                      : Present
2026-10-05 08:06:33,412 [DEBUG] pynetdicom._handlers - Priority                      : Medium
2026-10-05 08:06:33,412 [DEBUG] pynetdicom._handlers - ============================ END DIMSE MESSAGE =============================
2026-10-05 08:06:33,414 [DEBUG] pynetdicom.dsutils - pydicom.read_dataset() TransferSyntax="Little Endian Implicit"
2026-10-05 08:06:33,418 [INFO] HealthPACS - Utility: Directory esistente verificata: G:\ArchiveRoot\1.2.840.113619.2.1075997
2026-10-05 08:06:33,419 [INFO] HealthPACS - Utility: Directory esistente verificata: G:\ArchiveRoot\1.2.840.113619.2.1075997\1.3.12.2.1107.5.1.7.123161.30000024073109044472200000734
2026-10-05 08:06:33,422 [INFO] HealthPACS - [InstancesRepo] Creata nuova istanza [SOP: 1.3.12.2.1107.5.1.7.123161.30000024073109044472200003743]
2026-10-05 08:06:33,425 [INFO] HealthPACS - C-STORE: Salvata Istanza [ID: 6215, SOP: 1.3.12.2.1107.5.1.7.123161.30000024073109044472200003743] | Dim: 528812 B | Path: G:\ArchiveRoot\1.2.840.113619.2.1075997\1.3.12.2.1107.5.1.7.123161.30000024073109044472200000734\1.3.12.2.1107.5.1.7.123161.30000024073109044472200003743.dcm
2026-10-05 08:06:33,503 [DEBUG] pynetdicom.dsutils - pydicom.read_dataset() TransferSyntax="Little Endian Implicit"
2026-10-05 08:06:33,505 [INFO] pynetdicom._handlers - Received Store Request
2026-10-05 08:06:33,505 [DEBUG] pynetdicom._handlers - ========================== INCOMING DIMSE MESSAGE ==========================
2026-10-05 08:06:33,505 [DEBUG] pynetdicom._handlers - Message Type                  : C-STORE RQ
2026-10-05 08:06:33,506 [DEBUG] pynetdicom._handlers - Presentation Context ID       : 21
2026-10-05 08:06:33,506 [DEBUG] pynetdicom._handlers - Message ID                    : 2118
2026-10-05 08:06:33,506 [DEBUG] pynetdicom._handlers - Affected SOP Class UID        : CT Image Storage
2026-10-05 08:06:33,506 [DEBUG] pynetdicom._handlers - Affected SOP Instance UID     : 1.3.12.2.1107.5.1.7.123161.30000024073109044472200003744
2026-10-05 08:06:33,506 [DEBUG] pynetdicom._handlers - Data Set                      : Present
2026-10-05 08:06:33,506 [DEBUG] pynetdicom._handlers - Priority                      : Medium
2026-10-05 08:06:33,506 [DEBUG] pynetdicom._handlers - ============================ END DIMSE MESSAGE =============================
2026-10-05 08:06:33,507 [DEBUG] pynetdicom.dsutils - pydicom.read_dataset() TransferSyntax="Little Endian Implicit"
2026-10-05 08:06:33,510 [INFO] HealthPACS - Utility: Directory esistente verificata: G:\ArchiveRoot\1.2.840.113619.2.1075997
2026-10-05 08:06:33,512 [INFO] HealthPACS - Utility: Directory esistente verificata: G:\ArchiveRoot\1.2.840.113619.2.1075997\1.3.12.2.1107.5.1.7.123161.30000024073109044472200000734
2026-10-05 08:06:33,515 [INFO] HealthPACS - [InstancesRepo] Creata nuova istanza [SOP: 1.3.12.2.1107.5.1.7.123161.30000024073109044472200003744]
2026-10-05 08:06:33,519 [INFO] HealthPACS - C-STORE: Salvata Istanza [ID: 6216, SOP: 1.3.12.2.1107.5.1.7.123161.30000024073109044472200003744] | Dim: 528812 B | Path: G:\ArchiveRoot\1.2.840.113619.2.1075997\1.3.12.2.1107.5.1.7.123161.30000024073109044472200000734\1.3.12.2.1107.5.1.7.123161.30000024073109044472200003744.dcm
2026-10-05 08:06:33,603 [DEBUG] pynetdicom.dsutils - pydicom.read_dataset() TransferSyntax="Little Endian Implicit"
2026-10-05 08:06:33,605 [INFO] pynetdicom._handlers - Received Store Request
2026-10-05 08:06:33,605 [DEBUG] pynetdicom._handlers - ========================== INCOMING DIMSE MESSAGE ==========================
2026-10-05 08:06:33,605 [DEBUG] pynetdicom._handlers - Message Type                  : C-STORE RQ
2026-10-05 08:06:33,605 [DEBUG] pynetdicom._handlers - Presentation Context ID       : 21
2026-10-05 08:06:33,605 [DEBUG] pynetdicom._handlers - Message ID                    : 2119
2026-10-05 08:06:33,605 [DEBUG] pynetdicom._handlers - Affected SOP Class UID        : CT Image Storage
2026-10-05 08:06:33,605 [DEBUG] pynetdicom._handlers - Affected SOP Instance UID     : 1.3.12.2.1107.5.1.7.123161.30000024073109044472200003745
2026-10-05 08:06:33,606 [DEBUG] pynetdicom._handlers - Data Set                      : Present
2026-10-05 08:06:33,606 [DEBUG] pynetdicom._handlers - Priority                      : Medium
2026-10-05 08:06:33,606 [DEBUG] pynetdicom._handlers - ============================ END DIMSE MESSAGE =============================
2026-10-05 08:06:33,607 [DEBUG] pynetdicom.dsutils - pydicom.read_dataset() TransferSyntax="Little Endian Implicit"
2026-10-05 08:06:33,610 [INFO] HealthPACS - Utility: Directory esistente verificata: G:\ArchiveRoot\1.2.840.113619.2.1075997
2026-10-05 08:06:33,612 [INFO] HealthPACS - Utility: Directory esistente verificata: G:\ArchiveRoot\1.2.840.113619.2.1075997\1.3.12.2.1107.5.1.7.123161.30000024073109044472200000734
2026-10-05 08:06:33,615 [INFO] HealthPACS - [InstancesRepo] Creata nuova istanza [SOP: 1.3.12.2.1107.5.1.7.123161.30000024073109044472200003745]
2026-10-05 08:06:33,618 [INFO] HealthPACS - C-STORE: Salvata Istanza [ID: 6217, SOP: 1.3.12.2.1107.5.1.7.123161.30000024073109044472200003745] | Dim: 528812 B | Path: G:\ArchiveRoot\1.2.840.113619.2.1075997\1.3.12.2.1107.5.1.7.123161.30000024073109044472200000734\1.3.12.2.1107.5.1.7.123161.30000024073109044472200003745.dcm
2026-10-05 08:06:33,701 [DEBUG] pynetdicom.dsutils - pydicom.read_dataset() TransferSyntax="Little Endian Implicit"
2026-10-05 08:06:33,704 [INFO] pynetdicom._handlers - Received Store Request
2026-10-05 08:06:33,704 [DEBUG] pynetdicom._handlers - ========================== INCOMING DIMSE MESSAGE ==========================
2026-10-05 08:06:33,704 [DEBUG] pynetdicom._handlers - Message Type                  : C-STORE RQ
2026-10-05 08:06:33,704 [DEBUG] pynetdicom._handlers - Presentation Context ID       : 21
2026-10-05 08:06:33,704 [DEBUG] pynetdicom._handlers - Message ID                    : 2120
2026-10-05 08:06:33,704 [DEBUG] pynetdicom._handlers - Affected SOP Class UID        : CT Image Storage
2026-10-05 08:06:33,705 [DEBUG] pynetdicom._handlers - Affected SOP Instance UID     : 1.3.12.2.1107.5.1.7.123161.30000024073109044472200003746
2026-10-05 08:06:33,705 [DEBUG] pynetdicom._handlers - Data Set                      : Present
2026-10-05 08:06:33,705 [DEBUG] pynetdicom._handlers - Priority                      : Medium
2026-10-05 08:06:33,705 [DEBUG] pynetdicom._handlers - ============================ END DIMSE MESSAGE =============================
2026-10-05 08:06:33,706 [DEBUG] pynetdicom.dsutils - pydicom.read_dataset() TransferSyntax="Little Endian Implicit"
2026-10-05 08:06:33,709 [INFO] HealthPACS - Utility: Directory esistente verificata: G:\ArchiveRoot\1.2.840.113619.2.1075997
2026-10-05 08:06:33,710 [INFO] HealthPACS - Utility: Directory esistente verificata: G:\ArchiveRoot\1.2.840.113619.2.1075997\1.3.12.2.1107.5.1.7.123161.30000024073109044472200000734
2026-10-05 08:06:33,714 [INFO] HealthPACS - [InstancesRepo] Creata nuova istanza [SOP: 1.3.12.2.1107.5.1.7.123161.30000024073109044472200003746]
2026-10-05 08:06:33,716 [INFO] HealthPACS - C-STORE: Salvata Istanza [ID: 6218, SOP: 1.3.12.2.1107.5.1.7.123161.30000024073109044472200003746] | Dim: 528812 B | Path: G:\ArchiveRoot\1.2.840.113619.2.1075997\1.3.12.2.1107.5.1.7.123161.30000024073109044472200000734\1.3.12.2.1107.5.1.7.123161.30000024073109044472200003746.dcm
2026-10-05 08:06:33,804 [DEBUG] pynetdicom.dsutils - pydicom.read_dataset() TransferSyntax="Little Endian Implicit"
2026-10-05 08:06:33,805 [INFO] pynetdicom._handlers - Received Store Request
2026-10-05 08:06:33,806 [DEBUG] pynetdicom._handlers - ========================== INCOMING DIMSE MESSAGE ==========================
2026-10-05 08:06:33,806 [DEBUG] pynetdicom._handlers - Message Type                  : C-STORE RQ
2026-10-05 08:06:33,806 [DEBUG] pynetdicom._handlers - Presentation Context ID       : 21
2026-10-05 08:06:33,806 [DEBUG] pynetdicom._handlers - Message ID                    : 2121
2026-10-05 08:06:33,806 [DEBUG] pynetdicom._handlers - Affected SOP Class UID        : CT Image Storage
2026-10-05 08:06:33,807 [DEBUG] pynetdicom._handlers - Affected SOP Instance UID     : 1.3.12.2.1107.5.1.7.123161.30000024073109044472200003747
2026-10-05 08:06:33,807 [DEBUG] pynetdicom._handlers - Data Set                      : Present
2026-10-05 08:06:33,807 [DEBUG] pynetdicom._handlers - Priority                      : Medium
2026-10-05 08:06:33,807 [DEBUG] pynetdicom._handlers - ============================ END DIMSE MESSAGE =============================
2026-10-05 08:06:33,808 [DEBUG] pynetdicom.dsutils - pydicom.read_dataset() TransferSyntax="Little Endian Implicit"
2026-10-05 08:06:33,810 [INFO] HealthPACS - Utility: Directory esistente verificata: G:\ArchiveRoot\1.2.840.113619.2.1075997
2026-10-05 08:06:33,812 [INFO] HealthPACS - Utility: Directory esistente verificata: G:\ArchiveRoot\1.2.840.113619.2.1075997\1.3.12.2.1107.5.1.7.123161.30000024073109044472200000734
2026-10-05 08:06:33,815 [INFO] HealthPACS - [InstancesRepo] Creata nuova istanza [SOP: 1.3.12.2.1107.5.1.7.123161.30000024073109044472200003747]
2026-10-05 08:06:33,818 [INFO] HealthPACS - C-STORE: Salvata Istanza [ID: 6219, SOP: 1.3.12.2.1107.5.1.7.123161.30000024073109044472200003747] | Dim: 528812 B | Path: G:\ArchiveRoot\1.2.840.113619.2.1075997\1.3.12.2.1107.5.1.7.123161.30000024073109044472200000734\1.3.12.2.1107.5.1.7.123161.30000024073109044472200003747.dcm
2026-10-05 08:06:33,909 [DEBUG] pynetdicom.dsutils - pydicom.read_dataset() TransferSyntax="Little Endian Implicit"
2026-10-05 08:06:33,911 [INFO] pynetdicom._handlers - Received Store Request
2026-10-05 08:06:33,911 [DEBUG] pynetdicom._handlers - ========================== INCOMING DIMSE MESSAGE ==========================
2026-10-05 08:06:33,911 [DEBUG] pynetdicom._handlers - Message Type                  : C-STORE RQ
2026-10-05 08:06:33,912 [DEBUG] pynetdicom._handlers - Presentation Context ID       : 21
2026-10-05 08:06:33,912 [DEBUG] pynetdicom._handlers - Message ID                    : 2122
2026-10-05 08:06:33,912 [DEBUG] pynetdicom._handlers - Affected SOP Class UID        : CT Image Storage
2026-10-05 08:06:33,912 [DEBUG] pynetdicom._handlers - Affected SOP Instance UID     : 1.3.12.2.1107.5.1.7.123161.30000024073109044472200002660
2026-10-05 08:06:33,912 [DEBUG] pynetdicom._handlers - Data Set                      : Present
2026-10-05 08:06:33,912 [DEBUG] pynetdicom._handlers - Priority                      : Medium
2026-10-05 08:06:33,912 [DEBUG] pynetdicom._handlers - ============================ END DIMSE MESSAGE =============================
2026-10-05 08:06:33,914 [DEBUG] pynetdicom.dsutils - pydicom.read_dataset() TransferSyntax="Little Endian Implicit"
2026-10-05 08:06:33,917 [INFO] HealthPACS - Utility: Directory esistente verificata: G:\ArchiveRoot\1.2.840.113619.2.1075997
2026-10-05 08:06:33,919 [INFO] HealthPACS - Utility: Directory esistente verificata: G:\ArchiveRoot\1.2.840.113619.2.1075997\1.3.12.2.1107.5.1.7.123161.30000024073109044472200000734
2026-10-05 08:06:33,922 [INFO] HealthPACS - [InstancesRepo] Creata nuova istanza [SOP: 1.3.12.2.1107.5.1.7.123161.30000024073109044472200002660]
2026-10-05 08:06:33,926 [INFO] HealthPACS - C-STORE: Salvata Istanza [ID: 6220, SOP: 1.3.12.2.1107.5.1.7.123161.30000024073109044472200002660] | Dim: 528820 B | Path: G:\ArchiveRoot\1.2.840.113619.2.1075997\1.3.12.2.1107.5.1.7.123161.30000024073109044472200000734\1.3.12.2.1107.5.1.7.123161.30000024073109044472200002660.dcm
2026-10-05 08:06:34,027 [DEBUG] pynetdicom.dsutils - pydicom.read_dataset() TransferSyntax="Little Endian Implicit"
2026-10-05 08:06:34,028 [INFO] pynetdicom._handlers - Received Store Request
2026-10-05 08:06:34,029 [DEBUG] pynetdicom._handlers - ========================== INCOMING DIMSE MESSAGE ==========================
2026-10-05 08:06:34,029 [DEBUG] pynetdicom._handlers - Message Type                  : C-STORE RQ
2026-10-05 08:06:34,029 [DEBUG] pynetdicom._handlers - Presentation Context ID       : 21
2026-10-05 08:06:34,029 [DEBUG] pynetdicom._handlers - Message ID                    : 2123
2026-10-05 08:06:34,029 [DEBUG] pynetdicom._handlers - Affected SOP Class UID        : CT Image Storage
2026-10-05 08:06:34,029 [DEBUG] pynetdicom._handlers - Affected SOP Instance UID     : 1.3.12.2.1107.5.1.7.123161.30000024073109044472200003748
2026-10-05 08:06:34,029 [DEBUG] pynetdicom._handlers - Data Set                      : Present
2026-10-05 08:06:34,029 [DEBUG] pynetdicom._handlers - Priority                      : Medium
2026-10-05 08:06:34,029 [DEBUG] pynetdicom._handlers - ============================ END DIMSE MESSAGE =============================
2026-10-05 08:06:34,030 [DEBUG] pynetdicom.dsutils - pydicom.read_dataset() TransferSyntax="Little Endian Implicit"
2026-10-05 08:06:34,032 [INFO] HealthPACS - Utility: Directory esistente verificata: G:\ArchiveRoot\1.2.840.113619.2.1075997
2026-10-05 08:06:34,034 [INFO] HealthPACS - Utility: Directory esistente verificata: G:\ArchiveRoot\1.2.840.113619.2.1075997\1.3.12.2.1107.5.1.7.123161.30000024073109044472200000734
2026-10-05 08:06:34,037 [INFO] HealthPACS - [InstancesRepo] Creata nuova istanza [SOP: 1.3.12.2.1107.5.1.7.123161.30000024073109044472200003748]
2026-10-05 08:06:34,040 [INFO] HealthPACS - C-STORE: Salvata Istanza [ID: 6221, SOP: 1.3.12.2.1107.5.1.7.123161.30000024073109044472200003748] | Dim: 528812 B | Path: G:\ArchiveRoot\1.2.840.113619.2.1075997\1.3.12.2.1107.5.1.7.123161.30000024073109044472200000734\1.3.12.2.1107.5.1.7.123161.30000024073109044472200003748.dcm
2026-10-05 08:06:34,096 [DEBUG] pynetdicom.dsutils - pydicom.read_dataset() TransferSyntax="Little Endian Implicit"
2026-10-05 08:06:34,097 [INFO] pynetdicom._handlers - Received Store Request
2026-10-05 08:06:34,098 [DEBUG] pynetdicom._handlers - ========================== INCOMING DIMSE MESSAGE ==========================
2026-10-05 08:06:34,098 [DEBUG] pynetdicom._handlers - Message Type                  : C-STORE RQ
2026-10-05 08:06:34,098 [DEBUG] pynetdicom._handlers - Presentation Context ID       : 21
2026-10-05 08:06:34,098 [DEBUG] pynetdicom._handlers - Message ID                    : 2124
2026-10-05 08:06:34,098 [DEBUG] pynetdicom._handlers - Affected SOP Class UID        : CT Image Storage
2026-10-05 08:06:34,098 [DEBUG] pynetdicom._handlers - Affected SOP Instance UID     : 1.3.12.2.1107.5.1.7.123161.30000024073109044472200003749
2026-10-05 08:06:34,098 [DEBUG] pynetdicom._handlers - Data Set                      : Present
2026-10-05 08:06:34,098 [DEBUG] pynetdicom._handlers - Priority                      : Medium
2026-10-05 08:06:34,098 [DEBUG] pynetdicom._handlers - ============================ END DIMSE MESSAGE =============================
2026-10-05 08:06:34,099 [DEBUG] pynetdicom.dsutils - pydicom.read_dataset() TransferSyntax="Little Endian Implicit"
2026-10-05 08:06:34,102 [INFO] HealthPACS - Utility: Directory esistente verificata: G:\ArchiveRoot\1.2.840.113619.2.1075997
2026-10-05 08:06:34,103 [INFO] HealthPACS - Utility: Directory esistente verificata: G:\ArchiveRoot\1.2.840.113619.2.1075997\1.3.12.2.1107.5.1.7.123161.30000024073109044472200000734
2026-10-05 08:06:34,108 [INFO] HealthPACS - [InstancesRepo] Creata nuova istanza [SOP: 1.3.12.2.1107.5.1.7.123161.30000024073109044472200003749]
2026-10-05 08:06:34,110 [INFO] HealthPACS - C-STORE: Salvata Istanza [ID: 6222, SOP: 1.3.12.2.1107.5.1.7.123161.30000024073109044472200003749] | Dim: 528812 B | Path: G:\ArchiveRoot\1.2.840.113619.2.1075997\1.3.12.2.1107.5.1.7.123161.30000024073109044472200000734\1.3.12.2.1107.5.1.7.123161.30000024073109044472200003749.dcm
2026-10-05 08:06:34,134 [DEBUG] pynetdicom.dsutils - pydicom.read_dataset() TransferSyntax="Little Endian Implicit"
2026-10-05 08:06:34,137 [INFO] pynetdicom._handlers - Received Store Request
2026-10-05 08:06:34,137 [DEBUG] pynetdicom._handlers - ========================== INCOMING DIMSE MESSAGE ==========================
2026-10-05 08:06:34,137 [DEBUG] pynetdicom._handlers - Message Type                  : C-STORE RQ
2026-10-05 08:06:34,138 [DEBUG] pynetdicom._handlers - Presentation Context ID       : 21
2026-10-05 08:06:34,138 [DEBUG] pynetdicom._handlers - Message ID                    : 2125
2026-10-05 08:06:34,138 [DEBUG] pynetdicom._handlers - Affected SOP Class UID        : CT Image Storage
2026-10-05 08:06:34,138 [DEBUG] pynetdicom._handlers - Affected SOP Instance UID     : 1.3.12.2.1107.5.1.7.123161.30000024073109044472200003750
2026-10-05 08:06:34,138 [DEBUG] pynetdicom._handlers - Data Set                      : Present
2026-10-05 08:06:34,138 [DEBUG] pynetdicom._handlers - Priority                      : Medium
2026-10-05 08:06:34,138 [DEBUG] pynetdicom._handlers - ============================ END DIMSE MESSAGE =============================
2026-10-05 08:06:34,140 [DEBUG] pynetdicom.dsutils - pydicom.read_dataset() TransferSyntax="Little Endian Implicit"
2026-10-05 08:06:34,143 [INFO] HealthPACS - Utility: Directory esistente verificata: G:\ArchiveRoot\1.2.840.113619.2.1075997
2026-10-05 08:06:34,145 [INFO] HealthPACS - Utility: Directory esistente verificata: G:\ArchiveRoot\1.2.840.113619.2.1075997\1.3.12.2.1107.5.1.7.123161.30000024073109044472200000734
2026-10-05 08:06:34,148 [INFO] HealthPACS - [InstancesRepo] Creata nuova istanza [SOP: 1.3.12.2.1107.5.1.7.123161.30000024073109044472200003750]
2026-10-05 08:06:34,151 [INFO] HealthPACS - C-STORE: Salvata Istanza [ID: 6223, SOP: 1.3.12.2.1107.5.1.7.123161.30000024073109044472200003750] | Dim: 528812 B | Path: G:\ArchiveRoot\1.2.840.113619.2.1075997\1.3.12.2.1107.5.1.7.123161.30000024073109044472200000734\1.3.12.2.1107.5.1.7.123161.30000024073109044472200003750.dcm
2026-10-05 08:06:34,184 [DEBUG] pynetdicom.dsutils - pydicom.read_dataset() TransferSyntax="Little Endian Implicit"
2026-10-05 08:06:34,186 [INFO] pynetdicom._handlers - Received Store Request
2026-10-05 08:06:34,187 [DEBUG] pynetdicom._handlers - ========================== INCOMING DIMSE MESSAGE ==========================
2026-10-05 08:06:34,187 [DEBUG] pynetdicom._handlers - Message Type                  : C-STORE RQ
2026-10-05 08:06:34,187 [DEBUG] pynetdicom._handlers - Presentation Context ID       : 21
2026-10-05 08:06:34,187 [DEBUG] pynetdicom._handlers - Message ID                    : 2126
2026-10-05 08:06:34,187 [DEBUG] pynetdicom._handlers - Affected SOP Class UID        : CT Image Storage
2026-10-05 08:06:34,187 [DEBUG] pynetdicom._handlers - Affected SOP Instance UID     : 1.3.12.2.1107.5.1.7.123161.30000024073109044472200003751
2026-10-05 08:06:34,187 [DEBUG] pynetdicom._handlers - Data Set                      : Present
2026-10-05 08:06:34,187 [DEBUG] pynetdicom._handlers - Priority                      : Medium
2026-10-05 08:06:34,187 [DEBUG] pynetdicom._handlers - ============================ END DIMSE MESSAGE =============================
2026-10-05 08:06:34,189 [DEBUG] pynetdicom.dsutils - pydicom.read_dataset() TransferSyntax="Little Endian Implicit"
2026-10-05 08:06:34,193 [INFO] HealthPACS - Utility: Directory esistente verificata: G:\ArchiveRoot\1.2.840.113619.2.1075997
2026-10-05 08:06:34,194 [INFO] HealthPACS - Utility: Directory esistente verificata: G:\ArchiveRoot\1.2.840.113619.2.1075997\1.3.12.2.1107.5.1.7.123161.30000024073109044472200000734
2026-10-05 08:06:34,198 [INFO] HealthPACS - [InstancesRepo] Creata nuova istanza [SOP: 1.3.12.2.1107.5.1.7.123161.30000024073109044472200003751]
2026-10-05 08:06:34,201 [INFO] HealthPACS - C-STORE: Salvata Istanza [ID: 6224, SOP: 1.3.12.2.1107.5.1.7.123161.30000024073109044472200003751] | Dim: 528812 B | Path: G:\ArchiveRoot\1.2.840.113619.2.1075997\1.3.12.2.1107.5.1.7.123161.30000024073109044472200000734\1.3.12.2.1107.5.1.7.123161.30000024073109044472200003751.dcm
2026-10-05 08:06:34,237 [DEBUG] pynetdicom.dsutils - pydicom.read_dataset() TransferSyntax="Little Endian Implicit"
2026-10-05 08:06:34,239 [INFO] pynetdicom._handlers - Received Store Request
2026-10-05 08:06:34,239 [DEBUG] pynetdicom._handlers - ========================== INCOMING DIMSE MESSAGE ==========================
2026-10-05 08:06:34,239 [DEBUG] pynetdicom._handlers - Message Type                  : C-STORE RQ
2026-10-05 08:06:34,240 [DEBUG] pynetdicom._handlers - Presentation Context ID       : 21
2026-10-05 08:06:34,240 [DEBUG] pynetdicom._handlers - Message ID                    : 2127
2026-10-05 08:06:34,240 [DEBUG] pynetdicom._handlers - Affected SOP Class UID        : CT Image Storage
2026-10-05 08:06:34,240 [DEBUG] pynetdicom._handlers - Affected SOP Instance UID     : 1.3.12.2.1107.5.1.7.123161.30000024073109044472200003752
2026-10-05 08:06:34,240 [DEBUG] pynetdicom._handlers - Data Set                      : Present
2026-10-05 08:06:34,240 [DEBUG] pynetdicom._handlers - Priority                      : Medium
2026-10-05 08:06:34,240 [DEBUG] pynetdicom._handlers - ============================ END DIMSE MESSAGE =============================
2026-10-05 08:06:34,241 [DEBUG] pynetdicom.dsutils - pydicom.read_dataset() TransferSyntax="Little Endian Implicit"
2026-10-05 08:06:34,245 [INFO] HealthPACS - Utility: Directory esistente verificata: G:\ArchiveRoot\1.2.840.113619.2.1075997
2026-10-05 08:06:34,247 [INFO] HealthPACS - Utility: Directory esistente verificata: G:\ArchiveRoot\1.2.840.113619.2.1075997\1.3.12.2.1107.5.1.7.123161.30000024073109044472200000734
2026-10-05 08:06:34,250 [INFO] HealthPACS - [InstancesRepo] Creata nuova istanza [SOP: 1.3.12.2.1107.5.1.7.123161.30000024073109044472200003752]
2026-10-05 08:06:34,253 [INFO] HealthPACS - C-STORE: Salvata Istanza [ID: 6225, SOP: 1.3.12.2.1107.5.1.7.123161.30000024073109044472200003752] | Dim: 528812 B | Path: G:\ArchiveRoot\1.2.840.113619.2.1075997\1.3.12.2.1107.5.1.7.123161.30000024073109044472200000734\1.3.12.2.1107.5.1.7.123161.30000024073109044472200003752.dcm
2026-10-05 08:06:34,295 [DEBUG] pynetdicom.dsutils - pydicom.read_dataset() TransferSyntax="Little Endian Implicit"
2026-10-05 08:06:34,297 [INFO] pynetdicom._handlers - Received Store Request
2026-10-05 08:06:34,297 [DEBUG] pynetdicom._handlers - ========================== INCOMING DIMSE MESSAGE ==========================
2026-10-05 08:06:34,297 [DEBUG] pynetdicom._handlers - Message Type                  : C-STORE RQ
2026-10-05 08:06:34,298 [DEBUG] pynetdicom._handlers - Presentation Context ID       : 21
2026-10-05 08:06:34,298 [DEBUG] pynetdicom._handlers - Message ID                    : 2128
2026-10-05 08:06:34,298 [DEBUG] pynetdicom._handlers - Affected SOP Class UID        : CT Image Storage
2026-10-05 08:06:34,298 [DEBUG] pynetdicom._handlers - Affected SOP Instance UID     : 1.3.12.2.1107.5.1.7.123161.30000024073109044472200003753
2026-10-05 08:06:34,298 [DEBUG] pynetdicom._handlers - Data Set                      : Present
2026-10-05 08:06:34,298 [DEBUG] pynetdicom._handlers - Priority                      : Medium
2026-10-05 08:06:34,298 [DEBUG] pynetdicom._handlers - ============================ END DIMSE MESSAGE =============================
2026-10-05 08:06:34,299 [DEBUG] pynetdicom.dsutils - pydicom.read_dataset() TransferSyntax="Little Endian Implicit"
2026-10-05 08:06:34,302 [INFO] HealthPACS - Utility: Directory esistente verificata: G:\ArchiveRoot\1.2.840.113619.2.1075997
2026-10-05 08:06:34,304 [INFO] HealthPACS - Utility: Directory esistente verificata: G:\ArchiveRoot\1.2.840.113619.2.1075997\1.3.12.2.1107.5.1.7.123161.30000024073109044472200000734
2026-10-05 08:06:34,308 [INFO] HealthPACS - [InstancesRepo] Creata nuova istanza [SOP: 1.3.12.2.1107.5.1.7.123161.30000024073109044472200003753]
2026-10-05 08:06:34,311 [INFO] HealthPACS - C-STORE: Salvata Istanza [ID: 6226, SOP: 1.3.12.2.1107.5.1.7.123161.30000024073109044472200003753] | Dim: 528812 B | Path: G:\ArchiveRoot\1.2.840.113619.2.1075997\1.3.12.2.1107.5.1.7.123161.30000024073109044472200000734\1.3.12.2.1107.5.1.7.123161.30000024073109044472200003753.dcm
2026-10-05 08:06:34,354 [DEBUG] pynetdicom.dsutils - pydicom.read_dataset() TransferSyntax="Little Endian Implicit"
2026-10-05 08:06:34,358 [INFO] pynetdicom._handlers - Received Store Request
2026-10-05 08:06:34,358 [DEBUG] pynetdicom._handlers - ========================== INCOMING DIMSE MESSAGE ==========================
2026-10-05 08:06:34,358 [DEBUG] pynetdicom._handlers - Message Type                  : C-STORE RQ
2026-10-05 08:06:34,359 [DEBUG] pynetdicom._handlers - Presentation Context ID       : 21
2026-10-05 08:06:34,359 [DEBUG] pynetdicom._handlers - Message ID                    : 2129
2026-10-05 08:06:34,359 [DEBUG] pynetdicom._handlers - Affected SOP Class UID        : CT Image Storage
2026-10-05 08:06:34,359 [DEBUG] pynetdicom._handlers - Affected SOP Instance UID     : 1.3.12.2.1107.5.1.7.123161.30000024073109044472200003754
2026-10-05 08:06:34,359 [DEBUG] pynetdicom._handlers - Data Set                      : Present
2026-10-05 08:06:34,359 [DEBUG] pynetdicom._handlers - Priority                      : Medium
2026-10-05 08:06:34,359 [DEBUG] pynetdicom._handlers - ============================ END DIMSE MESSAGE =============================
2026-10-05 08:06:34,361 [DEBUG] pynetdicom.dsutils - pydicom.read_dataset() TransferSyntax="Little Endian Implicit"
2026-10-05 08:06:34,365 [INFO] HealthPACS - Utility: Directory esistente verificata: G:\ArchiveRoot\1.2.840.113619.2.1075997
2026-10-05 08:06:34,366 [INFO] HealthPACS - Utility: Directory esistente verificata: G:\ArchiveRoot\1.2.840.113619.2.1075997\1.3.12.2.1107.5.1.7.123161.30000024073109044472200000734
2026-10-05 08:06:34,370 [INFO] HealthPACS - [InstancesRepo] Creata nuova istanza [SOP: 1.3.12.2.1107.5.1.7.123161.30000024073109044472200003754]
2026-10-05 08:06:34,373 [INFO] HealthPACS - C-STORE: Salvata Istanza [ID: 6227, SOP: 1.3.12.2.1107.5.1.7.123161.30000024073109044472200003754] | Dim: 528812 B | Path: G:\ArchiveRoot\1.2.840.113619.2.1075997\1.3.12.2.1107.5.1.7.123161.30000024073109044472200000734\1.3.12.2.1107.5.1.7.123161.30000024073109044472200003754.dcm
2026-10-05 08:06:34,428 [DEBUG] pynetdicom.dsutils - pydicom.read_dataset() TransferSyntax="Little Endian Implicit"
2026-10-05 08:06:34,430 [INFO] pynetdicom._handlers - Received Store Request
2026-10-05 08:06:34,430 [DEBUG] pynetdicom._handlers - ========================== INCOMING DIMSE MESSAGE ==========================
2026-10-05 08:06:34,431 [DEBUG] pynetdicom._handlers - Message Type                  : C-STORE RQ
2026-10-05 08:06:34,431 [DEBUG] pynetdicom._handlers - Presentation Context ID       : 21
2026-10-05 08:06:34,431 [DEBUG] pynetdicom._handlers - Message ID                    : 2130
2026-10-05 08:06:34,431 [DEBUG] pynetdicom._handlers - Affected SOP Class UID        : CT Image Storage
2026-10-05 08:06:34,431 [DEBUG] pynetdicom._handlers - Affected SOP Instance UID     : 1.3.12.2.1107.5.1.7.123161.30000024073109044472200003755
2026-10-05 08:06:34,431 [DEBUG] pynetdicom._handlers - Data Set                      : Present
2026-10-05 08:06:34,431 [DEBUG] pynetdicom._handlers - Priority                      : Medium
2026-10-05 08:06:34,431 [DEBUG] pynetdicom._handlers - ============================ END DIMSE MESSAGE =============================
2026-10-05 08:06:34,432 [DEBUG] pynetdicom.dsutils - pydicom.read_dataset() TransferSyntax="Little Endian Implicit"
2026-10-05 08:06:34,435 [INFO] HealthPACS - Utility: Directory esistente verificata: G:\ArchiveRoot\1.2.840.113619.2.1075997
2026-10-05 08:06:34,437 [INFO] HealthPACS - Utility: Directory esistente verificata: G:\ArchiveRoot\1.2.840.113619.2.1075997\1.3.12.2.1107.5.1.7.123161.30000024073109044472200000734
2026-10-05 08:06:34,441 [INFO] HealthPACS - [InstancesRepo] Creata nuova istanza [SOP: 1.3.12.2.1107.5.1.7.123161.30000024073109044472200003755]
2026-10-05 08:06:34,445 [INFO] HealthPACS - C-STORE: Salvata Istanza [ID: 6228, SOP: 1.3.12.2.1107.5.1.7.123161.30000024073109044472200003755] | Dim: 528812 B | Path: G:\ArchiveRoot\1.2.840.113619.2.1075997\1.3.12.2.1107.5.1.7.123161.30000024073109044472200000734\1.3.12.2.1107.5.1.7.123161.30000024073109044472200003755.dcm
2026-10-05 08:06:34,510 [DEBUG] pynetdicom.dsutils - pydicom.read_dataset() TransferSyntax="Little Endian Implicit"
2026-10-05 08:06:34,512 [INFO] pynetdicom._handlers - Received Store Request
2026-10-05 08:06:34,512 [DEBUG] pynetdicom._handlers - ========================== INCOMING DIMSE MESSAGE ==========================
2026-10-05 08:06:34,512 [DEBUG] pynetdicom._handlers - Message Type                  : C-STORE RQ
2026-10-05 08:06:34,512 [DEBUG] pynetdicom._handlers - Presentation Context ID       : 21
2026-10-05 08:06:34,512 [DEBUG] pynetdicom._handlers - Message ID                    : 2131
2026-10-05 08:06:34,512 [DEBUG] pynetdicom._handlers - Affected SOP Class UID        : CT Image Storage
2026-10-05 08:06:34,513 [DEBUG] pynetdicom._handlers - Affected SOP Instance UID     : 1.3.12.2.1107.5.1.7.123161.30000024073109044472200003756
2026-10-05 08:06:34,513 [DEBUG] pynetdicom._handlers - Data Set                      : Present
2026-10-05 08:06:34,513 [DEBUG] pynetdicom._handlers - Priority                      : Medium
2026-10-05 08:06:34,513 [DEBUG] pynetdicom._handlers - ============================ END DIMSE MESSAGE =============================
2026-10-05 08:06:34,515 [DEBUG] pynetdicom.dsutils - pydicom.read_dataset() TransferSyntax="Little Endian Implicit"
2026-10-05 08:06:34,519 [INFO] HealthPACS - Utility: Directory esistente verificata: G:\ArchiveRoot\1.2.840.113619.2.1075997
2026-10-05 08:06:34,520 [INFO] HealthPACS - Utility: Directory esistente verificata: G:\ArchiveRoot\1.2.840.113619.2.1075997\1.3.12.2.1107.5.1.7.123161.30000024073109044472200000734
2026-10-05 08:06:34,524 [INFO] HealthPACS - [InstancesRepo] Creata nuova istanza [SOP: 1.3.12.2.1107.5.1.7.123161.30000024073109044472200003756]
2026-10-05 08:06:34,528 [INFO] HealthPACS - C-STORE: Salvata Istanza [ID: 6229, SOP: 1.3.12.2.1107.5.1.7.123161.30000024073109044472200003756] | Dim: 528812 B | Path: G:\ArchiveRoot\1.2.840.113619.2.1075997\1.3.12.2.1107.5.1.7.123161.30000024073109044472200000734\1.3.12.2.1107.5.1.7.123161.30000024073109044472200003756.dcm
2026-10-05 08:06:34,591 [DEBUG] pynetdicom.dsutils - pydicom.read_dataset() TransferSyntax="Little Endian Implicit"
2026-10-05 08:06:34,593 [INFO] pynetdicom._handlers - Received Store Request
2026-10-05 08:06:34,593 [DEBUG] pynetdicom._handlers - ========================== INCOMING DIMSE MESSAGE ==========================
2026-10-05 08:06:34,593 [DEBUG] pynetdicom._handlers - Message Type                  : C-STORE RQ
2026-10-05 08:06:34,593 [DEBUG] pynetdicom._handlers - Presentation Context ID       : 21
2026-10-05 08:06:34,594 [DEBUG] pynetdicom._handlers - Message ID                    : 2132
2026-10-05 08:06:34,594 [DEBUG] pynetdicom._handlers - Affected SOP Class UID        : CT Image Storage
2026-10-05 08:06:34,594 [DEBUG] pynetdicom._handlers - Affected SOP Instance UID     : 1.3.12.2.1107.5.1.7.123161.30000024073109044472200003757
2026-10-05 08:06:34,594 [DEBUG] pynetdicom._handlers - Data Set                      : Present
2026-10-05 08:06:34,594 [DEBUG] pynetdicom._handlers - Priority                      : Medium
2026-10-05 08:06:34,594 [DEBUG] pynetdicom._handlers - ============================ END DIMSE MESSAGE =============================
2026-10-05 08:06:34,595 [DEBUG] pynetdicom.dsutils - pydicom.read_dataset() TransferSyntax="Little Endian Implicit"
2026-10-05 08:06:34,599 [INFO] HealthPACS - Utility: Directory esistente verificata: G:\ArchiveRoot\1.2.840.113619.2.1075997
2026-10-05 08:06:34,600 [INFO] HealthPACS - Utility: Directory esistente verificata: G:\ArchiveRoot\1.2.840.113619.2.1075997\1.3.12.2.1107.5.1.7.123161.30000024073109044472200000734
2026-10-05 08:06:34,604 [INFO] HealthPACS - [InstancesRepo] Creata nuova istanza [SOP: 1.3.12.2.1107.5.1.7.123161.30000024073109044472200003757]
2026-10-05 08:06:34,608 [INFO] HealthPACS - C-STORE: Salvata Istanza [ID: 6230, SOP: 1.3.12.2.1107.5.1.7.123161.30000024073109044472200003757] | Dim: 528812 B | Path: G:\ArchiveRoot\1.2.840.113619.2.1075997\1.3.12.2.1107.5.1.7.123161.30000024073109044472200000734\1.3.12.2.1107.5.1.7.123161.30000024073109044472200003757.dcm
2026-10-05 08:06:34,671 [DEBUG] pynetdicom.dsutils - pydicom.read_dataset() TransferSyntax="Little Endian Implicit"
2026-10-05 08:06:34,674 [INFO] pynetdicom._handlers - Received Store Request
2026-10-05 08:06:34,674 [DEBUG] pynetdicom._handlers - ========================== INCOMING DIMSE MESSAGE ==========================
2026-10-05 08:06:34,674 [DEBUG] pynetdicom._handlers - Message Type                  : C-STORE RQ
2026-10-05 08:06:34,674 [DEBUG] pynetdicom._handlers - Presentation Context ID       : 21
2026-10-05 08:06:34,674 [DEBUG] pynetdicom._handlers - Message ID                    : 2133
2026-10-05 08:06:34,674 [DEBUG] pynetdicom._handlers - Affected SOP Class UID        : CT Image Storage
2026-10-05 08:06:34,674 [DEBUG] pynetdicom._handlers - Affected SOP Instance UID     : 1.3.12.2.1107.5.1.7.123161.30000024073109044472200002661
2026-10-05 08:06:34,675 [DEBUG] pynetdicom._handlers - Data Set                      : Present
2026-10-05 08:06:34,675 [DEBUG] pynetdicom._handlers - Priority                      : Medium
2026-10-05 08:06:34,675 [DEBUG] pynetdicom._handlers - ============================ END DIMSE MESSAGE =============================
2026-10-05 08:06:34,676 [DEBUG] pynetdicom.dsutils - pydicom.read_dataset() TransferSyntax="Little Endian Implicit"
2026-10-05 08:06:34,680 [INFO] HealthPACS - Utility: Directory esistente verificata: G:\ArchiveRoot\1.2.840.113619.2.1075997
2026-10-05 08:06:34,681 [INFO] HealthPACS - Utility: Directory esistente verificata: G:\ArchiveRoot\1.2.840.113619.2.1075997\1.3.12.2.1107.5.1.7.123161.30000024073109044472200000734
2026-10-05 08:06:34,685 [INFO] HealthPACS - [InstancesRepo] Creata nuova istanza [SOP: 1.3.12.2.1107.5.1.7.123161.30000024073109044472200002661]
2026-10-05 08:06:34,689 [INFO] HealthPACS - C-STORE: Salvata Istanza [ID: 6231, SOP: 1.3.12.2.1107.5.1.7.123161.30000024073109044472200002661] | Dim: 528820 B | Path: G:\ArchiveRoot\1.2.840.113619.2.1075997\1.3.12.2.1107.5.1.7.123161.30000024073109044472200000734\1.3.12.2.1107.5.1.7.123161.30000024073109044472200002661.dcm
2026-10-05 08:06:34,760 [DEBUG] pynetdicom.dsutils - pydicom.read_dataset() TransferSyntax="Little Endian Implicit"
2026-10-05 08:06:34,761 [INFO] pynetdicom._handlers - Received Store Request
2026-10-05 08:06:34,762 [DEBUG] pynetdicom._handlers - ========================== INCOMING DIMSE MESSAGE ==========================
2026-10-05 08:06:34,762 [DEBUG] pynetdicom._handlers - Message Type                  : C-STORE RQ
2026-10-05 08:06:34,762 [DEBUG] pynetdicom._handlers - Presentation Context ID       : 21
2026-10-05 08:06:34,762 [DEBUG] pynetdicom._handlers - Message ID                    : 2134
2026-10-05 08:06:34,762 [DEBUG] pynetdicom._handlers - Affected SOP Class UID        : CT Image Storage
2026-10-05 08:06:34,762 [DEBUG] pynetdicom._handlers - Affected SOP Instance UID     : 1.3.12.2.1107.5.1.7.123161.30000024073109044472200003758
2026-10-05 08:06:34,762 [DEBUG] pynetdicom._handlers - Data Set                      : Present
2026-10-05 08:06:34,763 [DEBUG] pynetdicom._handlers - Priority                      : Medium
2026-10-05 08:06:34,763 [DEBUG] pynetdicom._handlers - ============================ END DIMSE MESSAGE =============================
2026-10-05 08:06:34,763 [DEBUG] pynetdicom.dsutils - pydicom.read_dataset() TransferSyntax="Little Endian Implicit"
2026-10-05 08:06:34,767 [INFO] HealthPACS - Utility: Directory esistente verificata: G:\ArchiveRoot\1.2.840.113619.2.1075997
2026-10-05 08:06:34,768 [INFO] HealthPACS - Utility: Directory esistente verificata: G:\ArchiveRoot\1.2.840.113619.2.1075997\1.3.12.2.1107.5.1.7.123161.30000024073109044472200000734
2026-10-05 08:06:34,772 [INFO] HealthPACS - [InstancesRepo] Creata nuova istanza [SOP: 1.3.12.2.1107.5.1.7.123161.30000024073109044472200003758]
2026-10-05 08:06:34,776 [INFO] HealthPACS - C-STORE: Salvata Istanza [ID: 6232, SOP: 1.3.12.2.1107.5.1.7.123161.30000024073109044472200003758] | Dim: 528812 B | Path: G:\ArchiveRoot\1.2.840.113619.2.1075997\1.3.12.2.1107.5.1.7.123161.30000024073109044472200000734\1.3.12.2.1107.5.1.7.123161.30000024073109044472200003758.dcm
2026-10-05 08:06:34,861 [DEBUG] pynetdicom.dsutils - pydicom.read_dataset() TransferSyntax="Little Endian Implicit"
2026-10-05 08:06:34,864 [INFO] pynetdicom._handlers - Received Store Request
2026-10-05 08:06:34,864 [DEBUG] pynetdicom._handlers - ========================== INCOMING DIMSE MESSAGE ==========================
2026-10-05 08:06:34,864 [DEBUG] pynetdicom._handlers - Message Type                  : C-STORE RQ
2026-10-05 08:06:34,865 [DEBUG] pynetdicom._handlers - Presentation Context ID       : 21
2026-10-05 08:06:34,865 [DEBUG] pynetdicom._handlers - Message ID                    : 2135
2026-10-05 08:06:34,865 [DEBUG] pynetdicom._handlers - Affected SOP Class UID        : CT Image Storage
2026-10-05 08:06:34,865 [DEBUG] pynetdicom._handlers - Affected SOP Instance UID     : 1.3.12.2.1107.5.1.7.123161.30000024073109044472200003759
2026-10-05 08:06:34,865 [DEBUG] pynetdicom._handlers - Data Set                      : Present
2026-10-05 08:06:34,865 [DEBUG] pynetdicom._handlers - Priority                      : Medium
2026-10-05 08:06:34,865 [DEBUG] pynetdicom._handlers - ============================ END DIMSE MESSAGE =============================
2026-10-05 08:06:34,865 [DEBUG] pynetdicom.dsutils - pydicom.read_dataset() TransferSyntax="Little Endian Implicit"
2026-10-05 08:06:34,869 [INFO] HealthPACS - Utility: Directory esistente verificata: G:\ArchiveRoot\1.2.840.113619.2.1075997
2026-10-05 08:06:34,870 [INFO] HealthPACS - Utility: Directory esistente verificata: G:\ArchiveRoot\1.2.840.113619.2.1075997\1.3.12.2.1107.5.1.7.123161.30000024073109044472200000734
2026-10-05 08:06:34,875 [INFO] HealthPACS - [InstancesRepo] Creata nuova istanza [SOP: 1.3.12.2.1107.5.1.7.123161.30000024073109044472200003759]
2026-10-05 08:06:34,879 [INFO] HealthPACS - C-STORE: Salvata Istanza [ID: 6233, SOP: 1.3.12.2.1107.5.1.7.123161.30000024073109044472200003759] | Dim: 528812 B | Path: G:\ArchiveRoot\1.2.840.113619.2.1075997\1.3.12.2.1107.5.1.7.123161.30000024073109044472200000734\1.3.12.2.1107.5.1.7.123161.30000024073109044472200003759.dcm
2026-10-05 08:06:34,974 [DEBUG] pynetdicom.dsutils - pydicom.read_dataset() TransferSyntax="Little Endian Implicit"
2026-10-05 08:06:34,976 [INFO] pynetdicom._handlers - Received Store Request
2026-10-05 08:06:34,976 [DEBUG] pynetdicom._handlers - ========================== INCOMING DIMSE MESSAGE ==========================
2026-10-05 08:06:34,976 [DEBUG] pynetdicom._handlers - Message Type                  : C-STORE RQ
2026-10-05 08:06:34,976 [DEBUG] pynetdicom._handlers - Presentation Context ID       : 21
2026-10-05 08:06:34,976 [DEBUG] pynetdicom._handlers - Message ID                    : 2136
2026-10-05 08:06:34,976 [DEBUG] pynetdicom._handlers - Affected SOP Class UID        : CT Image Storage
2026-10-05 08:06:34,976 [DEBUG] pynetdicom._handlers - Affected SOP Instance UID     : 1.3.12.2.1107.5.1.7.123161.30000024073109044472200003760
2026-10-05 08:06:34,977 [DEBUG] pynetdicom._handlers - Data Set                      : Present
2026-10-05 08:06:34,977 [DEBUG] pynetdicom._handlers - Priority                      : Medium
2026-10-05 08:06:34,977 [DEBUG] pynetdicom._handlers - ============================ END DIMSE MESSAGE =============================
2026-10-05 08:06:34,977 [DEBUG] pynetdicom.dsutils - pydicom.read_dataset() TransferSyntax="Little Endian Implicit"
2026-10-05 08:06:34,981 [INFO] HealthPACS - Utility: Directory esistente verificata: G:\ArchiveRoot\1.2.840.113619.2.1075997
2026-10-05 08:06:34,983 [INFO] HealthPACS - Utility: Directory esistente verificata: G:\ArchiveRoot\1.2.840.113619.2.1075997\1.3.12.2.1107.5.1.7.123161.30000024073109044472200000734
2026-10-05 08:06:34,987 [INFO] HealthPACS - [InstancesRepo] Creata nuova istanza [SOP: 1.3.12.2.1107.5.1.7.123161.30000024073109044472200003760]
2026-10-05 08:06:34,990 [INFO] HealthPACS - C-STORE: Salvata Istanza [ID: 6234, SOP: 1.3.12.2.1107.5.1.7.123161.30000024073109044472200003760] | Dim: 528812 B | Path: G:\ArchiveRoot\1.2.840.113619.2.1075997\1.3.12.2.1107.5.1.7.123161.30000024073109044472200000734\1.3.12.2.1107.5.1.7.123161.30000024073109044472200003760.dcm
2026-10-05 08:06:35,073 [DEBUG] pynetdicom.dsutils - pydicom.read_dataset() TransferSyntax="Little Endian Implicit"
2026-10-05 08:06:35,076 [INFO] pynetdicom._handlers - Received Store Request
2026-10-05 08:06:35,076 [DEBUG] pynetdicom._handlers - ========================== INCOMING DIMSE MESSAGE ==========================
2026-10-05 08:06:35,076 [DEBUG] pynetdicom._handlers - Message Type                  : C-STORE RQ
2026-10-05 08:06:35,076 [DEBUG] pynetdicom._handlers - Presentation Context ID       : 21
2026-10-05 08:06:35,076 [DEBUG] pynetdicom._handlers - Message ID                    : 2137
2026-10-05 08:06:35,077 [DEBUG] pynetdicom._handlers - Affected SOP Class UID        : CT Image Storage
2026-10-05 08:06:35,077 [DEBUG] pynetdicom._handlers - Affected SOP Instance UID     : 1.3.12.2.1107.5.1.7.123161.30000024073109044472200003761
2026-10-05 08:06:35,077 [DEBUG] pynetdicom._handlers - Data Set                      : Present
2026-10-05 08:06:35,077 [DEBUG] pynetdicom._handlers - Priority                      : Medium
2026-10-05 08:06:35,077 [DEBUG] pynetdicom._handlers - ============================ END DIMSE MESSAGE =============================
2026-10-05 08:06:35,078 [DEBUG] pynetdicom.dsutils - pydicom.read_dataset() TransferSyntax="Little Endian Implicit"
2026-10-05 08:06:35,081 [INFO] HealthPACS - Utility: Directory esistente verificata: G:\ArchiveRoot\1.2.840.113619.2.1075997
2026-10-05 08:06:35,083 [INFO] HealthPACS - Utility: Directory esistente verificata: G:\ArchiveRoot\1.2.840.113619.2.1075997\1.3.12.2.1107.5.1.7.123161.30000024073109044472200000734
2026-10-05 08:06:35,087 [INFO] HealthPACS - [InstancesRepo] Creata nuova istanza [SOP: 1.3.12.2.1107.5.1.7.123161.30000024073109044472200003761]
2026-10-05 08:06:35,090 [INFO] HealthPACS - C-STORE: Salvata Istanza [ID: 6235, SOP: 1.3.12.2.1107.5.1.7.123161.30000024073109044472200003761] | Dim: 528812 B | Path: G:\ArchiveRoot\1.2.840.113619.2.1075997\1.3.12.2.1107.5.1.7.123161.30000024073109044472200000734\1.3.12.2.1107.5.1.7.123161.30000024073109044472200003761.dcm
2026-10-05 08:06:35,179 [DEBUG] pynetdicom.dsutils - pydicom.read_dataset() TransferSyntax="Little Endian Implicit"
2026-10-05 08:06:35,180 [INFO] pynetdicom._handlers - Received Store Request
2026-10-05 08:06:35,181 [DEBUG] pynetdicom._handlers - ========================== INCOMING DIMSE MESSAGE ==========================
2026-10-05 08:06:35,181 [DEBUG] pynetdicom._handlers - Message Type                  : C-STORE RQ
2026-10-05 08:06:35,181 [DEBUG] pynetdicom._handlers - Presentation Context ID       : 21
2026-10-05 08:06:35,181 [DEBUG] pynetdicom._handlers - Message ID                    : 2138
2026-10-05 08:06:35,181 [DEBUG] pynetdicom._handlers - Affected SOP Class UID        : CT Image Storage
2026-10-05 08:06:35,181 [DEBUG] pynetdicom._handlers - Affected SOP Instance UID     : 1.3.12.2.1107.5.1.7.123161.30000024073109044472200003762
2026-10-05 08:06:35,181 [DEBUG] pynetdicom._handlers - Data Set                      : Present
2026-10-05 08:06:35,181 [DEBUG] pynetdicom._handlers - Priority                      : Medium
2026-10-05 08:06:35,182 [DEBUG] pynetdicom._handlers - ============================ END DIMSE MESSAGE =============================
2026-10-05 08:06:35,183 [DEBUG] pynetdicom.dsutils - pydicom.read_dataset() TransferSyntax="Little Endian Implicit"
2026-10-05 08:06:35,186 [INFO] HealthPACS - Utility: Directory esistente verificata: G:\ArchiveRoot\1.2.840.113619.2.1075997
2026-10-05 08:06:35,188 [INFO] HealthPACS - Utility: Directory esistente verificata: G:\ArchiveRoot\1.2.840.113619.2.1075997\1.3.12.2.1107.5.1.7.123161.30000024073109044472200000734
2026-10-05 08:06:35,192 [INFO] HealthPACS - [InstancesRepo] Creata nuova istanza [SOP: 1.3.12.2.1107.5.1.7.123161.30000024073109044472200003762]
2026-10-05 08:06:35,195 [INFO] HealthPACS - C-STORE: Salvata Istanza [ID: 6236, SOP: 1.3.12.2.1107.5.1.7.123161.30000024073109044472200003762] | Dim: 528812 B | Path: G:\ArchiveRoot\1.2.840.113619.2.1075997\1.3.12.2.1107.5.1.7.123161.30000024073109044472200000734\1.3.12.2.1107.5.1.7.123161.30000024073109044472200003762.dcm
2026-10-05 08:06:35,284 [DEBUG] pynetdicom.dsutils - pydicom.read_dataset() TransferSyntax="Little Endian Implicit"
2026-10-05 08:06:35,286 [INFO] pynetdicom._handlers - Received Store Request
2026-10-05 08:06:35,287 [DEBUG] pynetdicom._handlers - ========================== INCOMING DIMSE MESSAGE ==========================
2026-10-05 08:06:35,287 [DEBUG] pynetdicom._handlers - Message Type                  : C-STORE RQ
2026-10-05 08:06:35,287 [DEBUG] pynetdicom._handlers - Presentation Context ID       : 21
2026-10-05 08:06:35,287 [DEBUG] pynetdicom._handlers - Message ID                    : 2139
2026-10-05 08:06:35,287 [DEBUG] pynetdicom._handlers - Affected SOP Class UID        : CT Image Storage
2026-10-05 08:06:35,287 [DEBUG] pynetdicom._handlers - Affected SOP Instance UID     : 1.3.12.2.1107.5.1.7.123161.30000024073109044472200003763
2026-10-05 08:06:35,287 [DEBUG] pynetdicom._handlers - Data Set                      : Present
2026-10-05 08:06:35,287 [DEBUG] pynetdicom._handlers - Priority                      : Medium
2026-10-05 08:06:35,287 [DEBUG] pynetdicom._handlers - ============================ END DIMSE MESSAGE =============================
2026-10-05 08:06:35,288 [DEBUG] pynetdicom.dsutils - pydicom.read_dataset() TransferSyntax="Little Endian Implicit"
2026-10-05 08:06:35,292 [INFO] HealthPACS - Utility: Directory esistente verificata: G:\ArchiveRoot\1.2.840.113619.2.1075997
2026-10-05 08:06:35,294 [INFO] HealthPACS - Utility: Directory esistente verificata: G:\ArchiveRoot\1.2.840.113619.2.1075997\1.3.12.2.1107.5.1.7.123161.30000024073109044472200000734
2026-10-05 08:06:35,297 [INFO] HealthPACS - [InstancesRepo] Creata nuova istanza [SOP: 1.3.12.2.1107.5.1.7.123161.30000024073109044472200003763]
2026-10-05 08:06:35,300 [INFO] HealthPACS - C-STORE: Salvata Istanza [ID: 6237, SOP: 1.3.12.2.1107.5.1.7.123161.30000024073109044472200003763] | Dim: 528812 B | Path: G:\ArchiveRoot\1.2.840.113619.2.1075997\1.3.12.2.1107.5.1.7.123161.30000024073109044472200000734\1.3.12.2.1107.5.1.7.123161.30000024073109044472200003763.dcm
2026-10-05 08:06:35,396 [DEBUG] pynetdicom.dsutils - pydicom.read_dataset() TransferSyntax="Little Endian Implicit"
2026-10-05 08:06:35,397 [INFO] pynetdicom._handlers - Received Store Request
2026-10-05 08:06:35,398 [DEBUG] pynetdicom._handlers - ========================== INCOMING DIMSE MESSAGE ==========================
2026-10-05 08:06:35,398 [DEBUG] pynetdicom._handlers - Message Type                  : C-STORE RQ
2026-10-05 08:06:35,398 [DEBUG] pynetdicom._handlers - Presentation Context ID       : 21
2026-10-05 08:06:35,398 [DEBUG] pynetdicom._handlers - Message ID                    : 2140
2026-10-05 08:06:35,398 [DEBUG] pynetdicom._handlers - Affected SOP Class UID        : CT Image Storage
2026-10-05 08:06:35,398 [DEBUG] pynetdicom._handlers - Affected SOP Instance UID     : 1.3.12.2.1107.5.1.7.123161.30000024073109044472200003764
2026-10-05 08:06:35,398 [DEBUG] pynetdicom._handlers - Data Set                      : Present
2026-10-05 08:06:35,399 [DEBUG] pynetdicom._handlers - Priority                      : Medium
2026-10-05 08:06:35,399 [DEBUG] pynetdicom._handlers - ============================ END DIMSE MESSAGE =============================
2026-10-05 08:06:35,400 [DEBUG] pynetdicom.dsutils - pydicom.read_dataset() TransferSyntax="Little Endian Implicit"
2026-10-05 08:06:35,403 [INFO] HealthPACS - Utility: Directory esistente verificata: G:\ArchiveRoot\1.2.840.113619.2.1075997
2026-10-05 08:06:35,405 [INFO] HealthPACS - Utility: Directory esistente verificata: G:\ArchiveRoot\1.2.840.113619.2.1075997\1.3.12.2.1107.5.1.7.123161.30000024073109044472200000734
2026-10-05 08:06:35,409 [INFO] HealthPACS - [InstancesRepo] Creata nuova istanza [SOP: 1.3.12.2.1107.5.1.7.123161.30000024073109044472200003764]
2026-10-05 08:06:35,412 [INFO] HealthPACS - C-STORE: Salvata Istanza [ID: 6238, SOP: 1.3.12.2.1107.5.1.7.123161.30000024073109044472200003764] | Dim: 528812 B | Path: G:\ArchiveRoot\1.2.840.113619.2.1075997\1.3.12.2.1107.5.1.7.123161.30000024073109044472200000734\1.3.12.2.1107.5.1.7.123161.30000024073109044472200003764.dcm
2026-10-05 08:06:35,514 [DEBUG] pynetdicom.dsutils - pydicom.read_dataset() TransferSyntax="Little Endian Implicit"
2026-10-05 08:06:35,518 [INFO] pynetdicom._handlers - Received Store Request
2026-10-05 08:06:35,518 [DEBUG] pynetdicom._handlers - ========================== INCOMING DIMSE MESSAGE ==========================
2026-10-05 08:06:35,518 [DEBUG] pynetdicom._handlers - Message Type                  : C-STORE RQ
2026-10-05 08:06:35,518 [DEBUG] pynetdicom._handlers - Presentation Context ID       : 21
2026-10-05 08:06:35,518 [DEBUG] pynetdicom._handlers - Message ID                    : 2141
2026-10-05 08:06:35,518 [DEBUG] pynetdicom._handlers - Affected SOP Class UID        : CT Image Storage
2026-10-05 08:06:35,518 [DEBUG] pynetdicom._handlers - Affected SOP Instance UID     : 1.3.12.2.1107.5.1.7.123161.30000024073109044472200003765
2026-10-05 08:06:35,518 [DEBUG] pynetdicom._handlers - Data Set                      : Present
2026-10-05 08:06:35,519 [DEBUG] pynetdicom._handlers - Priority                      : Medium
2026-10-05 08:06:35,519 [DEBUG] pynetdicom._handlers - ============================ END DIMSE MESSAGE =============================
2026-10-05 08:06:35,520 [DEBUG] pynetdicom.dsutils - pydicom.read_dataset() TransferSyntax="Little Endian Implicit"
2026-10-05 08:06:35,523 [INFO] HealthPACS - Utility: Directory esistente verificata: G:\ArchiveRoot\1.2.840.113619.2.1075997
2026-10-05 08:06:35,526 [INFO] HealthPACS - Utility: Directory esistente verificata: G:\ArchiveRoot\1.2.840.113619.2.1075997\1.3.12.2.1107.5.1.7.123161.30000024073109044472200000734
2026-10-05 08:06:35,530 [INFO] HealthPACS - [InstancesRepo] Creata nuova istanza [SOP: 1.3.12.2.1107.5.1.7.123161.30000024073109044472200003765]
2026-10-05 08:06:35,533 [INFO] HealthPACS - C-STORE: Salvata Istanza [ID: 6239, SOP: 1.3.12.2.1107.5.1.7.123161.30000024073109044472200003765] | Dim: 528812 B | Path: G:\ArchiveRoot\1.2.840.113619.2.1075997\1.3.12.2.1107.5.1.7.123161.30000024073109044472200000734\1.3.12.2.1107.5.1.7.123161.30000024073109044472200003765.dcm
2026-10-05 08:06:35,596 [DEBUG] pynetdicom.dsutils - pydicom.read_dataset() TransferSyntax="Little Endian Implicit"
2026-10-05 08:06:35,598 [INFO] pynetdicom._handlers - Received Store Request
2026-10-05 08:06:35,598 [DEBUG] pynetdicom._handlers - ========================== INCOMING DIMSE MESSAGE ==========================
2026-10-05 08:06:35,598 [DEBUG] pynetdicom._handlers - Message Type                  : C-STORE RQ
2026-10-05 08:06:35,598 [DEBUG] pynetdicom._handlers - Presentation Context ID       : 21
2026-10-05 08:06:35,599 [DEBUG] pynetdicom._handlers - Message ID                    : 2142
2026-10-05 08:06:35,599 [DEBUG] pynetdicom._handlers - Affected SOP Class UID        : CT Image Storage
2026-10-05 08:06:35,599 [DEBUG] pynetdicom._handlers - Affected SOP Instance UID     : 1.3.12.2.1107.5.1.7.123161.30000024073109044472200003766
2026-10-05 08:06:35,599 [DEBUG] pynetdicom._handlers - Data Set                      : Present
2026-10-05 08:06:35,599 [DEBUG] pynetdicom._handlers - Priority                      : Medium
2026-10-05 08:06:35,599 [DEBUG] pynetdicom._handlers - ============================ END DIMSE MESSAGE =============================
2026-10-05 08:06:35,600 [DEBUG] pynetdicom.dsutils - pydicom.read_dataset() TransferSyntax="Little Endian Implicit"
2026-10-05 08:06:35,605 [INFO] HealthPACS - Utility: Directory esistente verificata: G:\ArchiveRoot\1.2.840.113619.2.1075997
2026-10-05 08:06:35,607 [INFO] HealthPACS - Utility: Directory esistente verificata: G:\ArchiveRoot\1.2.840.113619.2.1075997\1.3.12.2.1107.5.1.7.123161.30000024073109044472200000734
2026-10-05 08:06:35,611 [INFO] HealthPACS - [InstancesRepo] Creata nuova istanza [SOP: 1.3.12.2.1107.5.1.7.123161.30000024073109044472200003766]
2026-10-05 08:06:35,615 [INFO] HealthPACS - C-STORE: Salvata Istanza [ID: 6240, SOP: 1.3.12.2.1107.5.1.7.123161.30000024073109044472200003766] | Dim: 528812 B | Path: G:\ArchiveRoot\1.2.840.113619.2.1075997\1.3.12.2.1107.5.1.7.123161.30000024073109044472200000734\1.3.12.2.1107.5.1.7.123161.30000024073109044472200003766.dcm
2026-10-05 08:06:35,640 [DEBUG] pynetdicom.dsutils - pydicom.read_dataset() TransferSyntax="Little Endian Implicit"
2026-10-05 08:06:35,644 [INFO] pynetdicom._handlers - Received Store Request
2026-10-05 08:06:35,644 [DEBUG] pynetdicom._handlers - ========================== INCOMING DIMSE MESSAGE ==========================
2026-10-05 08:06:35,644 [DEBUG] pynetdicom._handlers - Message Type                  : C-STORE RQ
2026-10-05 08:06:35,644 [DEBUG] pynetdicom._handlers - Presentation Context ID       : 21
2026-10-05 08:06:35,644 [DEBUG] pynetdicom._handlers - Message ID                    : 2143
2026-10-05 08:06:35,644 [DEBUG] pynetdicom._handlers - Affected SOP Class UID        : CT Image Storage
2026-10-05 08:06:35,644 [DEBUG] pynetdicom._handlers - Affected SOP Instance UID     : 1.3.12.2.1107.5.1.7.123161.30000024073109044472200003767
2026-10-05 08:06:35,644 [DEBUG] pynetdicom._handlers - Data Set                      : Present
2026-10-05 08:06:35,645 [DEBUG] pynetdicom._handlers - Priority                      : Medium
2026-10-05 08:06:35,645 [DEBUG] pynetdicom._handlers - ============================ END DIMSE MESSAGE =============================
2026-10-05 08:06:35,645 [DEBUG] pynetdicom.dsutils - pydicom.read_dataset() TransferSyntax="Little Endian Implicit"
2026-10-05 08:06:35,648 [INFO] HealthPACS - Utility: Directory esistente verificata: G:\ArchiveRoot\1.2.840.113619.2.1075997
2026-10-05 08:06:35,650 [INFO] HealthPACS - Utility: Directory esistente verificata: G:\ArchiveRoot\1.2.840.113619.2.1075997\1.3.12.2.1107.5.1.7.123161.30000024073109044472200000734
2026-10-05 08:06:35,653 [INFO] HealthPACS - [InstancesRepo] Creata nuova istanza [SOP: 1.3.12.2.1107.5.1.7.123161.30000024073109044472200003767]
2026-10-05 08:06:35,657 [INFO] HealthPACS - C-STORE: Salvata Istanza [ID: 6241, SOP: 1.3.12.2.1107.5.1.7.123161.30000024073109044472200003767] | Dim: 528812 B | Path: G:\ArchiveRoot\1.2.840.113619.2.1075997\1.3.12.2.1107.5.1.7.123161.30000024073109044472200000734\1.3.12.2.1107.5.1.7.123161.30000024073109044472200003767.dcm
2026-10-05 08:06:35,689 [DEBUG] pynetdicom.dsutils - pydicom.read_dataset() TransferSyntax="Little Endian Implicit"
2026-10-05 08:06:35,692 [INFO] pynetdicom._handlers - Received Store Request
2026-10-05 08:06:35,692 [DEBUG] pynetdicom._handlers - ========================== INCOMING DIMSE MESSAGE ==========================
2026-10-05 08:06:35,693 [DEBUG] pynetdicom._handlers - Message Type                  : C-STORE RQ
2026-10-05 08:06:35,693 [DEBUG] pynetdicom._handlers - Presentation Context ID       : 21
2026-10-05 08:06:35,693 [DEBUG] pynetdicom._handlers - Message ID                    : 2144
2026-10-05 08:06:35,693 [DEBUG] pynetdicom._handlers - Affected SOP Class UID        : CT Image Storage
2026-10-05 08:06:35,693 [DEBUG] pynetdicom._handlers - Affected SOP Instance UID     : 1.3.12.2.1107.5.1.7.123161.30000024073109044472200002662
2026-10-05 08:06:35,693 [DEBUG] pynetdicom._handlers - Data Set                      : Present
2026-10-05 08:06:35,693 [DEBUG] pynetdicom._handlers - Priority                      : Medium
2026-10-05 08:06:35,693 [DEBUG] pynetdicom._handlers - ============================ END DIMSE MESSAGE =============================
2026-10-05 08:06:35,695 [DEBUG] pynetdicom.dsutils - pydicom.read_dataset() TransferSyntax="Little Endian Implicit"
2026-10-05 08:06:35,699 [INFO] HealthPACS - Utility: Directory esistente verificata: G:\ArchiveRoot\1.2.840.113619.2.1075997
2026-10-05 08:06:35,701 [INFO] HealthPACS - Utility: Directory esistente verificata: G:\ArchiveRoot\1.2.840.113619.2.1075997\1.3.12.2.1107.5.1.7.123161.30000024073109044472200000734
2026-10-05 08:06:35,705 [INFO] HealthPACS - [InstancesRepo] Creata nuova istanza [SOP: 1.3.12.2.1107.5.1.7.123161.30000024073109044472200002662]
2026-10-05 08:06:35,708 [INFO] HealthPACS - C-STORE: Salvata Istanza [ID: 6242, SOP: 1.3.12.2.1107.5.1.7.123161.30000024073109044472200002662] | Dim: 528820 B | Path: G:\ArchiveRoot\1.2.840.113619.2.1075997\1.3.12.2.1107.5.1.7.123161.30000024073109044472200000734\1.3.12.2.1107.5.1.7.123161.30000024073109044472200002662.dcm
2026-10-05 08:06:35,748 [DEBUG] pynetdicom.dsutils - pydicom.read_dataset() TransferSyntax="Little Endian Implicit"
2026-10-05 08:06:35,750 [INFO] pynetdicom._handlers - Received Store Request
2026-10-05 08:06:35,750 [DEBUG] pynetdicom._handlers - ========================== INCOMING DIMSE MESSAGE ==========================
2026-10-05 08:06:35,750 [DEBUG] pynetdicom._handlers - Message Type                  : C-STORE RQ
2026-10-05 08:06:35,750 [DEBUG] pynetdicom._handlers - Presentation Context ID       : 21
2026-10-05 08:06:35,750 [DEBUG] pynetdicom._handlers - Message ID                    : 2145
2026-10-05 08:06:35,750 [DEBUG] pynetdicom._handlers - Affected SOP Class UID        : CT Image Storage
2026-10-05 08:06:35,750 [DEBUG] pynetdicom._handlers - Affected SOP Instance UID     : 1.3.12.2.1107.5.1.7.123161.30000024073109044472200003768
2026-10-05 08:06:35,751 [DEBUG] pynetdicom._handlers - Data Set                      : Present
2026-10-05 08:06:35,751 [DEBUG] pynetdicom._handlers - Priority                      : Medium
2026-10-05 08:06:35,751 [DEBUG] pynetdicom._handlers - ============================ END DIMSE MESSAGE =============================
2026-10-05 08:06:35,752 [DEBUG] pynetdicom.dsutils - pydicom.read_dataset() TransferSyntax="Little Endian Implicit"
2026-10-05 08:06:35,755 [INFO] HealthPACS - Utility: Directory esistente verificata: G:\ArchiveRoot\1.2.840.113619.2.1075997
2026-10-05 08:06:35,757 [INFO] HealthPACS - Utility: Directory esistente verificata: G:\ArchiveRoot\1.2.840.113619.2.1075997\1.3.12.2.1107.5.1.7.123161.30000024073109044472200000734
2026-10-05 08:06:35,761 [INFO] HealthPACS - [InstancesRepo] Creata nuova istanza [SOP: 1.3.12.2.1107.5.1.7.123161.30000024073109044472200003768]
2026-10-05 08:06:35,764 [INFO] HealthPACS - C-STORE: Salvata Istanza [ID: 6243, SOP: 1.3.12.2.1107.5.1.7.123161.30000024073109044472200003768] | Dim: 528812 B | Path: G:\ArchiveRoot\1.2.840.113619.2.1075997\1.3.12.2.1107.5.1.7.123161.30000024073109044472200000734\1.3.12.2.1107.5.1.7.123161.30000024073109044472200003768.dcm
2026-10-05 08:06:35,807 [DEBUG] pynetdicom.dsutils - pydicom.read_dataset() TransferSyntax="Little Endian Implicit"
2026-10-05 08:06:35,809 [INFO] pynetdicom._handlers - Received Store Request
2026-10-05 08:06:35,809 [DEBUG] pynetdicom._handlers - ========================== INCOMING DIMSE MESSAGE ==========================
2026-10-05 08:06:35,809 [DEBUG] pynetdicom._handlers - Message Type                  : C-STORE RQ
2026-10-05 08:06:35,809 [DEBUG] pynetdicom._handlers - Presentation Context ID       : 21
2026-10-05 08:06:35,809 [DEBUG] pynetdicom._handlers - Message ID                    : 2146
2026-10-05 08:06:35,809 [DEBUG] pynetdicom._handlers - Affected SOP Class UID        : CT Image Storage
2026-10-05 08:06:35,809 [DEBUG] pynetdicom._handlers - Affected SOP Instance UID     : 1.3.12.2.1107.5.1.7.123161.30000024073109044472200003769
2026-10-05 08:06:35,810 [DEBUG] pynetdicom._handlers - Data Set                      : Present
2026-10-05 08:06:35,810 [DEBUG] pynetdicom._handlers - Priority                      : Medium
2026-10-05 08:06:35,810 [DEBUG] pynetdicom._handlers - ============================ END DIMSE MESSAGE =============================
2026-10-05 08:06:35,811 [DEBUG] pynetdicom.dsutils - pydicom.read_dataset() TransferSyntax="Little Endian Implicit"
2026-10-05 08:06:35,814 [INFO] HealthPACS - Utility: Directory esistente verificata: G:\ArchiveRoot\1.2.840.113619.2.1075997
2026-10-05 08:06:35,815 [INFO] HealthPACS - Utility: Directory esistente verificata: G:\ArchiveRoot\1.2.840.113619.2.1075997\1.3.12.2.1107.5.1.7.123161.30000024073109044472200000734
2026-10-05 08:06:35,819 [INFO] HealthPACS - [InstancesRepo] Creata nuova istanza [SOP: 1.3.12.2.1107.5.1.7.123161.30000024073109044472200003769]
2026-10-05 08:06:35,822 [INFO] HealthPACS - C-STORE: Salvata Istanza [ID: 6244, SOP: 1.3.12.2.1107.5.1.7.123161.30000024073109044472200003769] | Dim: 528812 B | Path: G:\ArchiveRoot\1.2.840.113619.2.1075997\1.3.12.2.1107.5.1.7.123161.30000024073109044472200000734\1.3.12.2.1107.5.1.7.123161.30000024073109044472200003769.dcm
2026-10-05 08:06:35,868 [DEBUG] pynetdicom.dsutils - pydicom.read_dataset() TransferSyntax="Little Endian Implicit"
2026-10-05 08:06:35,871 [INFO] pynetdicom._handlers - Received Store Request
2026-10-05 08:06:35,871 [DEBUG] pynetdicom._handlers - ========================== INCOMING DIMSE MESSAGE ==========================
2026-10-05 08:06:35,871 [DEBUG] pynetdicom._handlers - Message Type                  : C-STORE RQ
2026-10-05 08:06:35,871 [DEBUG] pynetdicom._handlers - Presentation Context ID       : 21
2026-10-05 08:06:35,871 [DEBUG] pynetdicom._handlers - Message ID                    : 2147
2026-10-05 08:06:35,872 [DEBUG] pynetdicom._handlers - Affected SOP Class UID        : CT Image Storage
2026-10-05 08:06:35,872 [DEBUG] pynetdicom._handlers - Affected SOP Instance UID     : 1.3.12.2.1107.5.1.7.123161.30000024073109044472200003770
2026-10-05 08:06:35,872 [DEBUG] pynetdicom._handlers - Data Set                      : Present
2026-10-05 08:06:35,872 [DEBUG] pynetdicom._handlers - Priority                      : Medium
2026-10-05 08:06:35,872 [DEBUG] pynetdicom._handlers - ============================ END DIMSE MESSAGE =============================
2026-10-05 08:06:35,874 [DEBUG] pynetdicom.dsutils - pydicom.read_dataset() TransferSyntax="Little Endian Implicit"
2026-10-05 08:06:35,877 [INFO] HealthPACS - Utility: Directory esistente verificata: G:\ArchiveRoot\1.2.840.113619.2.1075997
2026-10-05 08:06:35,878 [INFO] HealthPACS - Utility: Directory esistente verificata: G:\ArchiveRoot\1.2.840.113619.2.1075997\1.3.12.2.1107.5.1.7.123161.30000024073109044472200000734
2026-10-05 08:06:35,882 [INFO] HealthPACS - [InstancesRepo] Creata nuova istanza [SOP: 1.3.12.2.1107.5.1.7.123161.30000024073109044472200003770]
2026-10-05 08:06:35,885 [INFO] HealthPACS - C-STORE: Salvata Istanza [ID: 6245, SOP: 1.3.12.2.1107.5.1.7.123161.30000024073109044472200003770] | Dim: 528812 B | Path: G:\ArchiveRoot\1.2.840.113619.2.1075997\1.3.12.2.1107.5.1.7.123161.30000024073109044472200000734\1.3.12.2.1107.5.1.7.123161.30000024073109044472200003770.dcm
2026-10-05 08:06:35,937 [DEBUG] pynetdicom.dsutils - pydicom.read_dataset() TransferSyntax="Little Endian Implicit"
2026-10-05 08:06:35,939 [INFO] pynetdicom._handlers - Received Store Request
2026-10-05 08:06:35,940 [DEBUG] pynetdicom._handlers - ========================== INCOMING DIMSE MESSAGE ==========================
2026-10-05 08:06:35,940 [DEBUG] pynetdicom._handlers - Message Type                  : C-STORE RQ
2026-10-05 08:06:35,940 [DEBUG] pynetdicom._handlers - Presentation Context ID       : 21
2026-10-05 08:06:35,940 [DEBUG] pynetdicom._handlers - Message ID                    : 2148
2026-10-05 08:06:35,940 [DEBUG] pynetdicom._handlers - Affected SOP Class UID        : CT Image Storage
2026-10-05 08:06:35,940 [DEBUG] pynetdicom._handlers - Affected SOP Instance UID     : 1.3.12.2.1107.5.1.7.123161.30000024073109044472200003771
2026-10-05 08:06:35,940 [DEBUG] pynetdicom._handlers - Data Set                      : Present
2026-10-05 08:06:35,940 [DEBUG] pynetdicom._handlers - Priority                      : Medium
2026-10-05 08:06:35,940 [DEBUG] pynetdicom._handlers - ============================ END DIMSE MESSAGE =============================
2026-10-05 08:06:35,942 [DEBUG] pynetdicom.dsutils - pydicom.read_dataset() TransferSyntax="Little Endian Implicit"
2026-10-05 08:06:35,946 [INFO] HealthPACS - Utility: Directory esistente verificata: G:\ArchiveRoot\1.2.840.113619.2.1075997
2026-10-05 08:06:35,948 [INFO] HealthPACS - Utility: Directory esistente verificata: G:\ArchiveRoot\1.2.840.113619.2.1075997\1.3.12.2.1107.5.1.7.123161.30000024073109044472200000734
2026-10-05 08:06:35,951 [INFO] HealthPACS - [InstancesRepo] Creata nuova istanza [SOP: 1.3.12.2.1107.5.1.7.123161.30000024073109044472200003771]
2026-10-05 08:06:35,954 [INFO] HealthPACS - C-STORE: Salvata Istanza [ID: 6246, SOP: 1.3.12.2.1107.5.1.7.123161.30000024073109044472200003771] | Dim: 528812 B | Path: G:\ArchiveRoot\1.2.840.113619.2.1075997\1.3.12.2.1107.5.1.7.123161.30000024073109044472200000734\1.3.12.2.1107.5.1.7.123161.30000024073109044472200003771.dcm
2026-10-05 08:06:36,011 [DEBUG] pynetdicom.dsutils - pydicom.read_dataset() TransferSyntax="Little Endian Implicit"
2026-10-05 08:06:36,013 [INFO] pynetdicom._handlers - Received Store Request
2026-10-05 08:06:36,013 [DEBUG] pynetdicom._handlers - ========================== INCOMING DIMSE MESSAGE ==========================
2026-10-05 08:06:36,013 [DEBUG] pynetdicom._handlers - Message Type                  : C-STORE RQ
2026-10-05 08:06:36,013 [DEBUG] pynetdicom._handlers - Presentation Context ID       : 21
2026-10-05 08:06:36,013 [DEBUG] pynetdicom._handlers - Message ID                    : 2149
2026-10-05 08:06:36,013 [DEBUG] pynetdicom._handlers - Affected SOP Class UID        : CT Image Storage
2026-10-05 08:06:36,013 [DEBUG] pynetdicom._handlers - Affected SOP Instance UID     : 1.3.12.2.1107.5.1.7.123161.30000024073109044472200003772
2026-10-05 08:06:36,014 [DEBUG] pynetdicom._handlers - Data Set                      : Present
2026-10-05 08:06:36,014 [DEBUG] pynetdicom._handlers - Priority                      : Medium
2026-10-05 08:06:36,014 [DEBUG] pynetdicom._handlers - ============================ END DIMSE MESSAGE =============================
2026-10-05 08:06:36,014 [DEBUG] pynetdicom.dsutils - pydicom.read_dataset() TransferSyntax="Little Endian Implicit"
2026-10-05 08:06:36,018 [INFO] HealthPACS - Utility: Directory esistente verificata: G:\ArchiveRoot\1.2.840.113619.2.1075997
2026-10-05 08:06:36,020 [INFO] HealthPACS - Utility: Directory esistente verificata: G:\ArchiveRoot\1.2.840.113619.2.1075997\1.3.12.2.1107.5.1.7.123161.30000024073109044472200000734
2026-10-05 08:06:36,024 [INFO] HealthPACS - [InstancesRepo] Creata nuova istanza [SOP: 1.3.12.2.1107.5.1.7.123161.30000024073109044472200003772]
2026-10-05 08:06:36,027 [INFO] HealthPACS - C-STORE: Salvata Istanza [ID: 6247, SOP: 1.3.12.2.1107.5.1.7.123161.30000024073109044472200003772] | Dim: 528812 B | Path: G:\ArchiveRoot\1.2.840.113619.2.1075997\1.3.12.2.1107.5.1.7.123161.30000024073109044472200000734\1.3.12.2.1107.5.1.7.123161.30000024073109044472200003772.dcm
2026-10-05 08:06:36,085 [DEBUG] pynetdicom.dsutils - pydicom.read_dataset() TransferSyntax="Little Endian Implicit"
2026-10-05 08:06:36,088 [INFO] pynetdicom._handlers - Received Store Request
2026-10-05 08:06:36,088 [DEBUG] pynetdicom._handlers - ========================== INCOMING DIMSE MESSAGE ==========================
2026-10-05 08:06:36,089 [DEBUG] pynetdicom._handlers - Message Type                  : C-STORE RQ
2026-10-05 08:06:36,089 [DEBUG] pynetdicom._handlers - Presentation Context ID       : 21
2026-10-05 08:06:36,089 [DEBUG] pynetdicom._handlers - Message ID                    : 2150
2026-10-05 08:06:36,089 [DEBUG] pynetdicom._handlers - Affected SOP Class UID        : CT Image Storage
2026-10-05 08:06:36,089 [DEBUG] pynetdicom._handlers - Affected SOP Instance UID     : 1.3.12.2.1107.5.1.7.123161.30000024073109044472200003773
2026-10-05 08:06:36,089 [DEBUG] pynetdicom._handlers - Data Set                      : Present
2026-10-05 08:06:36,090 [DEBUG] pynetdicom._handlers - Priority                      : Medium
2026-10-05 08:06:36,090 [DEBUG] pynetdicom._handlers - ============================ END DIMSE MESSAGE =============================
2026-10-05 08:06:36,091 [DEBUG] pynetdicom.dsutils - pydicom.read_dataset() TransferSyntax="Little Endian Implicit"
2026-10-05 08:06:36,098 [INFO] HealthPACS - Utility: Directory esistente verificata: G:\ArchiveRoot\1.2.840.113619.2.1075997
2026-10-05 08:06:36,100 [INFO] HealthPACS - Utility: Directory esistente verificata: G:\ArchiveRoot\1.2.840.113619.2.1075997\1.3.12.2.1107.5.1.7.123161.30000024073109044472200000734
2026-10-05 08:06:36,104 [INFO] HealthPACS - [InstancesRepo] Creata nuova istanza [SOP: 1.3.12.2.1107.5.1.7.123161.30000024073109044472200003773]
2026-10-05 08:06:36,108 [INFO] HealthPACS - C-STORE: Salvata Istanza [ID: 6248, SOP: 1.3.12.2.1107.5.1.7.123161.30000024073109044472200003773] | Dim: 528812 B | Path: G:\ArchiveRoot\1.2.840.113619.2.1075997\1.3.12.2.1107.5.1.7.123161.30000024073109044472200000734\1.3.12.2.1107.5.1.7.123161.30000024073109044472200003773.dcm
2026-10-05 08:06:36,181 [DEBUG] pynetdicom.dsutils - pydicom.read_dataset() TransferSyntax="Little Endian Implicit"
2026-10-05 08:06:36,185 [INFO] pynetdicom._handlers - Received Store Request
2026-10-05 08:06:36,185 [DEBUG] pynetdicom._handlers - ========================== INCOMING DIMSE MESSAGE ==========================
2026-10-05 08:06:36,185 [DEBUG] pynetdicom._handlers - Message Type                  : C-STORE RQ
2026-10-05 08:06:36,185 [DEBUG] pynetdicom._handlers - Presentation Context ID       : 21
2026-10-05 08:06:36,185 [DEBUG] pynetdicom._handlers - Message ID                    : 2151
2026-10-05 08:06:36,185 [DEBUG] pynetdicom._handlers - Affected SOP Class UID        : CT Image Storage
2026-10-05 08:06:36,186 [DEBUG] pynetdicom._handlers - Affected SOP Instance UID     : 1.3.12.2.1107.5.1.7.123161.30000024073109044472200003774
2026-10-05 08:06:36,186 [DEBUG] pynetdicom._handlers - Data Set                      : Present
2026-10-05 08:06:36,186 [DEBUG] pynetdicom._handlers - Priority                      : Medium
2026-10-05 08:06:36,186 [DEBUG] pynetdicom._handlers - ============================ END DIMSE MESSAGE =============================
2026-10-05 08:06:36,187 [DEBUG] pynetdicom.dsutils - pydicom.read_dataset() TransferSyntax="Little Endian Implicit"
2026-10-05 08:06:36,192 [INFO] HealthPACS - Utility: Directory esistente verificata: G:\ArchiveRoot\1.2.840.113619.2.1075997
2026-10-05 08:06:36,194 [INFO] HealthPACS - Utility: Directory esistente verificata: G:\ArchiveRoot\1.2.840.113619.2.1075997\1.3.12.2.1107.5.1.7.123161.30000024073109044472200000734
2026-10-05 08:06:36,200 [INFO] HealthPACS - [InstancesRepo] Creata nuova istanza [SOP: 1.3.12.2.1107.5.1.7.123161.30000024073109044472200003774]
2026-10-05 08:06:36,203 [INFO] HealthPACS - C-STORE: Salvata Istanza [ID: 6249, SOP: 1.3.12.2.1107.5.1.7.123161.30000024073109044472200003774] | Dim: 528812 B | Path: G:\ArchiveRoot\1.2.840.113619.2.1075997\1.3.12.2.1107.5.1.7.123161.30000024073109044472200000734\1.3.12.2.1107.5.1.7.123161.30000024073109044472200003774.dcm
2026-10-05 08:06:36,280 [DEBUG] pynetdicom.dsutils - pydicom.read_dataset() TransferSyntax="Little Endian Implicit"
2026-10-05 08:06:36,283 [INFO] pynetdicom._handlers - Received Store Request
2026-10-05 08:06:36,284 [DEBUG] pynetdicom._handlers - ========================== INCOMING DIMSE MESSAGE ==========================
2026-10-05 08:06:36,284 [DEBUG] pynetdicom._handlers - Message Type                  : C-STORE RQ
2026-10-05 08:06:36,284 [DEBUG] pynetdicom._handlers - Presentation Context ID       : 21
2026-10-05 08:06:36,284 [DEBUG] pynetdicom._handlers - Message ID                    : 2152
2026-10-05 08:06:36,284 [DEBUG] pynetdicom._handlers - Affected SOP Class UID        : CT Image Storage
2026-10-05 08:06:36,284 [DEBUG] pynetdicom._handlers - Affected SOP Instance UID     : 1.3.12.2.1107.5.1.7.123161.30000024073109044472200003775
2026-10-05 08:06:36,284 [DEBUG] pynetdicom._handlers - Data Set                      : Present
2026-10-05 08:06:36,285 [DEBUG] pynetdicom._handlers - Priority                      : Medium
2026-10-05 08:06:36,285 [DEBUG] pynetdicom._handlers - ============================ END DIMSE MESSAGE =============================
2026-10-05 08:06:36,286 [DEBUG] pynetdicom.dsutils - pydicom.read_dataset() TransferSyntax="Little Endian Implicit"
2026-10-05 08:06:36,289 [INFO] HealthPACS - Utility: Directory esistente verificata: G:\ArchiveRoot\1.2.840.113619.2.1075997
2026-10-05 08:06:36,291 [INFO] HealthPACS - Utility: Directory esistente verificata: G:\ArchiveRoot\1.2.840.113619.2.1075997\1.3.12.2.1107.5.1.7.123161.30000024073109044472200000734
2026-10-05 08:06:36,295 [INFO] HealthPACS - [InstancesRepo] Creata nuova istanza [SOP: 1.3.12.2.1107.5.1.7.123161.30000024073109044472200003775]
2026-10-05 08:06:36,298 [INFO] HealthPACS - C-STORE: Salvata Istanza [ID: 6250, SOP: 1.3.12.2.1107.5.1.7.123161.30000024073109044472200003775] | Dim: 528812 B | Path: G:\ArchiveRoot\1.2.840.113619.2.1075997\1.3.12.2.1107.5.1.7.123161.30000024073109044472200000734\1.3.12.2.1107.5.1.7.123161.30000024073109044472200003775.dcm
2026-10-05 08:06:36,376 [DEBUG] pynetdicom.dsutils - pydicom.read_dataset() TransferSyntax="Little Endian Implicit"
2026-10-05 08:06:36,378 [INFO] pynetdicom._handlers - Received Store Request
2026-10-05 08:06:36,378 [DEBUG] pynetdicom._handlers - ========================== INCOMING DIMSE MESSAGE ==========================
2026-10-05 08:06:36,378 [DEBUG] pynetdicom._handlers - Message Type                  : C-STORE RQ
2026-10-05 08:06:36,378 [DEBUG] pynetdicom._handlers - Presentation Context ID       : 21
2026-10-05 08:06:36,378 [DEBUG] pynetdicom._handlers - Message ID                    : 2153
2026-10-05 08:06:36,378 [DEBUG] pynetdicom._handlers - Affected SOP Class UID        : CT Image Storage
2026-10-05 08:06:36,379 [DEBUG] pynetdicom._handlers - Affected SOP Instance UID     : 1.3.12.2.1107.5.1.7.123161.30000024073109044472200003776
2026-10-05 08:06:36,379 [DEBUG] pynetdicom._handlers - Data Set                      : Present
2026-10-05 08:06:36,379 [DEBUG] pynetdicom._handlers - Priority                      : Medium
2026-10-05 08:06:36,379 [DEBUG] pynetdicom._handlers - ============================ END DIMSE MESSAGE =============================
2026-10-05 08:06:36,380 [DEBUG] pynetdicom.dsutils - pydicom.read_dataset() TransferSyntax="Little Endian Implicit"
2026-10-05 08:06:36,383 [INFO] HealthPACS - Utility: Directory esistente verificata: G:\ArchiveRoot\1.2.840.113619.2.1075997
2026-10-05 08:06:36,386 [INFO] HealthPACS - Utility: Directory esistente verificata: G:\ArchiveRoot\1.2.840.113619.2.1075997\1.3.12.2.1107.5.1.7.123161.30000024073109044472200000734
2026-10-05 08:06:36,390 [INFO] HealthPACS - [InstancesRepo] Creata nuova istanza [SOP: 1.3.12.2.1107.5.1.7.123161.30000024073109044472200003776]
2026-10-05 08:06:36,394 [INFO] HealthPACS - C-STORE: Salvata Istanza [ID: 6251, SOP: 1.3.12.2.1107.5.1.7.123161.30000024073109044472200003776] | Dim: 528812 B | Path: G:\ArchiveRoot\1.2.840.113619.2.1075997\1.3.12.2.1107.5.1.7.123161.30000024073109044472200000734\1.3.12.2.1107.5.1.7.123161.30000024073109044472200003776.dcm
2026-10-05 08:06:36,469 [DEBUG] pynetdicom.dsutils - pydicom.read_dataset() TransferSyntax="Little Endian Implicit"
2026-10-05 08:06:36,472 [INFO] pynetdicom._handlers - Received Store Request
2026-10-05 08:06:36,473 [DEBUG] pynetdicom._handlers - ========================== INCOMING DIMSE MESSAGE ==========================
2026-10-05 08:06:36,473 [DEBUG] pynetdicom._handlers - Message Type                  : C-STORE RQ
2026-10-05 08:06:36,473 [DEBUG] pynetdicom._handlers - Presentation Context ID       : 21
2026-10-05 08:06:36,473 [DEBUG] pynetdicom._handlers - Message ID                    : 2154
2026-10-05 08:06:36,473 [DEBUG] pynetdicom._handlers - Affected SOP Class UID        : CT Image Storage
2026-10-05 08:06:36,473 [DEBUG] pynetdicom._handlers - Affected SOP Instance UID     : 1.3.12.2.1107.5.1.7.123161.30000024073109044472200003777
2026-10-05 08:06:36,473 [DEBUG] pynetdicom._handlers - Data Set                      : Present
2026-10-05 08:06:36,473 [DEBUG] pynetdicom._handlers - Priority                      : Medium
2026-10-05 08:06:36,473 [DEBUG] pynetdicom._handlers - ============================ END DIMSE MESSAGE =============================
2026-10-05 08:06:36,475 [DEBUG] pynetdicom.dsutils - pydicom.read_dataset() TransferSyntax="Little Endian Implicit"
2026-10-05 08:06:36,478 [INFO] HealthPACS - Utility: Directory esistente verificata: G:\ArchiveRoot\1.2.840.113619.2.1075997
2026-10-05 08:06:36,480 [INFO] HealthPACS - Utility: Directory esistente verificata: G:\ArchiveRoot\1.2.840.113619.2.1075997\1.3.12.2.1107.5.1.7.123161.30000024073109044472200000734
2026-10-05 08:06:36,484 [INFO] HealthPACS - [InstancesRepo] Creata nuova istanza [SOP: 1.3.12.2.1107.5.1.7.123161.30000024073109044472200003777]
2026-10-05 08:06:36,487 [INFO] HealthPACS - C-STORE: Salvata Istanza [ID: 6252, SOP: 1.3.12.2.1107.5.1.7.123161.30000024073109044472200003777] | Dim: 528812 B | Path: G:\ArchiveRoot\1.2.840.113619.2.1075997\1.3.12.2.1107.5.1.7.123161.30000024073109044472200000734\1.3.12.2.1107.5.1.7.123161.30000024073109044472200003777.dcm
2026-10-05 08:06:36,565 [DEBUG] pynetdicom.dsutils - pydicom.read_dataset() TransferSyntax="Little Endian Implicit"
2026-10-05 08:06:36,569 [INFO] pynetdicom._handlers - Received Store Request
2026-10-05 08:06:36,570 [DEBUG] pynetdicom._handlers - ========================== INCOMING DIMSE MESSAGE ==========================
2026-10-05 08:06:36,570 [DEBUG] pynetdicom._handlers - Message Type                  : C-STORE RQ
2026-10-05 08:06:36,570 [DEBUG] pynetdicom._handlers - Presentation Context ID       : 21
2026-10-05 08:06:36,570 [DEBUG] pynetdicom._handlers - Message ID                    : 2155
2026-10-05 08:06:36,570 [DEBUG] pynetdicom._handlers - Affected SOP Class UID        : CT Image Storage
2026-10-05 08:06:36,570 [DEBUG] pynetdicom._handlers - Affected SOP Instance UID     : 1.3.12.2.1107.5.1.7.123161.30000024073109044472200002663
2026-10-05 08:06:36,570 [DEBUG] pynetdicom._handlers - Data Set                      : Present
2026-10-05 08:06:36,570 [DEBUG] pynetdicom._handlers - Priority                      : Medium
2026-10-05 08:06:36,570 [DEBUG] pynetdicom._handlers - ============================ END DIMSE MESSAGE =============================
2026-10-05 08:06:36,571 [DEBUG] pynetdicom.dsutils - pydicom.read_dataset() TransferSyntax="Little Endian Implicit"
2026-10-05 08:06:36,575 [INFO] HealthPACS - Utility: Directory esistente verificata: G:\ArchiveRoot\1.2.840.113619.2.1075997
2026-10-05 08:06:36,577 [INFO] HealthPACS - Utility: Directory esistente verificata: G:\ArchiveRoot\1.2.840.113619.2.1075997\1.3.12.2.1107.5.1.7.123161.30000024073109044472200000734
2026-10-05 08:06:36,580 [INFO] HealthPACS - [InstancesRepo] Creata nuova istanza [SOP: 1.3.12.2.1107.5.1.7.123161.30000024073109044472200002663]
2026-10-05 08:06:36,583 [INFO] HealthPACS - C-STORE: Salvata Istanza [ID: 6253, SOP: 1.3.12.2.1107.5.1.7.123161.30000024073109044472200002663] | Dim: 528820 B | Path: G:\ArchiveRoot\1.2.840.113619.2.1075997\1.3.12.2.1107.5.1.7.123161.30000024073109044472200000734\1.3.12.2.1107.5.1.7.123161.30000024073109044472200002663.dcm
2026-10-05 08:06:36,669 [DEBUG] pynetdicom.dsutils - pydicom.read_dataset() TransferSyntax="Little Endian Implicit"
2026-10-05 08:06:36,671 [INFO] pynetdicom._handlers - Received Store Request
2026-10-05 08:06:36,672 [DEBUG] pynetdicom._handlers - ========================== INCOMING DIMSE MESSAGE ==========================
2026-10-05 08:06:36,672 [DEBUG] pynetdicom._handlers - Message Type                  : C-STORE RQ
2026-10-05 08:06:36,672 [DEBUG] pynetdicom._handlers - Presentation Context ID       : 21
2026-10-05 08:06:36,673 [DEBUG] pynetdicom._handlers - Message ID                    : 2156
2026-10-05 08:06:36,673 [DEBUG] pynetdicom._handlers - Affected SOP Class UID        : CT Image Storage
2026-10-05 08:06:36,673 [DEBUG] pynetdicom._handlers - Affected SOP Instance UID     : 1.3.12.2.1107.5.1.7.123161.30000024073109044472200003778
2026-10-05 08:06:36,673 [DEBUG] pynetdicom._handlers - Data Set                      : Present
2026-10-05 08:06:36,673 [DEBUG] pynetdicom._handlers - Priority                      : Medium
2026-10-05 08:06:36,673 [DEBUG] pynetdicom._handlers - ============================ END DIMSE MESSAGE =============================
2026-10-05 08:06:36,673 [DEBUG] pynetdicom.dsutils - pydicom.read_dataset() TransferSyntax="Little Endian Implicit"
2026-10-05 08:06:36,677 [INFO] HealthPACS - Utility: Directory esistente verificata: G:\ArchiveRoot\1.2.840.113619.2.1075997
2026-10-05 08:06:36,679 [INFO] HealthPACS - Utility: Directory esistente verificata: G:\ArchiveRoot\1.2.840.113619.2.1075997\1.3.12.2.1107.5.1.7.123161.30000024073109044472200000734
2026-10-05 08:06:36,683 [INFO] HealthPACS - [InstancesRepo] Creata nuova istanza [SOP: 1.3.12.2.1107.5.1.7.123161.30000024073109044472200003778]
2026-10-05 08:06:36,686 [INFO] HealthPACS - C-STORE: Salvata Istanza [ID: 6254, SOP: 1.3.12.2.1107.5.1.7.123161.30000024073109044472200003778] | Dim: 528812 B | Path: G:\ArchiveRoot\1.2.840.113619.2.1075997\1.3.12.2.1107.5.1.7.123161.30000024073109044472200000734\1.3.12.2.1107.5.1.7.123161.30000024073109044472200003778.dcm
2026-10-05 08:06:36,774 [DEBUG] pynetdicom.dsutils - pydicom.read_dataset() TransferSyntax="Little Endian Implicit"
2026-10-05 08:06:36,777 [INFO] pynetdicom._handlers - Received Store Request
2026-10-05 08:06:36,777 [DEBUG] pynetdicom._handlers - ========================== INCOMING DIMSE MESSAGE ==========================
2026-10-05 08:06:36,777 [DEBUG] pynetdicom._handlers - Message Type                  : C-STORE RQ
2026-10-05 08:06:36,777 [DEBUG] pynetdicom._handlers - Presentation Context ID       : 21
2026-10-05 08:06:36,778 [DEBUG] pynetdicom._handlers - Message ID                    : 2157
2026-10-05 08:06:36,778 [DEBUG] pynetdicom._handlers - Affected SOP Class UID        : CT Image Storage
2026-10-05 08:06:36,778 [DEBUG] pynetdicom._handlers - Affected SOP Instance UID     : 1.3.12.2.1107.5.1.7.123161.30000024073109044472200003779
2026-10-05 08:06:36,778 [DEBUG] pynetdicom._handlers - Data Set                      : Present
2026-10-05 08:06:36,778 [DEBUG] pynetdicom._handlers - Priority                      : Medium
2026-10-05 08:06:36,778 [DEBUG] pynetdicom._handlers - ============================ END DIMSE MESSAGE =============================
2026-10-05 08:06:36,779 [DEBUG] pynetdicom.dsutils - pydicom.read_dataset() TransferSyntax="Little Endian Implicit"
2026-10-05 08:06:36,782 [INFO] HealthPACS - Utility: Directory esistente verificata: G:\ArchiveRoot\1.2.840.113619.2.1075997
2026-10-05 08:06:36,784 [INFO] HealthPACS - Utility: Directory esistente verificata: G:\ArchiveRoot\1.2.840.113619.2.1075997\1.3.12.2.1107.5.1.7.123161.30000024073109044472200000734
2026-10-05 08:06:36,788 [INFO] HealthPACS - [InstancesRepo] Creata nuova istanza [SOP: 1.3.12.2.1107.5.1.7.123161.30000024073109044472200003779]
2026-10-05 08:06:36,792 [INFO] HealthPACS - C-STORE: Salvata Istanza [ID: 6255, SOP: 1.3.12.2.1107.5.1.7.123161.30000024073109044472200003779] | Dim: 528812 B | Path: G:\ArchiveRoot\1.2.840.113619.2.1075997\1.3.12.2.1107.5.1.7.123161.30000024073109044472200000734\1.3.12.2.1107.5.1.7.123161.30000024073109044472200003779.dcm
2026-10-05 08:06:36,884 [DEBUG] pynetdicom.dsutils - pydicom.read_dataset() TransferSyntax="Little Endian Implicit"
2026-10-05 08:06:36,886 [INFO] pynetdicom._handlers - Received Store Request
2026-10-05 08:06:36,887 [DEBUG] pynetdicom._handlers - ========================== INCOMING DIMSE MESSAGE ==========================
2026-10-05 08:06:36,887 [DEBUG] pynetdicom._handlers - Message Type                  : C-STORE RQ
2026-10-05 08:06:36,887 [DEBUG] pynetdicom._handlers - Presentation Context ID       : 21
2026-10-05 08:06:36,887 [DEBUG] pynetdicom._handlers - Message ID                    : 2158
2026-10-05 08:06:36,887 [DEBUG] pynetdicom._handlers - Affected SOP Class UID        : CT Image Storage
2026-10-05 08:06:36,887 [DEBUG] pynetdicom._handlers - Affected SOP Instance UID     : 1.3.12.2.1107.5.1.7.123161.30000024073109044472200003780
2026-10-05 08:06:36,887 [DEBUG] pynetdicom._handlers - Data Set                      : Present
2026-10-05 08:06:36,887 [DEBUG] pynetdicom._handlers - Priority                      : Medium
2026-10-05 08:06:36,887 [DEBUG] pynetdicom._handlers - ============================ END DIMSE MESSAGE =============================
2026-10-05 08:06:36,888 [DEBUG] pynetdicom.dsutils - pydicom.read_dataset() TransferSyntax="Little Endian Implicit"
2026-10-05 08:06:36,892 [INFO] HealthPACS - Utility: Directory esistente verificata: G:\ArchiveRoot\1.2.840.113619.2.1075997
2026-10-05 08:06:36,894 [INFO] HealthPACS - Utility: Directory esistente verificata: G:\ArchiveRoot\1.2.840.113619.2.1075997\1.3.12.2.1107.5.1.7.123161.30000024073109044472200000734
2026-10-05 08:06:36,899 [INFO] HealthPACS - [InstancesRepo] Creata nuova istanza [SOP: 1.3.12.2.1107.5.1.7.123161.30000024073109044472200003780]
2026-10-05 08:06:36,902 [INFO] HealthPACS - C-STORE: Salvata Istanza [ID: 6256, SOP: 1.3.12.2.1107.5.1.7.123161.30000024073109044472200003780] | Dim: 528812 B | Path: G:\ArchiveRoot\1.2.840.113619.2.1075997\1.3.12.2.1107.5.1.7.123161.30000024073109044472200000734\1.3.12.2.1107.5.1.7.123161.30000024073109044472200003780.dcm
2026-10-05 08:06:36,954 [DEBUG] pynetdicom.dsutils - pydicom.read_dataset() TransferSyntax="Little Endian Implicit"
2026-10-05 08:06:36,957 [INFO] pynetdicom._handlers - Received Store Request
2026-10-05 08:06:36,957 [DEBUG] pynetdicom._handlers - ========================== INCOMING DIMSE MESSAGE ==========================
2026-10-05 08:06:36,958 [DEBUG] pynetdicom._handlers - Message Type                  : C-STORE RQ
2026-10-05 08:06:36,958 [DEBUG] pynetdicom._handlers - Presentation Context ID       : 21
2026-10-05 08:06:36,958 [DEBUG] pynetdicom._handlers - Message ID                    : 2159
2026-10-05 08:06:36,958 [DEBUG] pynetdicom._handlers - Affected SOP Class UID        : CT Image Storage
2026-10-05 08:06:36,958 [DEBUG] pynetdicom._handlers - Affected SOP Instance UID     : 1.3.12.2.1107.5.1.7.123161.30000024073109044472200003781
2026-10-05 08:06:36,959 [DEBUG] pynetdicom._handlers - Data Set                      : Present
2026-10-05 08:06:36,959 [DEBUG] pynetdicom._handlers - Priority                      : Medium
2026-10-05 08:06:36,959 [DEBUG] pynetdicom._handlers - ============================ END DIMSE MESSAGE =============================
2026-10-05 08:06:36,962 [DEBUG] pynetdicom.dsutils - pydicom.read_dataset() TransferSyntax="Little Endian Implicit"
2026-10-05 08:06:36,966 [INFO] HealthPACS - Utility: Directory esistente verificata: G:\ArchiveRoot\1.2.840.113619.2.1075997
2026-10-05 08:06:36,968 [INFO] HealthPACS - Utility: Directory esistente verificata: G:\ArchiveRoot\1.2.840.113619.2.1075997\1.3.12.2.1107.5.1.7.123161.30000024073109044472200000734
2026-10-05 08:06:36,971 [INFO] HealthPACS - [InstancesRepo] Creata nuova istanza [SOP: 1.3.12.2.1107.5.1.7.123161.30000024073109044472200003781]
2026-10-05 08:06:36,975 [INFO] HealthPACS - C-STORE: Salvata Istanza [ID: 6257, SOP: 1.3.12.2.1107.5.1.7.123161.30000024073109044472200003781] | Dim: 528812 B | Path: G:\ArchiveRoot\1.2.840.113619.2.1075997\1.3.12.2.1107.5.1.7.123161.30000024073109044472200000734\1.3.12.2.1107.5.1.7.123161.30000024073109044472200003781.dcm
2026-10-05 08:06:37,003 [DEBUG] pynetdicom.dsutils - pydicom.read_dataset() TransferSyntax="Little Endian Implicit"
2026-10-05 08:06:37,005 [INFO] pynetdicom._handlers - Received Store Request
2026-10-05 08:06:37,006 [DEBUG] pynetdicom._handlers - ========================== INCOMING DIMSE MESSAGE ==========================
2026-10-05 08:06:37,006 [DEBUG] pynetdicom._handlers - Message Type                  : C-STORE RQ
2026-10-05 08:06:37,006 [DEBUG] pynetdicom._handlers - Presentation Context ID       : 21
2026-10-05 08:06:37,006 [DEBUG] pynetdicom._handlers - Message ID                    : 2160
2026-10-05 08:06:37,006 [DEBUG] pynetdicom._handlers - Affected SOP Class UID        : CT Image Storage
2026-10-05 08:06:37,006 [DEBUG] pynetdicom._handlers - Affected SOP Instance UID     : 1.3.12.2.1107.5.1.7.123161.30000024073109044472200003782
2026-10-05 08:06:37,007 [DEBUG] pynetdicom._handlers - Data Set                      : Present
2026-10-05 08:06:37,007 [DEBUG] pynetdicom._handlers - Priority                      : Medium
2026-10-05 08:06:37,007 [DEBUG] pynetdicom._handlers - ============================ END DIMSE MESSAGE =============================
2026-10-05 08:06:37,007 [DEBUG] pynetdicom.dsutils - pydicom.read_dataset() TransferSyntax="Little Endian Implicit"
2026-10-05 08:06:37,011 [INFO] HealthPACS - Utility: Directory esistente verificata: G:\ArchiveRoot\1.2.840.113619.2.1075997
2026-10-05 08:06:37,012 [INFO] HealthPACS - Utility: Directory esistente verificata: G:\ArchiveRoot\1.2.840.113619.2.1075997\1.3.12.2.1107.5.1.7.123161.30000024073109044472200000734
2026-10-05 08:06:37,016 [INFO] HealthPACS - [InstancesRepo] Creata nuova istanza [SOP: 1.3.12.2.1107.5.1.7.123161.30000024073109044472200003782]
2026-10-05 08:06:37,020 [INFO] HealthPACS - C-STORE: Salvata Istanza [ID: 6258, SOP: 1.3.12.2.1107.5.1.7.123161.30000024073109044472200003782] | Dim: 528812 B | Path: G:\ArchiveRoot\1.2.840.113619.2.1075997\1.3.12.2.1107.5.1.7.123161.30000024073109044472200000734\1.3.12.2.1107.5.1.7.123161.30000024073109044472200003782.dcm
2026-10-05 08:06:37,053 [DEBUG] pynetdicom.dsutils - pydicom.read_dataset() TransferSyntax="Little Endian Implicit"
2026-10-05 08:06:37,055 [INFO] pynetdicom._handlers - Received Store Request
2026-10-05 08:06:37,055 [DEBUG] pynetdicom._handlers - ========================== INCOMING DIMSE MESSAGE ==========================
2026-10-05 08:06:37,055 [DEBUG] pynetdicom._handlers - Message Type                  : C-STORE RQ
2026-10-05 08:06:37,055 [DEBUG] pynetdicom._handlers - Presentation Context ID       : 21
2026-10-05 08:06:37,056 [DEBUG] pynetdicom._handlers - Message ID                    : 2161
2026-10-05 08:06:37,056 [DEBUG] pynetdicom._handlers - Affected SOP Class UID        : CT Image Storage
2026-10-05 08:06:37,056 [DEBUG] pynetdicom._handlers - Affected SOP Instance UID     : 1.3.12.2.1107.5.1.7.123161.30000024073109044472200003783
2026-10-05 08:06:37,056 [DEBUG] pynetdicom._handlers - Data Set                      : Present
2026-10-05 08:06:37,056 [DEBUG] pynetdicom._handlers - Priority                      : Medium
2026-10-05 08:06:37,056 [DEBUG] pynetdicom._handlers - ============================ END DIMSE MESSAGE =============================
2026-10-05 08:06:37,057 [DEBUG] pynetdicom.dsutils - pydicom.read_dataset() TransferSyntax="Little Endian Implicit"
2026-10-05 08:06:37,060 [INFO] HealthPACS - Utility: Directory esistente verificata: G:\ArchiveRoot\1.2.840.113619.2.1075997
2026-10-05 08:06:37,062 [INFO] HealthPACS - Utility: Directory esistente verificata: G:\ArchiveRoot\1.2.840.113619.2.1075997\1.3.12.2.1107.5.1.7.123161.30000024073109044472200000734
2026-10-05 08:06:37,066 [INFO] HealthPACS - [InstancesRepo] Creata nuova istanza [SOP: 1.3.12.2.1107.5.1.7.123161.30000024073109044472200003783]
2026-10-05 08:06:37,070 [INFO] HealthPACS - C-STORE: Salvata Istanza [ID: 6259, SOP: 1.3.12.2.1107.5.1.7.123161.30000024073109044472200003783] | Dim: 528812 B | Path: G:\ArchiveRoot\1.2.840.113619.2.1075997\1.3.12.2.1107.5.1.7.123161.30000024073109044472200000734\1.3.12.2.1107.5.1.7.123161.30000024073109044472200003783.dcm
2026-10-05 08:06:37,108 [DEBUG] pynetdicom.dsutils - pydicom.read_dataset() TransferSyntax="Little Endian Implicit"
2026-10-05 08:06:37,110 [INFO] pynetdicom._handlers - Received Store Request
2026-10-05 08:06:37,110 [DEBUG] pynetdicom._handlers - ========================== INCOMING DIMSE MESSAGE ==========================
2026-10-05 08:06:37,110 [DEBUG] pynetdicom._handlers - Message Type                  : C-STORE RQ
2026-10-05 08:06:37,110 [DEBUG] pynetdicom._handlers - Presentation Context ID       : 21
2026-10-05 08:06:37,110 [DEBUG] pynetdicom._handlers - Message ID                    : 2162
2026-10-05 08:06:37,110 [DEBUG] pynetdicom._handlers - Affected SOP Class UID        : CT Image Storage
2026-10-05 08:06:37,111 [DEBUG] pynetdicom._handlers - Affected SOP Instance UID     : 1.3.12.2.1107.5.1.7.123161.30000024073109044472200003784
2026-10-05 08:06:37,111 [DEBUG] pynetdicom._handlers - Data Set                      : Present
2026-10-05 08:06:37,111 [DEBUG] pynetdicom._handlers - Priority                      : Medium
2026-10-05 08:06:37,111 [DEBUG] pynetdicom._handlers - ============================ END DIMSE MESSAGE =============================
2026-10-05 08:06:37,112 [DEBUG] pynetdicom.dsutils - pydicom.read_dataset() TransferSyntax="Little Endian Implicit"
2026-10-05 08:06:37,115 [INFO] HealthPACS - Utility: Directory esistente verificata: G:\ArchiveRoot\1.2.840.113619.2.1075997
2026-10-05 08:06:37,117 [INFO] HealthPACS - Utility: Directory esistente verificata: G:\ArchiveRoot\1.2.840.113619.2.1075997\1.3.12.2.1107.5.1.7.123161.30000024073109044472200000734
2026-10-05 08:06:37,123 [INFO] HealthPACS - [InstancesRepo] Creata nuova istanza [SOP: 1.3.12.2.1107.5.1.7.123161.30000024073109044472200003784]
2026-10-05 08:06:37,126 [INFO] HealthPACS - C-STORE: Salvata Istanza [ID: 6260, SOP: 1.3.12.2.1107.5.1.7.123161.30000024073109044472200003784] | Dim: 528812 B | Path: G:\ArchiveRoot\1.2.840.113619.2.1075997\1.3.12.2.1107.5.1.7.123161.30000024073109044472200000734\1.3.12.2.1107.5.1.7.123161.30000024073109044472200003784.dcm
2026-10-05 08:06:37,168 [DEBUG] pynetdicom.dsutils - pydicom.read_dataset() TransferSyntax="Little Endian Implicit"
2026-10-05 08:06:37,170 [INFO] pynetdicom._handlers - Received Store Request
2026-10-05 08:06:37,171 [DEBUG] pynetdicom._handlers - ========================== INCOMING DIMSE MESSAGE ==========================
2026-10-05 08:06:37,171 [DEBUG] pynetdicom._handlers - Message Type                  : C-STORE RQ
2026-10-05 08:06:37,171 [DEBUG] pynetdicom._handlers - Presentation Context ID       : 21
2026-10-05 08:06:37,171 [DEBUG] pynetdicom._handlers - Message ID                    : 2163
2026-10-05 08:06:37,171 [DEBUG] pynetdicom._handlers - Affected SOP Class UID        : CT Image Storage
2026-10-05 08:06:37,171 [DEBUG] pynetdicom._handlers - Affected SOP Instance UID     : 1.3.12.2.1107.5.1.7.123161.30000024073109044472200003785
2026-10-05 08:06:37,171 [DEBUG] pynetdicom._handlers - Data Set                      : Present
2026-10-05 08:06:37,171 [DEBUG] pynetdicom._handlers - Priority                      : Medium
2026-10-05 08:06:37,171 [DEBUG] pynetdicom._handlers - ============================ END DIMSE MESSAGE =============================
2026-10-05 08:06:37,172 [DEBUG] pynetdicom.dsutils - pydicom.read_dataset() TransferSyntax="Little Endian Implicit"
2026-10-05 08:06:37,176 [INFO] HealthPACS - Utility: Directory esistente verificata: G:\ArchiveRoot\1.2.840.113619.2.1075997
2026-10-05 08:06:37,177 [INFO] HealthPACS - Utility: Directory esistente verificata: G:\ArchiveRoot\1.2.840.113619.2.1075997\1.3.12.2.1107.5.1.7.123161.30000024073109044472200000734
2026-10-05 08:06:37,181 [INFO] HealthPACS - [InstancesRepo] Creata nuova istanza [SOP: 1.3.12.2.1107.5.1.7.123161.30000024073109044472200003785]
2026-10-05 08:06:37,184 [INFO] HealthPACS - C-STORE: Salvata Istanza [ID: 6261, SOP: 1.3.12.2.1107.5.1.7.123161.30000024073109044472200003785] | Dim: 528812 B | Path: G:\ArchiveRoot\1.2.840.113619.2.1075997\1.3.12.2.1107.5.1.7.123161.30000024073109044472200000734\1.3.12.2.1107.5.1.7.123161.30000024073109044472200003785.dcm
2026-10-05 08:06:37,230 [DEBUG] pynetdicom.dsutils - pydicom.read_dataset() TransferSyntax="Little Endian Implicit"
2026-10-05 08:06:37,231 [INFO] pynetdicom._handlers - Received Store Request
2026-10-05 08:06:37,232 [DEBUG] pynetdicom._handlers - ========================== INCOMING DIMSE MESSAGE ==========================
2026-10-05 08:06:37,232 [DEBUG] pynetdicom._handlers - Message Type                  : C-STORE RQ
2026-10-05 08:06:37,232 [DEBUG] pynetdicom._handlers - Presentation Context ID       : 21
2026-10-05 08:06:37,232 [DEBUG] pynetdicom._handlers - Message ID                    : 2164
2026-10-05 08:06:37,232 [DEBUG] pynetdicom._handlers - Affected SOP Class UID        : CT Image Storage
2026-10-05 08:06:37,232 [DEBUG] pynetdicom._handlers - Affected SOP Instance UID     : 1.3.12.2.1107.5.1.7.123161.30000024073109044472200003786
2026-10-05 08:06:37,232 [DEBUG] pynetdicom._handlers - Data Set                      : Present
2026-10-05 08:06:37,232 [DEBUG] pynetdicom._handlers - Priority                      : Medium
2026-10-05 08:06:37,232 [DEBUG] pynetdicom._handlers - ============================ END DIMSE MESSAGE =============================
2026-10-05 08:06:37,233 [DEBUG] pynetdicom.dsutils - pydicom.read_dataset() TransferSyntax="Little Endian Implicit"
2026-10-05 08:06:37,236 [INFO] HealthPACS - Utility: Directory esistente verificata: G:\ArchiveRoot\1.2.840.113619.2.1075997
2026-10-05 08:06:37,238 [INFO] HealthPACS - Utility: Directory esistente verificata: G:\ArchiveRoot\1.2.840.113619.2.1075997\1.3.12.2.1107.5.1.7.123161.30000024073109044472200000734
2026-10-05 08:06:37,243 [INFO] HealthPACS - [InstancesRepo] Creata nuova istanza [SOP: 1.3.12.2.1107.5.1.7.123161.30000024073109044472200003786]
2026-10-05 08:06:37,246 [INFO] HealthPACS - C-STORE: Salvata Istanza [ID: 6262, SOP: 1.3.12.2.1107.5.1.7.123161.30000024073109044472200003786] | Dim: 528812 B | Path: G:\ArchiveRoot\1.2.840.113619.2.1075997\1.3.12.2.1107.5.1.7.123161.30000024073109044472200000734\1.3.12.2.1107.5.1.7.123161.30000024073109044472200003786.dcm
2026-10-05 08:06:37,296 [DEBUG] pynetdicom.dsutils - pydicom.read_dataset() TransferSyntax="Little Endian Implicit"
2026-10-05 08:06:37,297 [INFO] pynetdicom._handlers - Received Store Request
2026-10-05 08:06:37,298 [DEBUG] pynetdicom._handlers - ========================== INCOMING DIMSE MESSAGE ==========================
2026-10-05 08:06:37,298 [DEBUG] pynetdicom._handlers - Message Type                  : C-STORE RQ
2026-10-05 08:06:37,298 [DEBUG] pynetdicom._handlers - Presentation Context ID       : 21
2026-10-05 08:06:37,298 [DEBUG] pynetdicom._handlers - Message ID                    : 2165
2026-10-05 08:06:37,298 [DEBUG] pynetdicom._handlers - Affected SOP Class UID        : CT Image Storage
2026-10-05 08:06:37,298 [DEBUG] pynetdicom._handlers - Affected SOP Instance UID     : 1.3.12.2.1107.5.1.7.123161.30000024073109044472200003787
2026-10-05 08:06:37,299 [DEBUG] pynetdicom._handlers - Data Set                      : Present
2026-10-05 08:06:37,299 [DEBUG] pynetdicom._handlers - Priority                      : Medium
2026-10-05 08:06:37,299 [DEBUG] pynetdicom._handlers - ============================ END DIMSE MESSAGE =============================
2026-10-05 08:06:37,300 [DEBUG] pynetdicom.dsutils - pydicom.read_dataset() TransferSyntax="Little Endian Implicit"
2026-10-05 08:06:37,303 [INFO] HealthPACS - Utility: Directory esistente verificata: G:\ArchiveRoot\1.2.840.113619.2.1075997
2026-10-05 08:06:37,305 [INFO] HealthPACS - Utility: Directory esistente verificata: G:\ArchiveRoot\1.2.840.113619.2.1075997\1.3.12.2.1107.5.1.7.123161.30000024073109044472200000734
2026-10-05 08:06:37,309 [INFO] HealthPACS - [InstancesRepo] Creata nuova istanza [SOP: 1.3.12.2.1107.5.1.7.123161.30000024073109044472200003787]
2026-10-05 08:06:37,312 [INFO] HealthPACS - C-STORE: Salvata Istanza [ID: 6263, SOP: 1.3.12.2.1107.5.1.7.123161.30000024073109044472200003787] | Dim: 528812 B | Path: G:\ArchiveRoot\1.2.840.113619.2.1075997\1.3.12.2.1107.5.1.7.123161.30000024073109044472200000734\1.3.12.2.1107.5.1.7.123161.30000024073109044472200003787.dcm
2026-10-05 08:06:37,365 [DEBUG] pynetdicom.dsutils - pydicom.read_dataset() TransferSyntax="Little Endian Implicit"
2026-10-05 08:06:37,368 [INFO] pynetdicom._handlers - Received Store Request
2026-10-05 08:06:37,368 [DEBUG] pynetdicom._handlers - ========================== INCOMING DIMSE MESSAGE ==========================
2026-10-05 08:06:37,369 [DEBUG] pynetdicom._handlers - Message Type                  : C-STORE RQ
2026-10-05 08:06:37,369 [DEBUG] pynetdicom._handlers - Presentation Context ID       : 21
2026-10-05 08:06:37,369 [DEBUG] pynetdicom._handlers - Message ID                    : 2166
2026-10-05 08:06:37,369 [DEBUG] pynetdicom._handlers - Affected SOP Class UID        : CT Image Storage
2026-10-05 08:06:37,369 [DEBUG] pynetdicom._handlers - Affected SOP Instance UID     : 1.3.12.2.1107.5.1.7.123161.30000024073109044472200002664
2026-10-05 08:06:37,369 [DEBUG] pynetdicom._handlers - Data Set                      : Present
2026-10-05 08:06:37,369 [DEBUG] pynetdicom._handlers - Priority                      : Medium
2026-10-05 08:06:37,369 [DEBUG] pynetdicom._handlers - ============================ END DIMSE MESSAGE =============================
2026-10-05 08:06:37,371 [DEBUG] pynetdicom.dsutils - pydicom.read_dataset() TransferSyntax="Little Endian Implicit"
2026-10-05 08:06:37,375 [INFO] HealthPACS - Utility: Directory esistente verificata: G:\ArchiveRoot\1.2.840.113619.2.1075997
2026-10-05 08:06:37,376 [INFO] HealthPACS - Utility: Directory esistente verificata: G:\ArchiveRoot\1.2.840.113619.2.1075997\1.3.12.2.1107.5.1.7.123161.30000024073109044472200000734
2026-10-05 08:06:37,381 [INFO] HealthPACS - [InstancesRepo] Creata nuova istanza [SOP: 1.3.12.2.1107.5.1.7.123161.30000024073109044472200002664]
2026-10-05 08:06:37,383 [INFO] HealthPACS - C-STORE: Salvata Istanza [ID: 6264, SOP: 1.3.12.2.1107.5.1.7.123161.30000024073109044472200002664] | Dim: 528820 B | Path: G:\ArchiveRoot\1.2.840.113619.2.1075997\1.3.12.2.1107.5.1.7.123161.30000024073109044472200000734\1.3.12.2.1107.5.1.7.123161.30000024073109044472200002664.dcm
2026-10-05 08:06:37,442 [DEBUG] pynetdicom.dsutils - pydicom.read_dataset() TransferSyntax="Little Endian Implicit"
2026-10-05 08:06:37,444 [INFO] pynetdicom._handlers - Received Store Request
2026-10-05 08:06:37,444 [DEBUG] pynetdicom._handlers - ========================== INCOMING DIMSE MESSAGE ==========================
2026-10-05 08:06:37,444 [DEBUG] pynetdicom._handlers - Message Type                  : C-STORE RQ
2026-10-05 08:06:37,444 [DEBUG] pynetdicom._handlers - Presentation Context ID       : 21
2026-10-05 08:06:37,444 [DEBUG] pynetdicom._handlers - Message ID                    : 2167
2026-10-05 08:06:37,444 [DEBUG] pynetdicom._handlers - Affected SOP Class UID        : CT Image Storage
2026-10-05 08:06:37,445 [DEBUG] pynetdicom._handlers - Affected SOP Instance UID     : 1.3.12.2.1107.5.1.7.123161.30000024073109044472200003788
2026-10-05 08:06:37,445 [DEBUG] pynetdicom._handlers - Data Set                      : Present
2026-10-05 08:06:37,445 [DEBUG] pynetdicom._handlers - Priority                      : Medium
2026-10-05 08:06:37,445 [DEBUG] pynetdicom._handlers - ============================ END DIMSE MESSAGE =============================
2026-10-05 08:06:37,445 [DEBUG] pynetdicom.dsutils - pydicom.read_dataset() TransferSyntax="Little Endian Implicit"
2026-10-05 08:06:37,448 [INFO] HealthPACS - Utility: Directory esistente verificata: G:\ArchiveRoot\1.2.840.113619.2.1075997
2026-10-05 08:06:37,450 [INFO] HealthPACS - Utility: Directory esistente verificata: G:\ArchiveRoot\1.2.840.113619.2.1075997\1.3.12.2.1107.5.1.7.123161.30000024073109044472200000734
2026-10-05 08:06:37,453 [INFO] HealthPACS - [InstancesRepo] Creata nuova istanza [SOP: 1.3.12.2.1107.5.1.7.123161.30000024073109044472200003788]
2026-10-05 08:06:37,456 [INFO] HealthPACS - C-STORE: Salvata Istanza [ID: 6265, SOP: 1.3.12.2.1107.5.1.7.123161.30000024073109044472200003788] | Dim: 528812 B | Path: G:\ArchiveRoot\1.2.840.113619.2.1075997\1.3.12.2.1107.5.1.7.123161.30000024073109044472200000734\1.3.12.2.1107.5.1.7.123161.30000024073109044472200003788.dcm
2026-10-05 08:06:37,524 [DEBUG] pynetdicom.dsutils - pydicom.read_dataset() TransferSyntax="Little Endian Implicit"
2026-10-05 08:06:37,529 [INFO] pynetdicom._handlers - Received Store Request
2026-10-05 08:06:37,530 [DEBUG] pynetdicom._handlers - ========================== INCOMING DIMSE MESSAGE ==========================
2026-10-05 08:06:37,530 [DEBUG] pynetdicom._handlers - Message Type                  : C-STORE RQ
2026-10-05 08:06:37,530 [DEBUG] pynetdicom._handlers - Presentation Context ID       : 21
2026-10-05 08:06:37,530 [DEBUG] pynetdicom._handlers - Message ID                    : 2168
2026-10-05 08:06:37,530 [DEBUG] pynetdicom._handlers - Affected SOP Class UID        : CT Image Storage
2026-10-05 08:06:37,531 [DEBUG] pynetdicom._handlers - Affected SOP Instance UID     : 1.3.12.2.1107.5.1.7.123161.30000024073109044472200003789
2026-10-05 08:06:37,531 [DEBUG] pynetdicom._handlers - Data Set                      : Present
2026-10-05 08:06:37,531 [DEBUG] pynetdicom._handlers - Priority                      : Medium
2026-10-05 08:06:37,531 [DEBUG] pynetdicom._handlers - ============================ END DIMSE MESSAGE =============================
2026-10-05 08:06:37,533 [DEBUG] pynetdicom.dsutils - pydicom.read_dataset() TransferSyntax="Little Endian Implicit"
2026-10-05 08:06:37,538 [INFO] HealthPACS - Utility: Directory esistente verificata: G:\ArchiveRoot\1.2.840.113619.2.1075997
2026-10-05 08:06:37,542 [INFO] HealthPACS - Utility: Directory esistente verificata: G:\ArchiveRoot\1.2.840.113619.2.1075997\1.3.12.2.1107.5.1.7.123161.30000024073109044472200000734
2026-10-05 08:06:37,549 [INFO] HealthPACS - [InstancesRepo] Creata nuova istanza [SOP: 1.3.12.2.1107.5.1.7.123161.30000024073109044472200003789]
2026-10-05 08:06:37,554 [INFO] HealthPACS - C-STORE: Salvata Istanza [ID: 6266, SOP: 1.3.12.2.1107.5.1.7.123161.30000024073109044472200003789] | Dim: 528812 B | Path: G:\ArchiveRoot\1.2.840.113619.2.1075997\1.3.12.2.1107.5.1.7.123161.30000024073109044472200000734\1.3.12.2.1107.5.1.7.123161.30000024073109044472200003789.dcm
2026-10-05 08:06:37,636 [DEBUG] pynetdicom.dsutils - pydicom.read_dataset() TransferSyntax="Little Endian Implicit"
2026-10-05 08:06:37,638 [INFO] pynetdicom._handlers - Received Store Request
2026-10-05 08:06:37,638 [DEBUG] pynetdicom._handlers - ========================== INCOMING DIMSE MESSAGE ==========================
2026-10-05 08:06:37,638 [DEBUG] pynetdicom._handlers - Message Type                  : C-STORE RQ
2026-10-05 08:06:37,638 [DEBUG] pynetdicom._handlers - Presentation Context ID       : 21
2026-10-05 08:06:37,639 [DEBUG] pynetdicom._handlers - Message ID                    : 2169
2026-10-05 08:06:37,639 [DEBUG] pynetdicom._handlers - Affected SOP Class UID        : CT Image Storage
2026-10-05 08:06:37,639 [DEBUG] pynetdicom._handlers - Affected SOP Instance UID     : 1.3.12.2.1107.5.1.7.123161.30000024073109044472200003790
2026-10-05 08:06:37,639 [DEBUG] pynetdicom._handlers - Data Set                      : Present
2026-10-05 08:06:37,639 [DEBUG] pynetdicom._handlers - Priority                      : Medium
2026-10-05 08:06:37,639 [DEBUG] pynetdicom._handlers - ============================ END DIMSE MESSAGE =============================
2026-10-05 08:06:37,640 [DEBUG] pynetdicom.dsutils - pydicom.read_dataset() TransferSyntax="Little Endian Implicit"
2026-10-05 08:06:37,645 [INFO] HealthPACS - Utility: Directory esistente verificata: G:\ArchiveRoot\1.2.840.113619.2.1075997
2026-10-05 08:06:37,646 [INFO] HealthPACS - Utility: Directory esistente verificata: G:\ArchiveRoot\1.2.840.113619.2.1075997\1.3.12.2.1107.5.1.7.123161.30000024073109044472200000734
2026-10-05 08:06:37,651 [INFO] HealthPACS - [InstancesRepo] Creata nuova istanza [SOP: 1.3.12.2.1107.5.1.7.123161.30000024073109044472200003790]
2026-10-05 08:06:37,654 [INFO] HealthPACS - C-STORE: Salvata Istanza [ID: 6267, SOP: 1.3.12.2.1107.5.1.7.123161.30000024073109044472200003790] | Dim: 528812 B | Path: G:\ArchiveRoot\1.2.840.113619.2.1075997\1.3.12.2.1107.5.1.7.123161.30000024073109044472200000734\1.3.12.2.1107.5.1.7.123161.30000024073109044472200003790.dcm
2026-10-05 08:06:37,725 [DEBUG] pynetdicom.dsutils - pydicom.read_dataset() TransferSyntax="Little Endian Implicit"
2026-10-05 08:06:37,726 [INFO] pynetdicom._handlers - Received Store Request
2026-10-05 08:06:37,727 [DEBUG] pynetdicom._handlers - ========================== INCOMING DIMSE MESSAGE ==========================
2026-10-05 08:06:37,727 [DEBUG] pynetdicom._handlers - Message Type                  : C-STORE RQ
2026-10-05 08:06:37,727 [DEBUG] pynetdicom._handlers - Presentation Context ID       : 21
2026-10-05 08:06:37,727 [DEBUG] pynetdicom._handlers - Message ID                    : 2170
2026-10-05 08:06:37,727 [DEBUG] pynetdicom._handlers - Affected SOP Class UID        : CT Image Storage
2026-10-05 08:06:37,727 [DEBUG] pynetdicom._handlers - Affected SOP Instance UID     : 1.3.12.2.1107.5.1.7.123161.30000024073109044472200003791
2026-10-05 08:06:37,727 [DEBUG] pynetdicom._handlers - Data Set                      : Present
2026-10-05 08:06:37,727 [DEBUG] pynetdicom._handlers - Priority                      : Medium
2026-10-05 08:06:37,727 [DEBUG] pynetdicom._handlers - ============================ END DIMSE MESSAGE =============================
2026-10-05 08:06:37,729 [DEBUG] pynetdicom.dsutils - pydicom.read_dataset() TransferSyntax="Little Endian Implicit"
2026-10-05 08:06:37,732 [INFO] HealthPACS - Utility: Directory esistente verificata: G:\ArchiveRoot\1.2.840.113619.2.1075997
2026-10-05 08:06:37,734 [INFO] HealthPACS - Utility: Directory esistente verificata: G:\ArchiveRoot\1.2.840.113619.2.1075997\1.3.12.2.1107.5.1.7.123161.30000024073109044472200000734
2026-10-05 08:06:37,739 [INFO] HealthPACS - [InstancesRepo] Creata nuova istanza [SOP: 1.3.12.2.1107.5.1.7.123161.30000024073109044472200003791]
2026-10-05 08:06:37,745 [INFO] HealthPACS - C-STORE: Salvata Istanza [ID: 6268, SOP: 1.3.12.2.1107.5.1.7.123161.30000024073109044472200003791] | Dim: 528812 B | Path: G:\ArchiveRoot\1.2.840.113619.2.1075997\1.3.12.2.1107.5.1.7.123161.30000024073109044472200000734\1.3.12.2.1107.5.1.7.123161.30000024073109044472200003791.dcm
2026-10-05 08:06:37,836 [DEBUG] pynetdicom.dsutils - pydicom.read_dataset() TransferSyntax="Little Endian Implicit"
2026-10-05 08:06:37,838 [INFO] pynetdicom._handlers - Received Store Request
2026-10-05 08:06:37,838 [DEBUG] pynetdicom._handlers - ========================== INCOMING DIMSE MESSAGE ==========================
2026-10-05 08:06:37,838 [DEBUG] pynetdicom._handlers - Message Type                  : C-STORE RQ
2026-10-05 08:06:37,839 [DEBUG] pynetdicom._handlers - Presentation Context ID       : 21
2026-10-05 08:06:37,839 [DEBUG] pynetdicom._handlers - Message ID                    : 2171
2026-10-05 08:06:37,839 [DEBUG] pynetdicom._handlers - Affected SOP Class UID        : CT Image Storage
2026-10-05 08:06:37,839 [DEBUG] pynetdicom._handlers - Affected SOP Instance UID     : 1.3.12.2.1107.5.1.7.123161.30000024073109044472200003792
2026-10-05 08:06:37,840 [DEBUG] pynetdicom._handlers - Data Set                      : Present
2026-10-05 08:06:37,840 [DEBUG] pynetdicom._handlers - Priority                      : Medium
2026-10-05 08:06:37,840 [DEBUG] pynetdicom._handlers - ============================ END DIMSE MESSAGE =============================
2026-10-05 08:06:37,842 [DEBUG] pynetdicom.dsutils - pydicom.read_dataset() TransferSyntax="Little Endian Implicit"
2026-10-05 08:06:37,848 [INFO] HealthPACS - Utility: Directory esistente verificata: G:\ArchiveRoot\1.2.840.113619.2.1075997
2026-10-05 08:06:37,850 [INFO] HealthPACS - Utility: Directory esistente verificata: G:\ArchiveRoot\1.2.840.113619.2.1075997\1.3.12.2.1107.5.1.7.123161.30000024073109044472200000734
2026-10-05 08:06:37,855 [INFO] HealthPACS - [InstancesRepo] Creata nuova istanza [SOP: 1.3.12.2.1107.5.1.7.123161.30000024073109044472200003792]
2026-10-05 08:06:37,859 [INFO] HealthPACS - C-STORE: Salvata Istanza [ID: 6269, SOP: 1.3.12.2.1107.5.1.7.123161.30000024073109044472200003792] | Dim: 528812 B | Path: G:\ArchiveRoot\1.2.840.113619.2.1075997\1.3.12.2.1107.5.1.7.123161.30000024073109044472200000734\1.3.12.2.1107.5.1.7.123161.30000024073109044472200003792.dcm
2026-10-05 08:06:37,940 [DEBUG] pynetdicom.dsutils - pydicom.read_dataset() TransferSyntax="Little Endian Implicit"
2026-10-05 08:06:37,943 [INFO] pynetdicom._handlers - Received Store Request
2026-10-05 08:06:37,944 [DEBUG] pynetdicom._handlers - ========================== INCOMING DIMSE MESSAGE ==========================
2026-10-05 08:06:37,944 [DEBUG] pynetdicom._handlers - Message Type                  : C-STORE RQ
2026-10-05 08:06:37,944 [DEBUG] pynetdicom._handlers - Presentation Context ID       : 21
2026-10-05 08:06:37,944 [DEBUG] pynetdicom._handlers - Message ID                    : 2172
2026-10-05 08:06:37,944 [DEBUG] pynetdicom._handlers - Affected SOP Class UID        : CT Image Storage
2026-10-05 08:06:37,944 [DEBUG] pynetdicom._handlers - Affected SOP Instance UID     : 1.3.12.2.1107.5.1.7.123161.30000024073109044472200003793
2026-10-05 08:06:37,944 [DEBUG] pynetdicom._handlers - Data Set                      : Present
2026-10-05 08:06:37,944 [DEBUG] pynetdicom._handlers - Priority                      : Medium
2026-10-05 08:06:37,944 [DEBUG] pynetdicom._handlers - ============================ END DIMSE MESSAGE =============================
2026-10-05 08:06:37,946 [DEBUG] pynetdicom.dsutils - pydicom.read_dataset() TransferSyntax="Little Endian Implicit"
2026-10-05 08:06:37,950 [INFO] HealthPACS - Utility: Directory esistente verificata: G:\ArchiveRoot\1.2.840.113619.2.1075997
2026-10-05 08:06:37,952 [INFO] HealthPACS - Utility: Directory esistente verificata: G:\ArchiveRoot\1.2.840.113619.2.1075997\1.3.12.2.1107.5.1.7.123161.30000024073109044472200000734
2026-10-05 08:06:37,956 [INFO] HealthPACS - [InstancesRepo] Creata nuova istanza [SOP: 1.3.12.2.1107.5.1.7.123161.30000024073109044472200003793]
2026-10-05 08:06:37,960 [INFO] HealthPACS - C-STORE: Salvata Istanza [ID: 6270, SOP: 1.3.12.2.1107.5.1.7.123161.30000024073109044472200003793] | Dim: 528812 B | Path: G:\ArchiveRoot\1.2.840.113619.2.1075997\1.3.12.2.1107.5.1.7.123161.30000024073109044472200000734\1.3.12.2.1107.5.1.7.123161.30000024073109044472200003793.dcm
2026-10-05 08:06:38,056 [DEBUG] pynetdicom.dsutils - pydicom.read_dataset() TransferSyntax="Little Endian Implicit"
2026-10-05 08:06:38,058 [INFO] pynetdicom._handlers - Received Store Request
2026-10-05 08:06:38,058 [DEBUG] pynetdicom._handlers - ========================== INCOMING DIMSE MESSAGE ==========================
2026-10-05 08:06:38,058 [DEBUG] pynetdicom._handlers - Message Type                  : C-STORE RQ
2026-10-05 08:06:38,058 [DEBUG] pynetdicom._handlers - Presentation Context ID       : 21
2026-10-05 08:06:38,058 [DEBUG] pynetdicom._handlers - Message ID                    : 2173
2026-10-05 08:06:38,058 [DEBUG] pynetdicom._handlers - Affected SOP Class UID        : CT Image Storage
2026-10-05 08:06:38,059 [DEBUG] pynetdicom._handlers - Affected SOP Instance UID     : 1.3.12.2.1107.5.1.7.123161.30000024073109044472200003794
2026-10-05 08:06:38,059 [DEBUG] pynetdicom._handlers - Data Set                      : Present
2026-10-05 08:06:38,059 [DEBUG] pynetdicom._handlers - Priority                      : Medium
2026-10-05 08:06:38,059 [DEBUG] pynetdicom._handlers - ============================ END DIMSE MESSAGE =============================
2026-10-05 08:06:38,059 [DEBUG] pynetdicom.dsutils - pydicom.read_dataset() TransferSyntax="Little Endian Implicit"
2026-10-05 08:06:38,063 [INFO] HealthPACS - Utility: Directory esistente verificata: G:\ArchiveRoot\1.2.840.113619.2.1075997
2026-10-05 08:06:38,064 [INFO] HealthPACS - Utility: Directory esistente verificata: G:\ArchiveRoot\1.2.840.113619.2.1075997\1.3.12.2.1107.5.1.7.123161.30000024073109044472200000734
2026-10-05 08:06:38,068 [INFO] HealthPACS - [InstancesRepo] Creata nuova istanza [SOP: 1.3.12.2.1107.5.1.7.123161.30000024073109044472200003794]
2026-10-05 08:06:38,071 [INFO] HealthPACS - C-STORE: Salvata Istanza [ID: 6271, SOP: 1.3.12.2.1107.5.1.7.123161.30000024073109044472200003794] | Dim: 528812 B | Path: G:\ArchiveRoot\1.2.840.113619.2.1075997\1.3.12.2.1107.5.1.7.123161.30000024073109044472200000734\1.3.12.2.1107.5.1.7.123161.30000024073109044472200003794.dcm
2026-10-05 08:06:38,159 [DEBUG] pynetdicom.dsutils - pydicom.read_dataset() TransferSyntax="Little Endian Implicit"
2026-10-05 08:06:38,162 [INFO] pynetdicom._handlers - Received Store Request
2026-10-05 08:06:38,163 [DEBUG] pynetdicom._handlers - ========================== INCOMING DIMSE MESSAGE ==========================
2026-10-05 08:06:38,163 [DEBUG] pynetdicom._handlers - Message Type                  : C-STORE RQ
2026-10-05 08:06:38,163 [DEBUG] pynetdicom._handlers - Presentation Context ID       : 21
2026-10-05 08:06:38,163 [DEBUG] pynetdicom._handlers - Message ID                    : 2174
2026-10-05 08:06:38,163 [DEBUG] pynetdicom._handlers - Affected SOP Class UID        : CT Image Storage
2026-10-05 08:06:38,163 [DEBUG] pynetdicom._handlers - Affected SOP Instance UID     : 1.3.12.2.1107.5.1.7.123161.30000024073109044472200003795
2026-10-05 08:06:38,163 [DEBUG] pynetdicom._handlers - Data Set                      : Present
2026-10-05 08:06:38,164 [DEBUG] pynetdicom._handlers - Priority                      : Medium
2026-10-05 08:06:38,164 [DEBUG] pynetdicom._handlers - ============================ END DIMSE MESSAGE =============================
2026-10-05 08:06:38,165 [DEBUG] pynetdicom.dsutils - pydicom.read_dataset() TransferSyntax="Little Endian Implicit"
2026-10-05 08:06:38,168 [INFO] HealthPACS - Utility: Directory esistente verificata: G:\ArchiveRoot\1.2.840.113619.2.1075997
2026-10-05 08:06:38,169 [INFO] HealthPACS - Utility: Directory esistente verificata: G:\ArchiveRoot\1.2.840.113619.2.1075997\1.3.12.2.1107.5.1.7.123161.30000024073109044472200000734
2026-10-05 08:06:38,174 [INFO] HealthPACS - [InstancesRepo] Creata nuova istanza [SOP: 1.3.12.2.1107.5.1.7.123161.30000024073109044472200003795]
2026-10-05 08:06:38,177 [INFO] HealthPACS - C-STORE: Salvata Istanza [ID: 6272, SOP: 1.3.12.2.1107.5.1.7.123161.30000024073109044472200003795] | Dim: 528812 B | Path: G:\ArchiveRoot\1.2.840.113619.2.1075997\1.3.12.2.1107.5.1.7.123161.30000024073109044472200000734\1.3.12.2.1107.5.1.7.123161.30000024073109044472200003795.dcm
2026-10-05 08:06:38,273 [DEBUG] pynetdicom.dsutils - pydicom.read_dataset() TransferSyntax="Little Endian Implicit"
2026-10-05 08:06:38,275 [INFO] pynetdicom._handlers - Received Store Request
2026-10-05 08:06:38,275 [DEBUG] pynetdicom._handlers - ========================== INCOMING DIMSE MESSAGE ==========================
2026-10-05 08:06:38,275 [DEBUG] pynetdicom._handlers - Message Type                  : C-STORE RQ
2026-10-05 08:06:38,275 [DEBUG] pynetdicom._handlers - Presentation Context ID       : 21
2026-10-05 08:06:38,276 [DEBUG] pynetdicom._handlers - Message ID                    : 2175
2026-10-05 08:06:38,276 [DEBUG] pynetdicom._handlers - Affected SOP Class UID        : CT Image Storage
2026-10-05 08:06:38,276 [DEBUG] pynetdicom._handlers - Affected SOP Instance UID     : 1.3.12.2.1107.5.1.7.123161.30000024073109044472200003796
2026-10-05 08:06:38,276 [DEBUG] pynetdicom._handlers - Data Set                      : Present
2026-10-05 08:06:38,276 [DEBUG] pynetdicom._handlers - Priority                      : Medium
2026-10-05 08:06:38,276 [DEBUG] pynetdicom._handlers - ============================ END DIMSE MESSAGE =============================
2026-10-05 08:06:38,278 [DEBUG] pynetdicom.dsutils - pydicom.read_dataset() TransferSyntax="Little Endian Implicit"
2026-10-05 08:06:38,282 [INFO] HealthPACS - Utility: Directory esistente verificata: G:\ArchiveRoot\1.2.840.113619.2.1075997
2026-10-05 08:06:38,283 [INFO] HealthPACS - Utility: Directory esistente verificata: G:\ArchiveRoot\1.2.840.113619.2.1075997\1.3.12.2.1107.5.1.7.123161.30000024073109044472200000734
2026-10-05 08:06:38,288 [INFO] HealthPACS - [InstancesRepo] Creata nuova istanza [SOP: 1.3.12.2.1107.5.1.7.123161.30000024073109044472200003796]
2026-10-05 08:06:38,291 [INFO] HealthPACS - C-STORE: Salvata Istanza [ID: 6273, SOP: 1.3.12.2.1107.5.1.7.123161.30000024073109044472200003796] | Dim: 528812 B | Path: G:\ArchiveRoot\1.2.840.113619.2.1075997\1.3.12.2.1107.5.1.7.123161.30000024073109044472200000734\1.3.12.2.1107.5.1.7.123161.30000024073109044472200003796.dcm
2026-10-05 08:06:38,390 [DEBUG] pynetdicom.dsutils - pydicom.read_dataset() TransferSyntax="Little Endian Implicit"
2026-10-05 08:06:38,392 [INFO] pynetdicom._handlers - Received Store Request
2026-10-05 08:06:38,393 [DEBUG] pynetdicom._handlers - ========================== INCOMING DIMSE MESSAGE ==========================
2026-10-05 08:06:38,393 [DEBUG] pynetdicom._handlers - Message Type                  : C-STORE RQ
2026-10-05 08:06:38,393 [DEBUG] pynetdicom._handlers - Presentation Context ID       : 21
2026-10-05 08:06:38,393 [DEBUG] pynetdicom._handlers - Message ID                    : 2176
2026-10-05 08:06:38,393 [DEBUG] pynetdicom._handlers - Affected SOP Class UID        : CT Image Storage
2026-10-05 08:06:38,393 [DEBUG] pynetdicom._handlers - Affected SOP Instance UID     : 1.3.12.2.1107.5.1.7.123161.30000024073109044472200003797
2026-10-05 08:06:38,393 [DEBUG] pynetdicom._handlers - Data Set                      : Present
2026-10-05 08:06:38,393 [DEBUG] pynetdicom._handlers - Priority                      : Medium
2026-10-05 08:06:38,393 [DEBUG] pynetdicom._handlers - ============================ END DIMSE MESSAGE =============================
2026-10-05 08:06:38,394 [DEBUG] pynetdicom.dsutils - pydicom.read_dataset() TransferSyntax="Little Endian Implicit"
2026-10-05 08:06:38,398 [INFO] HealthPACS - Utility: Directory esistente verificata: G:\ArchiveRoot\1.2.840.113619.2.1075997
2026-10-05 08:06:38,399 [INFO] HealthPACS - Utility: Directory esistente verificata: G:\ArchiveRoot\1.2.840.113619.2.1075997\1.3.12.2.1107.5.1.7.123161.30000024073109044472200000734
2026-10-05 08:06:38,403 [INFO] HealthPACS - [InstancesRepo] Creata nuova istanza [SOP: 1.3.12.2.1107.5.1.7.123161.30000024073109044472200003797]
2026-10-05 08:06:38,406 [INFO] HealthPACS - C-STORE: Salvata Istanza [ID: 6274, SOP: 1.3.12.2.1107.5.1.7.123161.30000024073109044472200003797] | Dim: 528812 B | Path: G:\ArchiveRoot\1.2.840.113619.2.1075997\1.3.12.2.1107.5.1.7.123161.30000024073109044472200000734\1.3.12.2.1107.5.1.7.123161.30000024073109044472200003797.dcm
2026-10-05 08:06:38,461 [DEBUG] pynetdicom.dsutils - pydicom.read_dataset() TransferSyntax="Little Endian Implicit"
2026-10-05 08:06:38,464 [INFO] pynetdicom._handlers - Received Store Request
2026-10-05 08:06:38,464 [DEBUG] pynetdicom._handlers - ========================== INCOMING DIMSE MESSAGE ==========================
2026-10-05 08:06:38,464 [DEBUG] pynetdicom._handlers - Message Type                  : C-STORE RQ
2026-10-05 08:06:38,464 [DEBUG] pynetdicom._handlers - Presentation Context ID       : 21
2026-10-05 08:06:38,464 [DEBUG] pynetdicom._handlers - Message ID                    : 2177
2026-10-05 08:06:38,464 [DEBUG] pynetdicom._handlers - Affected SOP Class UID        : CT Image Storage
2026-10-05 08:06:38,464 [DEBUG] pynetdicom._handlers - Affected SOP Instance UID     : 1.3.12.2.1107.5.1.7.123161.30000024073109044472200002665
2026-10-05 08:06:38,465 [DEBUG] pynetdicom._handlers - Data Set                      : Present
2026-10-05 08:06:38,465 [DEBUG] pynetdicom._handlers - Priority                      : Medium
2026-10-05 08:06:38,465 [DEBUG] pynetdicom._handlers - ============================ END DIMSE MESSAGE =============================
2026-10-05 08:06:38,465 [DEBUG] pynetdicom.dsutils - pydicom.read_dataset() TransferSyntax="Little Endian Implicit"
2026-10-05 08:06:38,469 [INFO] HealthPACS - Utility: Directory esistente verificata: G:\ArchiveRoot\1.2.840.113619.2.1075997
2026-10-05 08:06:38,470 [INFO] HealthPACS - Utility: Directory esistente verificata: G:\ArchiveRoot\1.2.840.113619.2.1075997\1.3.12.2.1107.5.1.7.123161.30000024073109044472200000734
2026-10-05 08:06:38,474 [INFO] HealthPACS - [InstancesRepo] Creata nuova istanza [SOP: 1.3.12.2.1107.5.1.7.123161.30000024073109044472200002665]
2026-10-05 08:06:38,477 [INFO] HealthPACS - C-STORE: Salvata Istanza [ID: 6275, SOP: 1.3.12.2.1107.5.1.7.123161.30000024073109044472200002665] | Dim: 528820 B | Path: G:\ArchiveRoot\1.2.840.113619.2.1075997\1.3.12.2.1107.5.1.7.123161.30000024073109044472200000734\1.3.12.2.1107.5.1.7.123161.30000024073109044472200002665.dcm
2026-10-05 08:06:38,506 [DEBUG] pynetdicom.dsutils - pydicom.read_dataset() TransferSyntax="Little Endian Implicit"
2026-10-05 08:06:38,509 [INFO] pynetdicom._handlers - Received Store Request
2026-10-05 08:06:38,509 [DEBUG] pynetdicom._handlers - ========================== INCOMING DIMSE MESSAGE ==========================
2026-10-05 08:06:38,509 [DEBUG] pynetdicom._handlers - Message Type                  : C-STORE RQ
2026-10-05 08:06:38,509 [DEBUG] pynetdicom._handlers - Presentation Context ID       : 21
2026-10-05 08:06:38,509 [DEBUG] pynetdicom._handlers - Message ID                    : 2178
2026-10-05 08:06:38,509 [DEBUG] pynetdicom._handlers - Affected SOP Class UID        : CT Image Storage
2026-10-05 08:06:38,509 [DEBUG] pynetdicom._handlers - Affected SOP Instance UID     : 1.3.12.2.1107.5.1.7.123161.30000024073109044472200003798
2026-10-05 08:06:38,510 [DEBUG] pynetdicom._handlers - Data Set                      : Present
2026-10-05 08:06:38,510 [DEBUG] pynetdicom._handlers - Priority                      : Medium
2026-10-05 08:06:38,510 [DEBUG] pynetdicom._handlers - ============================ END DIMSE MESSAGE =============================
2026-10-05 08:06:38,510 [DEBUG] pynetdicom.dsutils - pydicom.read_dataset() TransferSyntax="Little Endian Implicit"
2026-10-05 08:06:38,514 [INFO] HealthPACS - Utility: Directory esistente verificata: G:\ArchiveRoot\1.2.840.113619.2.1075997
2026-10-05 08:06:38,515 [INFO] HealthPACS - Utility: Directory esistente verificata: G:\ArchiveRoot\1.2.840.113619.2.1075997\1.3.12.2.1107.5.1.7.123161.30000024073109044472200000734
2026-10-05 08:06:38,519 [INFO] HealthPACS - [InstancesRepo] Creata nuova istanza [SOP: 1.3.12.2.1107.5.1.7.123161.30000024073109044472200003798]
2026-10-05 08:06:38,522 [INFO] HealthPACS - C-STORE: Salvata Istanza [ID: 6276, SOP: 1.3.12.2.1107.5.1.7.123161.30000024073109044472200003798] | Dim: 528812 B | Path: G:\ArchiveRoot\1.2.840.113619.2.1075997\1.3.12.2.1107.5.1.7.123161.30000024073109044472200000734\1.3.12.2.1107.5.1.7.123161.30000024073109044472200003798.dcm
2026-10-05 08:06:38,550 [DEBUG] pynetdicom.dsutils - pydicom.read_dataset() TransferSyntax="Little Endian Implicit"
2026-10-05 08:06:38,552 [INFO] pynetdicom._handlers - Received Store Request
2026-10-05 08:06:38,552 [DEBUG] pynetdicom._handlers - ========================== INCOMING DIMSE MESSAGE ==========================
2026-10-05 08:06:38,552 [DEBUG] pynetdicom._handlers - Message Type                  : C-STORE RQ
2026-10-05 08:06:38,552 [DEBUG] pynetdicom._handlers - Presentation Context ID       : 21
2026-10-05 08:06:38,552 [DEBUG] pynetdicom._handlers - Message ID                    : 2179
2026-10-05 08:06:38,552 [DEBUG] pynetdicom._handlers - Affected SOP Class UID        : CT Image Storage
2026-10-05 08:06:38,553 [DEBUG] pynetdicom._handlers - Affected SOP Instance UID     : 1.3.12.2.1107.5.1.7.123161.30000024073109044472200003799
2026-10-05 08:06:38,553 [DEBUG] pynetdicom._handlers - Data Set                      : Present
2026-10-05 08:06:38,553 [DEBUG] pynetdicom._handlers - Priority                      : Medium
2026-10-05 08:06:38,553 [DEBUG] pynetdicom._handlers - ============================ END DIMSE MESSAGE =============================
2026-10-05 08:06:38,554 [DEBUG] pynetdicom.dsutils - pydicom.read_dataset() TransferSyntax="Little Endian Implicit"
2026-10-05 08:06:38,557 [INFO] HealthPACS - Utility: Directory esistente verificata: G:\ArchiveRoot\1.2.840.113619.2.1075997
2026-10-05 08:06:38,559 [INFO] HealthPACS - Utility: Directory esistente verificata: G:\ArchiveRoot\1.2.840.113619.2.1075997\1.3.12.2.1107.5.1.7.123161.30000024073109044472200000734
2026-10-05 08:06:38,563 [INFO] HealthPACS - [InstancesRepo] Creata nuova istanza [SOP: 1.3.12.2.1107.5.1.7.123161.30000024073109044472200003799]
2026-10-05 08:06:38,566 [INFO] HealthPACS - C-STORE: Salvata Istanza [ID: 6277, SOP: 1.3.12.2.1107.5.1.7.123161.30000024073109044472200003799] | Dim: 528812 B | Path: G:\ArchiveRoot\1.2.840.113619.2.1075997\1.3.12.2.1107.5.1.7.123161.30000024073109044472200000734\1.3.12.2.1107.5.1.7.123161.30000024073109044472200003799.dcm
2026-10-05 08:06:38,602 [DEBUG] pynetdicom.dsutils - pydicom.read_dataset() TransferSyntax="Little Endian Implicit"
2026-10-05 08:06:38,606 [INFO] pynetdicom._handlers - Received Store Request
2026-10-05 08:06:38,606 [DEBUG] pynetdicom._handlers - ========================== INCOMING DIMSE MESSAGE ==========================
2026-10-05 08:06:38,606 [DEBUG] pynetdicom._handlers - Message Type                  : C-STORE RQ
2026-10-05 08:06:38,606 [DEBUG] pynetdicom._handlers - Presentation Context ID       : 21
2026-10-05 08:06:38,606 [DEBUG] pynetdicom._handlers - Message ID                    : 2180
2026-10-05 08:06:38,606 [DEBUG] pynetdicom._handlers - Affected SOP Class UID        : CT Image Storage
2026-10-05 08:06:38,606 [DEBUG] pynetdicom._handlers - Affected SOP Instance UID     : 1.3.12.2.1107.5.1.7.123161.30000024073109044472200003800
2026-10-05 08:06:38,607 [DEBUG] pynetdicom._handlers - Data Set                      : Present
2026-10-05 08:06:38,607 [DEBUG] pynetdicom._handlers - Priority                      : Medium
2026-10-05 08:06:38,607 [DEBUG] pynetdicom._handlers - ============================ END DIMSE MESSAGE =============================
2026-10-05 08:06:38,608 [DEBUG] pynetdicom.dsutils - pydicom.read_dataset() TransferSyntax="Little Endian Implicit"
2026-10-05 08:06:38,611 [INFO] HealthPACS - Utility: Directory esistente verificata: G:\ArchiveRoot\1.2.840.113619.2.1075997
2026-10-05 08:06:38,613 [INFO] HealthPACS - Utility: Directory esistente verificata: G:\ArchiveRoot\1.2.840.113619.2.1075997\1.3.12.2.1107.5.1.7.123161.30000024073109044472200000734
2026-10-05 08:06:38,617 [INFO] HealthPACS - [InstancesRepo] Creata nuova istanza [SOP: 1.3.12.2.1107.5.1.7.123161.30000024073109044472200003800]
2026-10-05 08:06:38,620 [INFO] HealthPACS - C-STORE: Salvata Istanza [ID: 6278, SOP: 1.3.12.2.1107.5.1.7.123161.30000024073109044472200003800] | Dim: 528812 B | Path: G:\ArchiveRoot\1.2.840.113619.2.1075997\1.3.12.2.1107.5.1.7.123161.30000024073109044472200000734\1.3.12.2.1107.5.1.7.123161.30000024073109044472200003800.dcm
2026-10-05 08:06:38,660 [DEBUG] pynetdicom.dsutils - pydicom.read_dataset() TransferSyntax="Little Endian Implicit"
2026-10-05 08:06:38,663 [INFO] pynetdicom._handlers - Received Store Request
2026-10-05 08:06:38,663 [DEBUG] pynetdicom._handlers - ========================== INCOMING DIMSE MESSAGE ==========================
2026-10-05 08:06:38,663 [DEBUG] pynetdicom._handlers - Message Type                  : C-STORE RQ
2026-10-05 08:06:38,663 [DEBUG] pynetdicom._handlers - Presentation Context ID       : 21
2026-10-05 08:06:38,663 [DEBUG] pynetdicom._handlers - Message ID                    : 2181
2026-10-05 08:06:38,664 [DEBUG] pynetdicom._handlers - Affected SOP Class UID        : CT Image Storage
2026-10-05 08:06:38,664 [DEBUG] pynetdicom._handlers - Affected SOP Instance UID     : 1.3.12.2.1107.5.1.7.123161.30000024073109044472200003801
2026-10-05 08:06:38,664 [DEBUG] pynetdicom._handlers - Data Set                      : Present
2026-10-05 08:06:38,664 [DEBUG] pynetdicom._handlers - Priority                      : Medium
2026-10-05 08:06:38,664 [DEBUG] pynetdicom._handlers - ============================ END DIMSE MESSAGE =============================
2026-10-05 08:06:38,665 [DEBUG] pynetdicom.dsutils - pydicom.read_dataset() TransferSyntax="Little Endian Implicit"
2026-10-05 08:06:38,668 [INFO] HealthPACS - Utility: Directory esistente verificata: G:\ArchiveRoot\1.2.840.113619.2.1075997
2026-10-05 08:06:38,670 [INFO] HealthPACS - Utility: Directory esistente verificata: G:\ArchiveRoot\1.2.840.113619.2.1075997\1.3.12.2.1107.5.1.7.123161.30000024073109044472200000734
2026-10-05 08:06:38,674 [INFO] HealthPACS - [InstancesRepo] Creata nuova istanza [SOP: 1.3.12.2.1107.5.1.7.123161.30000024073109044472200003801]
2026-10-05 08:06:38,677 [INFO] HealthPACS - C-STORE: Salvata Istanza [ID: 6279, SOP: 1.3.12.2.1107.5.1.7.123161.30000024073109044472200003801] | Dim: 528812 B | Path: G:\ArchiveRoot\1.2.840.113619.2.1075997\1.3.12.2.1107.5.1.7.123161.30000024073109044472200000734\1.3.12.2.1107.5.1.7.123161.30000024073109044472200003801.dcm
2026-10-05 08:06:38,723 [DEBUG] pynetdicom.dsutils - pydicom.read_dataset() TransferSyntax="Little Endian Implicit"
2026-10-05 08:06:38,725 [INFO] pynetdicom._handlers - Received Store Request
2026-10-05 08:06:38,725 [DEBUG] pynetdicom._handlers - ========================== INCOMING DIMSE MESSAGE ==========================
2026-10-05 08:06:38,726 [DEBUG] pynetdicom._handlers - Message Type                  : C-STORE RQ
2026-10-05 08:06:38,726 [DEBUG] pynetdicom._handlers - Presentation Context ID       : 21
2026-10-05 08:06:38,726 [DEBUG] pynetdicom._handlers - Message ID                    : 2182
2026-10-05 08:06:38,726 [DEBUG] pynetdicom._handlers - Affected SOP Class UID        : CT Image Storage
2026-10-05 08:06:38,726 [DEBUG] pynetdicom._handlers - Affected SOP Instance UID     : 1.3.12.2.1107.5.1.7.123161.30000024073109044472200003802
2026-10-05 08:06:38,726 [DEBUG] pynetdicom._handlers - Data Set                      : Present
2026-10-05 08:06:38,726 [DEBUG] pynetdicom._handlers - Priority                      : Medium
2026-10-05 08:06:38,726 [DEBUG] pynetdicom._handlers - ============================ END DIMSE MESSAGE =============================
2026-10-05 08:06:38,727 [DEBUG] pynetdicom.dsutils - pydicom.read_dataset() TransferSyntax="Little Endian Implicit"
2026-10-05 08:06:38,730 [INFO] HealthPACS - Utility: Directory esistente verificata: G:\ArchiveRoot\1.2.840.113619.2.1075997
2026-10-05 08:06:38,731 [INFO] HealthPACS - Utility: Directory esistente verificata: G:\ArchiveRoot\1.2.840.113619.2.1075997\1.3.12.2.1107.5.1.7.123161.30000024073109044472200000734
2026-10-05 08:06:38,735 [INFO] HealthPACS - [InstancesRepo] Creata nuova istanza [SOP: 1.3.12.2.1107.5.1.7.123161.30000024073109044472200003802]
2026-10-05 08:06:38,738 [INFO] HealthPACS - C-STORE: Salvata Istanza [ID: 6280, SOP: 1.3.12.2.1107.5.1.7.123161.30000024073109044472200003802] | Dim: 528812 B | Path: G:\ArchiveRoot\1.2.840.113619.2.1075997\1.3.12.2.1107.5.1.7.123161.30000024073109044472200000734\1.3.12.2.1107.5.1.7.123161.30000024073109044472200003802.dcm
2026-10-05 08:06:38,787 [DEBUG] pynetdicom.dsutils - pydicom.read_dataset() TransferSyntax="Little Endian Implicit"
2026-10-05 08:06:38,790 [INFO] pynetdicom._handlers - Received Store Request
2026-10-05 08:06:38,790 [DEBUG] pynetdicom._handlers - ========================== INCOMING DIMSE MESSAGE ==========================
2026-10-05 08:06:38,790 [DEBUG] pynetdicom._handlers - Message Type                  : C-STORE RQ
2026-10-05 08:06:38,790 [DEBUG] pynetdicom._handlers - Presentation Context ID       : 21
2026-10-05 08:06:38,790 [DEBUG] pynetdicom._handlers - Message ID                    : 2183
2026-10-05 08:06:38,790 [DEBUG] pynetdicom._handlers - Affected SOP Class UID        : CT Image Storage
2026-10-05 08:06:38,791 [DEBUG] pynetdicom._handlers - Affected SOP Instance UID     : 1.3.12.2.1107.5.1.7.123161.30000024073109044472200003803
2026-10-05 08:06:38,791 [DEBUG] pynetdicom._handlers - Data Set                      : Present
2026-10-05 08:06:38,791 [DEBUG] pynetdicom._handlers - Priority                      : Medium
2026-10-05 08:06:38,791 [DEBUG] pynetdicom._handlers - ============================ END DIMSE MESSAGE =============================
2026-10-05 08:06:38,791 [DEBUG] pynetdicom.dsutils - pydicom.read_dataset() TransferSyntax="Little Endian Implicit"
2026-10-05 08:06:38,795 [INFO] HealthPACS - Utility: Directory esistente verificata: G:\ArchiveRoot\1.2.840.113619.2.1075997
2026-10-05 08:06:38,797 [INFO] HealthPACS - Utility: Directory esistente verificata: G:\ArchiveRoot\1.2.840.113619.2.1075997\1.3.12.2.1107.5.1.7.123161.30000024073109044472200000734
2026-10-05 08:06:38,801 [INFO] HealthPACS - [InstancesRepo] Creata nuova istanza [SOP: 1.3.12.2.1107.5.1.7.123161.30000024073109044472200003803]
2026-10-05 08:06:38,804 [INFO] HealthPACS - C-STORE: Salvata Istanza [ID: 6281, SOP: 1.3.12.2.1107.5.1.7.123161.30000024073109044472200003803] | Dim: 528812 B | Path: G:\ArchiveRoot\1.2.840.113619.2.1075997\1.3.12.2.1107.5.1.7.123161.30000024073109044472200000734\1.3.12.2.1107.5.1.7.123161.30000024073109044472200003803.dcm
2026-10-05 08:06:38,857 [DEBUG] pynetdicom.dsutils - pydicom.read_dataset() TransferSyntax="Little Endian Implicit"
2026-10-05 08:06:38,859 [INFO] pynetdicom._handlers - Received Store Request
2026-10-05 08:06:38,860 [DEBUG] pynetdicom._handlers - ========================== INCOMING DIMSE MESSAGE ==========================
2026-10-05 08:06:38,860 [DEBUG] pynetdicom._handlers - Message Type                  : C-STORE RQ
2026-10-05 08:06:38,860 [DEBUG] pynetdicom._handlers - Presentation Context ID       : 21
2026-10-05 08:06:38,860 [DEBUG] pynetdicom._handlers - Message ID                    : 2184
2026-10-05 08:06:38,860 [DEBUG] pynetdicom._handlers - Affected SOP Class UID        : CT Image Storage
2026-10-05 08:06:38,860 [DEBUG] pynetdicom._handlers - Affected SOP Instance UID     : 1.3.12.2.1107.5.1.7.123161.30000024073109044472200003804
2026-10-05 08:06:38,860 [DEBUG] pynetdicom._handlers - Data Set                      : Present
2026-10-05 08:06:38,860 [DEBUG] pynetdicom._handlers - Priority                      : Medium
2026-10-05 08:06:38,860 [DEBUG] pynetdicom._handlers - ============================ END DIMSE MESSAGE =============================
2026-10-05 08:06:38,861 [DEBUG] pynetdicom.dsutils - pydicom.read_dataset() TransferSyntax="Little Endian Implicit"
2026-10-05 08:06:38,864 [INFO] HealthPACS - Utility: Directory esistente verificata: G:\ArchiveRoot\1.2.840.113619.2.1075997
2026-10-05 08:06:38,866 [INFO] HealthPACS - Utility: Directory esistente verificata: G:\ArchiveRoot\1.2.840.113619.2.1075997\1.3.12.2.1107.5.1.7.123161.30000024073109044472200000734
2026-10-05 08:06:38,870 [INFO] HealthPACS - [InstancesRepo] Creata nuova istanza [SOP: 1.3.12.2.1107.5.1.7.123161.30000024073109044472200003804]
2026-10-05 08:06:38,872 [INFO] HealthPACS - C-STORE: Salvata Istanza [ID: 6282, SOP: 1.3.12.2.1107.5.1.7.123161.30000024073109044472200003804] | Dim: 528812 B | Path: G:\ArchiveRoot\1.2.840.113619.2.1075997\1.3.12.2.1107.5.1.7.123161.30000024073109044472200000734\1.3.12.2.1107.5.1.7.123161.30000024073109044472200003804.dcm
2026-10-05 08:06:38,928 [DEBUG] pynetdicom.dsutils - pydicom.read_dataset() TransferSyntax="Little Endian Implicit"
2026-10-05 08:06:38,930 [INFO] pynetdicom._handlers - Received Store Request
2026-10-05 08:06:38,931 [DEBUG] pynetdicom._handlers - ========================== INCOMING DIMSE MESSAGE ==========================
2026-10-05 08:06:38,931 [DEBUG] pynetdicom._handlers - Message Type                  : C-STORE RQ
2026-10-05 08:06:38,931 [DEBUG] pynetdicom._handlers - Presentation Context ID       : 21
2026-10-05 08:06:38,931 [DEBUG] pynetdicom._handlers - Message ID                    : 2185
2026-10-05 08:06:38,931 [DEBUG] pynetdicom._handlers - Affected SOP Class UID        : CT Image Storage
2026-10-05 08:06:38,931 [DEBUG] pynetdicom._handlers - Affected SOP Instance UID     : 1.3.12.2.1107.5.1.7.123161.30000024073109044472200003805
2026-10-05 08:06:38,931 [DEBUG] pynetdicom._handlers - Data Set                      : Present
2026-10-05 08:06:38,931 [DEBUG] pynetdicom._handlers - Priority                      : Medium
2026-10-05 08:06:38,931 [DEBUG] pynetdicom._handlers - ============================ END DIMSE MESSAGE =============================
2026-10-05 08:06:38,932 [DEBUG] pynetdicom.dsutils - pydicom.read_dataset() TransferSyntax="Little Endian Implicit"
2026-10-05 08:06:38,936 [INFO] HealthPACS - Utility: Directory esistente verificata: G:\ArchiveRoot\1.2.840.113619.2.1075997
2026-10-05 08:06:38,937 [INFO] HealthPACS - Utility: Directory esistente verificata: G:\ArchiveRoot\1.2.840.113619.2.1075997\1.3.12.2.1107.5.1.7.123161.30000024073109044472200000734
2026-10-05 08:06:38,941 [INFO] HealthPACS - [InstancesRepo] Creata nuova istanza [SOP: 1.3.12.2.1107.5.1.7.123161.30000024073109044472200003805]
2026-10-05 08:06:38,944 [INFO] HealthPACS - C-STORE: Salvata Istanza [ID: 6283, SOP: 1.3.12.2.1107.5.1.7.123161.30000024073109044472200003805] | Dim: 528812 B | Path: G:\ArchiveRoot\1.2.840.113619.2.1075997\1.3.12.2.1107.5.1.7.123161.30000024073109044472200000734\1.3.12.2.1107.5.1.7.123161.30000024073109044472200003805.dcm
2026-10-05 08:06:39,003 [DEBUG] pynetdicom.dsutils - pydicom.read_dataset() TransferSyntax="Little Endian Implicit"
2026-10-05 08:06:39,007 [INFO] pynetdicom._handlers - Received Store Request
2026-10-05 08:06:39,007 [DEBUG] pynetdicom._handlers - ========================== INCOMING DIMSE MESSAGE ==========================
2026-10-05 08:06:39,007 [DEBUG] pynetdicom._handlers - Message Type                  : C-STORE RQ
2026-10-05 08:06:39,007 [DEBUG] pynetdicom._handlers - Presentation Context ID       : 21
2026-10-05 08:06:39,007 [DEBUG] pynetdicom._handlers - Message ID                    : 2186
2026-10-05 08:06:39,008 [DEBUG] pynetdicom._handlers - Affected SOP Class UID        : CT Image Storage
2026-10-05 08:06:39,008 [DEBUG] pynetdicom._handlers - Affected SOP Instance UID     : 1.3.12.2.1107.5.1.7.123161.30000024073109044472200003806
2026-10-05 08:06:39,008 [DEBUG] pynetdicom._handlers - Data Set                      : Present
2026-10-05 08:06:39,008 [DEBUG] pynetdicom._handlers - Priority                      : Medium
2026-10-05 08:06:39,008 [DEBUG] pynetdicom._handlers - ============================ END DIMSE MESSAGE =============================
2026-10-05 08:06:39,008 [DEBUG] pynetdicom.dsutils - pydicom.read_dataset() TransferSyntax="Little Endian Implicit"
2026-10-05 08:06:39,012 [INFO] HealthPACS - Utility: Directory esistente verificata: G:\ArchiveRoot\1.2.840.113619.2.1075997
2026-10-05 08:06:39,013 [INFO] HealthPACS - Utility: Directory esistente verificata: G:\ArchiveRoot\1.2.840.113619.2.1075997\1.3.12.2.1107.5.1.7.123161.30000024073109044472200000734
2026-10-05 08:06:39,017 [INFO] HealthPACS - [InstancesRepo] Creata nuova istanza [SOP: 1.3.12.2.1107.5.1.7.123161.30000024073109044472200003806]
2026-10-05 08:06:39,020 [INFO] HealthPACS - C-STORE: Salvata Istanza [ID: 6284, SOP: 1.3.12.2.1107.5.1.7.123161.30000024073109044472200003806] | Dim: 528812 B | Path: G:\ArchiveRoot\1.2.840.113619.2.1075997\1.3.12.2.1107.5.1.7.123161.30000024073109044472200000734\1.3.12.2.1107.5.1.7.123161.30000024073109044472200003806.dcm
2026-10-05 08:06:39,087 [DEBUG] pynetdicom.dsutils - pydicom.read_dataset() TransferSyntax="Little Endian Implicit"
2026-10-05 08:06:39,088 [INFO] pynetdicom._handlers - Received Store Request
2026-10-05 08:06:39,089 [DEBUG] pynetdicom._handlers - ========================== INCOMING DIMSE MESSAGE ==========================
2026-10-05 08:06:39,089 [DEBUG] pynetdicom._handlers - Message Type                  : C-STORE RQ
2026-10-05 08:06:39,089 [DEBUG] pynetdicom._handlers - Presentation Context ID       : 21
2026-10-05 08:06:39,089 [DEBUG] pynetdicom._handlers - Message ID                    : 2187
2026-10-05 08:06:39,089 [DEBUG] pynetdicom._handlers - Affected SOP Class UID        : CT Image Storage
2026-10-05 08:06:39,089 [DEBUG] pynetdicom._handlers - Affected SOP Instance UID     : 1.3.12.2.1107.5.1.7.123161.30000024073109044472200003807
2026-10-05 08:06:39,089 [DEBUG] pynetdicom._handlers - Data Set                      : Present
2026-10-05 08:06:39,089 [DEBUG] pynetdicom._handlers - Priority                      : Medium
2026-10-05 08:06:39,089 [DEBUG] pynetdicom._handlers - ============================ END DIMSE MESSAGE =============================
2026-10-05 08:06:39,091 [DEBUG] pynetdicom.dsutils - pydicom.read_dataset() TransferSyntax="Little Endian Implicit"
2026-10-05 08:06:39,095 [INFO] HealthPACS - Utility: Directory esistente verificata: G:\ArchiveRoot\1.2.840.113619.2.1075997
2026-10-05 08:06:39,096 [INFO] HealthPACS - Utility: Directory esistente verificata: G:\ArchiveRoot\1.2.840.113619.2.1075997\1.3.12.2.1107.5.1.7.123161.30000024073109044472200000734
2026-10-05 08:06:39,100 [INFO] HealthPACS - [InstancesRepo] Creata nuova istanza [SOP: 1.3.12.2.1107.5.1.7.123161.30000024073109044472200003807]
2026-10-05 08:06:39,103 [INFO] HealthPACS - C-STORE: Salvata Istanza [ID: 6285, SOP: 1.3.12.2.1107.5.1.7.123161.30000024073109044472200003807] | Dim: 528812 B | Path: G:\ArchiveRoot\1.2.840.113619.2.1075997\1.3.12.2.1107.5.1.7.123161.30000024073109044472200000734\1.3.12.2.1107.5.1.7.123161.30000024073109044472200003807.dcm
2026-10-05 08:06:39,177 [DEBUG] pynetdicom.dsutils - pydicom.read_dataset() TransferSyntax="Little Endian Implicit"
2026-10-05 08:06:39,179 [INFO] pynetdicom._handlers - Received Store Request
2026-10-05 08:06:39,179 [DEBUG] pynetdicom._handlers - ========================== INCOMING DIMSE MESSAGE ==========================
2026-10-05 08:06:39,179 [DEBUG] pynetdicom._handlers - Message Type                  : C-STORE RQ
2026-10-05 08:06:39,179 [DEBUG] pynetdicom._handlers - Presentation Context ID       : 21
2026-10-05 08:06:39,179 [DEBUG] pynetdicom._handlers - Message ID                    : 2188
2026-10-05 08:06:39,179 [DEBUG] pynetdicom._handlers - Affected SOP Class UID        : CT Image Storage
2026-10-05 08:06:39,179 [DEBUG] pynetdicom._handlers - Affected SOP Instance UID     : 1.3.12.2.1107.5.1.7.123161.30000024073109044472200002666
2026-10-05 08:06:39,179 [DEBUG] pynetdicom._handlers - Data Set                      : Present
2026-10-05 08:06:39,180 [DEBUG] pynetdicom._handlers - Priority                      : Medium
2026-10-05 08:06:39,180 [DEBUG] pynetdicom._handlers - ============================ END DIMSE MESSAGE =============================
2026-10-05 08:06:39,181 [DEBUG] pynetdicom.dsutils - pydicom.read_dataset() TransferSyntax="Little Endian Implicit"
2026-10-05 08:06:39,184 [INFO] HealthPACS - Utility: Directory esistente verificata: G:\ArchiveRoot\1.2.840.113619.2.1075997
2026-10-05 08:06:39,185 [INFO] HealthPACS - Utility: Directory esistente verificata: G:\ArchiveRoot\1.2.840.113619.2.1075997\1.3.12.2.1107.5.1.7.123161.30000024073109044472200000734
2026-10-05 08:06:39,189 [INFO] HealthPACS - [InstancesRepo] Creata nuova istanza [SOP: 1.3.12.2.1107.5.1.7.123161.30000024073109044472200002666]
2026-10-05 08:06:39,193 [INFO] HealthPACS - C-STORE: Salvata Istanza [ID: 6286, SOP: 1.3.12.2.1107.5.1.7.123161.30000024073109044472200002666] | Dim: 528820 B | Path: G:\ArchiveRoot\1.2.840.113619.2.1075997\1.3.12.2.1107.5.1.7.123161.30000024073109044472200000734\1.3.12.2.1107.5.1.7.123161.30000024073109044472200002666.dcm
2026-10-05 08:06:39,270 [DEBUG] pynetdicom.dsutils - pydicom.read_dataset() TransferSyntax="Little Endian Implicit"
2026-10-05 08:06:39,272 [INFO] pynetdicom._handlers - Received Store Request
2026-10-05 08:06:39,272 [DEBUG] pynetdicom._handlers - ========================== INCOMING DIMSE MESSAGE ==========================
2026-10-05 08:06:39,272 [DEBUG] pynetdicom._handlers - Message Type                  : C-STORE RQ
2026-10-05 08:06:39,272 [DEBUG] pynetdicom._handlers - Presentation Context ID       : 21
2026-10-05 08:06:39,272 [DEBUG] pynetdicom._handlers - Message ID                    : 2189
2026-10-05 08:06:39,272 [DEBUG] pynetdicom._handlers - Affected SOP Class UID        : CT Image Storage
2026-10-05 08:06:39,272 [DEBUG] pynetdicom._handlers - Affected SOP Instance UID     : 1.3.12.2.1107.5.1.7.123161.30000024073109044472200003808
2026-10-05 08:06:39,273 [DEBUG] pynetdicom._handlers - Data Set                      : Present
2026-10-05 08:06:39,273 [DEBUG] pynetdicom._handlers - Priority                      : Medium
2026-10-05 08:06:39,273 [DEBUG] pynetdicom._handlers - ============================ END DIMSE MESSAGE =============================
2026-10-05 08:06:39,274 [DEBUG] pynetdicom.dsutils - pydicom.read_dataset() TransferSyntax="Little Endian Implicit"
2026-10-05 08:06:39,277 [INFO] HealthPACS - Utility: Directory esistente verificata: G:\ArchiveRoot\1.2.840.113619.2.1075997
2026-10-05 08:06:39,278 [INFO] HealthPACS - Utility: Directory esistente verificata: G:\ArchiveRoot\1.2.840.113619.2.1075997\1.3.12.2.1107.5.1.7.123161.30000024073109044472200000734
2026-10-05 08:06:39,282 [INFO] HealthPACS - [InstancesRepo] Creata nuova istanza [SOP: 1.3.12.2.1107.5.1.7.123161.30000024073109044472200003808]
2026-10-05 08:06:39,285 [INFO] HealthPACS - C-STORE: Salvata Istanza [ID: 6287, SOP: 1.3.12.2.1107.5.1.7.123161.30000024073109044472200003808] | Dim: 528812 B | Path: G:\ArchiveRoot\1.2.840.113619.2.1075997\1.3.12.2.1107.5.1.7.123161.30000024073109044472200000734\1.3.12.2.1107.5.1.7.123161.30000024073109044472200003808.dcm
2026-10-05 08:06:39,361 [DEBUG] pynetdicom.dsutils - pydicom.read_dataset() TransferSyntax="Little Endian Implicit"
2026-10-05 08:06:39,363 [INFO] pynetdicom._handlers - Received Store Request
2026-10-05 08:06:39,363 [DEBUG] pynetdicom._handlers - ========================== INCOMING DIMSE MESSAGE ==========================
2026-10-05 08:06:39,363 [DEBUG] pynetdicom._handlers - Message Type                  : C-STORE RQ
2026-10-05 08:06:39,363 [DEBUG] pynetdicom._handlers - Presentation Context ID       : 21
2026-10-05 08:06:39,363 [DEBUG] pynetdicom._handlers - Message ID                    : 2190
2026-10-05 08:06:39,363 [DEBUG] pynetdicom._handlers - Affected SOP Class UID        : CT Image Storage
2026-10-05 08:06:39,363 [DEBUG] pynetdicom._handlers - Affected SOP Instance UID     : 1.3.12.2.1107.5.1.7.123161.30000024073109044472200003809
2026-10-05 08:06:39,363 [DEBUG] pynetdicom._handlers - Data Set                      : Present
2026-10-05 08:06:39,364 [DEBUG] pynetdicom._handlers - Priority                      : Medium
2026-10-05 08:06:39,364 [DEBUG] pynetdicom._handlers - ============================ END DIMSE MESSAGE =============================
2026-10-05 08:06:39,364 [DEBUG] pynetdicom.dsutils - pydicom.read_dataset() TransferSyntax="Little Endian Implicit"
2026-10-05 08:06:39,367 [INFO] HealthPACS - Utility: Directory esistente verificata: G:\ArchiveRoot\1.2.840.113619.2.1075997
2026-10-05 08:06:39,369 [INFO] HealthPACS - Utility: Directory esistente verificata: G:\ArchiveRoot\1.2.840.113619.2.1075997\1.3.12.2.1107.5.1.7.123161.30000024073109044472200000734
2026-10-05 08:06:39,372 [INFO] HealthPACS - [InstancesRepo] Creata nuova istanza [SOP: 1.3.12.2.1107.5.1.7.123161.30000024073109044472200003809]
2026-10-05 08:06:39,378 [INFO] HealthPACS - C-STORE: Salvata Istanza [ID: 6288, SOP: 1.3.12.2.1107.5.1.7.123161.30000024073109044472200003809] | Dim: 528812 B | Path: G:\ArchiveRoot\1.2.840.113619.2.1075997\1.3.12.2.1107.5.1.7.123161.30000024073109044472200000734\1.3.12.2.1107.5.1.7.123161.30000024073109044472200003809.dcm
2026-10-05 08:06:39,467 [DEBUG] pynetdicom.dsutils - pydicom.read_dataset() TransferSyntax="Little Endian Implicit"
2026-10-05 08:06:39,469 [INFO] pynetdicom._handlers - Received Store Request
2026-10-05 08:06:39,469 [DEBUG] pynetdicom._handlers - ========================== INCOMING DIMSE MESSAGE ==========================
2026-10-05 08:06:39,469 [DEBUG] pynetdicom._handlers - Message Type                  : C-STORE RQ
2026-10-05 08:06:39,469 [DEBUG] pynetdicom._handlers - Presentation Context ID       : 21
2026-10-05 08:06:39,470 [DEBUG] pynetdicom._handlers - Message ID                    : 2191
2026-10-05 08:06:39,470 [DEBUG] pynetdicom._handlers - Affected SOP Class UID        : CT Image Storage
2026-10-05 08:06:39,470 [DEBUG] pynetdicom._handlers - Affected SOP Instance UID     : 1.3.12.2.1107.5.1.7.123161.30000024073109044472200003810
2026-10-05 08:06:39,470 [DEBUG] pynetdicom._handlers - Data Set                      : Present
2026-10-05 08:06:39,470 [DEBUG] pynetdicom._handlers - Priority                      : Medium
2026-10-05 08:06:39,470 [DEBUG] pynetdicom._handlers - ============================ END DIMSE MESSAGE =============================
2026-10-05 08:06:39,471 [DEBUG] pynetdicom.dsutils - pydicom.read_dataset() TransferSyntax="Little Endian Implicit"
2026-10-05 08:06:39,476 [INFO] HealthPACS - Utility: Directory esistente verificata: G:\ArchiveRoot\1.2.840.113619.2.1075997
2026-10-05 08:06:39,477 [INFO] HealthPACS - Utility: Directory esistente verificata: G:\ArchiveRoot\1.2.840.113619.2.1075997\1.3.12.2.1107.5.1.7.123161.30000024073109044472200000734
2026-10-05 08:06:39,481 [INFO] HealthPACS - [InstancesRepo] Creata nuova istanza [SOP: 1.3.12.2.1107.5.1.7.123161.30000024073109044472200003810]
2026-10-05 08:06:39,484 [INFO] HealthPACS - C-STORE: Salvata Istanza [ID: 6289, SOP: 1.3.12.2.1107.5.1.7.123161.30000024073109044472200003810] | Dim: 528812 B | Path: G:\ArchiveRoot\1.2.840.113619.2.1075997\1.3.12.2.1107.5.1.7.123161.30000024073109044472200000734\1.3.12.2.1107.5.1.7.123161.30000024073109044472200003810.dcm
2026-10-05 08:06:39,573 [DEBUG] pynetdicom.dsutils - pydicom.read_dataset() TransferSyntax="Little Endian Implicit"
2026-10-05 08:06:39,880 [INFO] pynetdicom._handlers - Received Store Request
2026-10-05 08:06:39,881 [DEBUG] pynetdicom._handlers - ========================== INCOMING DIMSE MESSAGE ==========================
2026-10-05 08:06:39,881 [DEBUG] pynetdicom._handlers - Message Type                  : C-STORE RQ
2026-10-05 08:06:39,881 [DEBUG] pynetdicom._handlers - Presentation Context ID       : 21
2026-10-05 08:06:39,881 [DEBUG] pynetdicom._handlers - Message ID                    : 2192
2026-10-05 08:06:39,881 [DEBUG] pynetdicom._handlers - Affected SOP Class UID        : CT Image Storage
2026-10-05 08:06:39,882 [DEBUG] pynetdicom._handlers - Affected SOP Instance UID     : 1.3.12.2.1107.5.1.7.123161.30000024073109044472200003811
2026-10-05 08:06:39,882 [DEBUG] pynetdicom._handlers - Data Set                      : Present
2026-10-05 08:06:39,882 [DEBUG] pynetdicom._handlers - Priority                      : Medium
2026-10-05 08:06:39,882 [DEBUG] pynetdicom._handlers - ============================ END DIMSE MESSAGE =============================
2026-10-05 08:06:39,884 [DEBUG] pynetdicom.dsutils - pydicom.read_dataset() TransferSyntax="Little Endian Implicit"
2026-10-05 08:06:39,886 [INFO] HealthPACS - Utility: Directory esistente verificata: G:\ArchiveRoot\1.2.840.113619.2.1075997
2026-10-05 08:06:39,888 [INFO] HealthPACS - Utility: Directory esistente verificata: G:\ArchiveRoot\1.2.840.113619.2.1075997\1.3.12.2.1107.5.1.7.123161.30000024073109044472200000734
2026-10-05 08:06:39,891 [INFO] HealthPACS - [InstancesRepo] Creata nuova istanza [SOP: 1.3.12.2.1107.5.1.7.123161.30000024073109044472200003811]
2026-10-05 08:06:39,893 [INFO] HealthPACS - C-STORE: Salvata Istanza [ID: 6290, SOP: 1.3.12.2.1107.5.1.7.123161.30000024073109044472200003811] | Dim: 528812 B | Path: G:\ArchiveRoot\1.2.840.113619.2.1075997\1.3.12.2.1107.5.1.7.123161.30000024073109044472200000734\1.3.12.2.1107.5.1.7.123161.30000024073109044472200003811.dcm
2026-10-05 08:06:39,973 [DEBUG] pynetdicom.dsutils - pydicom.read_dataset() TransferSyntax="Little Endian Implicit"
2026-10-05 08:06:39,975 [INFO] pynetdicom._handlers - Received Store Request
2026-10-05 08:06:39,975 [DEBUG] pynetdicom._handlers - ========================== INCOMING DIMSE MESSAGE ==========================
2026-10-05 08:06:39,975 [DEBUG] pynetdicom._handlers - Message Type                  : C-STORE RQ
2026-10-05 08:06:39,975 [DEBUG] pynetdicom._handlers - Presentation Context ID       : 21
2026-10-05 08:06:39,975 [DEBUG] pynetdicom._handlers - Message ID                    : 2193
2026-10-05 08:06:39,975 [DEBUG] pynetdicom._handlers - Affected SOP Class UID        : CT Image Storage
2026-10-05 08:06:39,976 [DEBUG] pynetdicom._handlers - Affected SOP Instance UID     : 1.3.12.2.1107.5.1.7.123161.30000024073109044472200003812
2026-10-05 08:06:39,976 [DEBUG] pynetdicom._handlers - Data Set                      : Present
2026-10-05 08:06:39,976 [DEBUG] pynetdicom._handlers - Priority                      : Medium
2026-10-05 08:06:39,976 [DEBUG] pynetdicom._handlers - ============================ END DIMSE MESSAGE =============================
2026-10-05 08:06:39,977 [DEBUG] pynetdicom.dsutils - pydicom.read_dataset() TransferSyntax="Little Endian Implicit"
2026-10-05 08:06:39,980 [INFO] HealthPACS - Utility: Directory esistente verificata: G:\ArchiveRoot\1.2.840.113619.2.1075997
2026-10-05 08:06:39,982 [INFO] HealthPACS - Utility: Directory esistente verificata: G:\ArchiveRoot\1.2.840.113619.2.1075997\1.3.12.2.1107.5.1.7.123161.30000024073109044472200000734
2026-10-05 08:06:39,985 [INFO] HealthPACS - [InstancesRepo] Creata nuova istanza [SOP: 1.3.12.2.1107.5.1.7.123161.30000024073109044472200003812]
2026-10-05 08:06:39,988 [INFO] HealthPACS - C-STORE: Salvata Istanza [ID: 6291, SOP: 1.3.12.2.1107.5.1.7.123161.30000024073109044472200003812] | Dim: 528812 B | Path: G:\ArchiveRoot\1.2.840.113619.2.1075997\1.3.12.2.1107.5.1.7.123161.30000024073109044472200000734\1.3.12.2.1107.5.1.7.123161.30000024073109044472200003812.dcm
2026-10-05 08:06:40,072 [DEBUG] pynetdicom.dsutils - pydicom.read_dataset() TransferSyntax="Little Endian Implicit"
2026-10-05 08:06:40,074 [INFO] pynetdicom._handlers - Received Store Request
2026-10-05 08:06:40,074 [DEBUG] pynetdicom._handlers - ========================== INCOMING DIMSE MESSAGE ==========================
2026-10-05 08:06:40,074 [DEBUG] pynetdicom._handlers - Message Type                  : C-STORE RQ
2026-10-05 08:06:40,074 [DEBUG] pynetdicom._handlers - Presentation Context ID       : 21
2026-10-05 08:06:40,074 [DEBUG] pynetdicom._handlers - Message ID                    : 2194
2026-10-05 08:06:40,074 [DEBUG] pynetdicom._handlers - Affected SOP Class UID        : CT Image Storage
2026-10-05 08:06:40,074 [DEBUG] pynetdicom._handlers - Affected SOP Instance UID     : 1.3.12.2.1107.5.1.7.123161.30000024073109044472200003813
2026-10-05 08:06:40,074 [DEBUG] pynetdicom._handlers - Data Set                      : Present
2026-10-05 08:06:40,074 [DEBUG] pynetdicom._handlers - Priority                      : Medium
2026-10-05 08:06:40,074 [DEBUG] pynetdicom._handlers - ============================ END DIMSE MESSAGE =============================
2026-10-05 08:06:40,075 [DEBUG] pynetdicom.dsutils - pydicom.read_dataset() TransferSyntax="Little Endian Implicit"
2026-10-05 08:06:40,078 [INFO] HealthPACS - Utility: Directory esistente verificata: G:\ArchiveRoot\1.2.840.113619.2.1075997
2026-10-05 08:06:40,079 [INFO] HealthPACS - Utility: Directory esistente verificata: G:\ArchiveRoot\1.2.840.113619.2.1075997\1.3.12.2.1107.5.1.7.123161.30000024073109044472200000734
2026-10-05 08:06:40,083 [INFO] HealthPACS - [InstancesRepo] Creata nuova istanza [SOP: 1.3.12.2.1107.5.1.7.123161.30000024073109044472200003813]
2026-10-05 08:06:40,086 [INFO] HealthPACS - C-STORE: Salvata Istanza [ID: 6292, SOP: 1.3.12.2.1107.5.1.7.123161.30000024073109044472200003813] | Dim: 528812 B | Path: G:\ArchiveRoot\1.2.840.113619.2.1075997\1.3.12.2.1107.5.1.7.123161.30000024073109044472200000734\1.3.12.2.1107.5.1.7.123161.30000024073109044472200003813.dcm
2026-10-05 08:06:40,175 [DEBUG] pynetdicom.dsutils - pydicom.read_dataset() TransferSyntax="Little Endian Implicit"
2026-10-05 08:06:40,176 [INFO] pynetdicom._handlers - Received Store Request
2026-10-05 08:06:40,177 [DEBUG] pynetdicom._handlers - ========================== INCOMING DIMSE MESSAGE ==========================
2026-10-05 08:06:40,177 [DEBUG] pynetdicom._handlers - Message Type                  : C-STORE RQ
2026-10-05 08:06:40,177 [DEBUG] pynetdicom._handlers - Presentation Context ID       : 21
2026-10-05 08:06:40,177 [DEBUG] pynetdicom._handlers - Message ID                    : 2195
2026-10-05 08:06:40,177 [DEBUG] pynetdicom._handlers - Affected SOP Class UID        : CT Image Storage
2026-10-05 08:06:40,177 [DEBUG] pynetdicom._handlers - Affected SOP Instance UID     : 1.3.12.2.1107.5.1.7.123161.30000024073109044472200003814
2026-10-05 08:06:40,177 [DEBUG] pynetdicom._handlers - Data Set                      : Present
2026-10-05 08:06:40,177 [DEBUG] pynetdicom._handlers - Priority                      : Medium
2026-10-05 08:06:40,177 [DEBUG] pynetdicom._handlers - ============================ END DIMSE MESSAGE =============================
2026-10-05 08:06:40,179 [DEBUG] pynetdicom.dsutils - pydicom.read_dataset() TransferSyntax="Little Endian Implicit"
2026-10-05 08:06:40,182 [INFO] HealthPACS - Utility: Directory esistente verificata: G:\ArchiveRoot\1.2.840.113619.2.1075997
2026-10-05 08:06:40,183 [INFO] HealthPACS - Utility: Directory esistente verificata: G:\ArchiveRoot\1.2.840.113619.2.1075997\1.3.12.2.1107.5.1.7.123161.30000024073109044472200000734
2026-10-05 08:06:40,186 [INFO] HealthPACS - [InstancesRepo] Creata nuova istanza [SOP: 1.3.12.2.1107.5.1.7.123161.30000024073109044472200003814]
2026-10-05 08:06:40,189 [INFO] HealthPACS - C-STORE: Salvata Istanza [ID: 6293, SOP: 1.3.12.2.1107.5.1.7.123161.30000024073109044472200003814] | Dim: 528812 B | Path: G:\ArchiveRoot\1.2.840.113619.2.1075997\1.3.12.2.1107.5.1.7.123161.30000024073109044472200000734\1.3.12.2.1107.5.1.7.123161.30000024073109044472200003814.dcm
2026-10-05 08:06:40,279 [DEBUG] pynetdicom.dsutils - pydicom.read_dataset() TransferSyntax="Little Endian Implicit"
2026-10-05 08:06:40,281 [INFO] pynetdicom._handlers - Received Store Request
2026-10-05 08:06:40,281 [DEBUG] pynetdicom._handlers - ========================== INCOMING DIMSE MESSAGE ==========================
2026-10-05 08:06:40,281 [DEBUG] pynetdicom._handlers - Message Type                  : C-STORE RQ
2026-10-05 08:06:40,281 [DEBUG] pynetdicom._handlers - Presentation Context ID       : 21
2026-10-05 08:06:40,281 [DEBUG] pynetdicom._handlers - Message ID                    : 2196
2026-10-05 08:06:40,282 [DEBUG] pynetdicom._handlers - Affected SOP Class UID        : CT Image Storage
2026-10-05 08:06:40,282 [DEBUG] pynetdicom._handlers - Affected SOP Instance UID     : 1.3.12.2.1107.5.1.7.123161.30000024073109044472200003815
2026-10-05 08:06:40,282 [DEBUG] pynetdicom._handlers - Data Set                      : Present
2026-10-05 08:06:40,282 [DEBUG] pynetdicom._handlers - Priority                      : Medium
2026-10-05 08:06:40,282 [DEBUG] pynetdicom._handlers - ============================ END DIMSE MESSAGE =============================
2026-10-05 08:06:40,282 [DEBUG] pynetdicom.dsutils - pydicom.read_dataset() TransferSyntax="Little Endian Implicit"
2026-10-05 08:06:40,285 [INFO] HealthPACS - Utility: Directory esistente verificata: G:\ArchiveRoot\1.2.840.113619.2.1075997
2026-10-05 08:06:40,287 [INFO] HealthPACS - Utility: Directory esistente verificata: G:\ArchiveRoot\1.2.840.113619.2.1075997\1.3.12.2.1107.5.1.7.123161.30000024073109044472200000734
2026-10-05 08:06:40,290 [INFO] HealthPACS - [InstancesRepo] Creata nuova istanza [SOP: 1.3.12.2.1107.5.1.7.123161.30000024073109044472200003815]
2026-10-05 08:06:40,293 [INFO] HealthPACS - C-STORE: Salvata Istanza [ID: 6294, SOP: 1.3.12.2.1107.5.1.7.123161.30000024073109044472200003815] | Dim: 528812 B | Path: G:\ArchiveRoot\1.2.840.113619.2.1075997\1.3.12.2.1107.5.1.7.123161.30000024073109044472200000734\1.3.12.2.1107.5.1.7.123161.30000024073109044472200003815.dcm
2026-10-05 08:06:40,316 [DEBUG] pynetdicom.dsutils - pydicom.read_dataset() TransferSyntax="Little Endian Implicit"
2026-10-05 08:06:40,317 [INFO] pynetdicom._handlers - Received Store Request
2026-10-05 08:06:40,318 [DEBUG] pynetdicom._handlers - ========================== INCOMING DIMSE MESSAGE ==========================
2026-10-05 08:06:40,318 [DEBUG] pynetdicom._handlers - Message Type                  : C-STORE RQ
2026-10-05 08:06:40,318 [DEBUG] pynetdicom._handlers - Presentation Context ID       : 21
2026-10-05 08:06:40,318 [DEBUG] pynetdicom._handlers - Message ID                    : 2197
2026-10-05 08:06:40,318 [DEBUG] pynetdicom._handlers - Affected SOP Class UID        : CT Image Storage
2026-10-05 08:06:40,318 [DEBUG] pynetdicom._handlers - Affected SOP Instance UID     : 1.3.12.2.1107.5.1.7.123161.30000024073109044472200003816
2026-10-05 08:06:40,318 [DEBUG] pynetdicom._handlers - Data Set                      : Present
2026-10-05 08:06:40,318 [DEBUG] pynetdicom._handlers - Priority                      : Medium
2026-10-05 08:06:40,318 [DEBUG] pynetdicom._handlers - ============================ END DIMSE MESSAGE =============================
2026-10-05 08:06:40,320 [DEBUG] pynetdicom.dsutils - pydicom.read_dataset() TransferSyntax="Little Endian Implicit"
2026-10-05 08:06:40,323 [INFO] HealthPACS - Utility: Directory esistente verificata: G:\ArchiveRoot\1.2.840.113619.2.1075997
2026-10-05 08:06:40,324 [INFO] HealthPACS - Utility: Directory esistente verificata: G:\ArchiveRoot\1.2.840.113619.2.1075997\1.3.12.2.1107.5.1.7.123161.30000024073109044472200000734
2026-10-05 08:06:40,328 [INFO] HealthPACS - [InstancesRepo] Creata nuova istanza [SOP: 1.3.12.2.1107.5.1.7.123161.30000024073109044472200003816]
2026-10-05 08:06:40,331 [INFO] HealthPACS - C-STORE: Salvata Istanza [ID: 6295, SOP: 1.3.12.2.1107.5.1.7.123161.30000024073109044472200003816] | Dim: 528812 B | Path: G:\ArchiveRoot\1.2.840.113619.2.1075997\1.3.12.2.1107.5.1.7.123161.30000024073109044472200000734\1.3.12.2.1107.5.1.7.123161.30000024073109044472200003816.dcm
2026-10-05 08:06:40,359 [DEBUG] pynetdicom.dsutils - pydicom.read_dataset() TransferSyntax="Little Endian Implicit"
2026-10-05 08:06:40,361 [INFO] pynetdicom._handlers - Received Store Request
2026-10-05 08:06:40,361 [DEBUG] pynetdicom._handlers - ========================== INCOMING DIMSE MESSAGE ==========================
2026-10-05 08:06:40,361 [DEBUG] pynetdicom._handlers - Message Type                  : C-STORE RQ
2026-10-05 08:06:40,361 [DEBUG] pynetdicom._handlers - Presentation Context ID       : 21
2026-10-05 08:06:40,361 [DEBUG] pynetdicom._handlers - Message ID                    : 2198
2026-10-05 08:06:40,361 [DEBUG] pynetdicom._handlers - Affected SOP Class UID        : CT Image Storage
2026-10-05 08:06:40,362 [DEBUG] pynetdicom._handlers - Affected SOP Instance UID     : 1.3.12.2.1107.5.1.7.123161.30000024073109044472200003817
2026-10-05 08:06:40,362 [DEBUG] pynetdicom._handlers - Data Set                      : Present
2026-10-05 08:06:40,362 [DEBUG] pynetdicom._handlers - Priority                      : Medium
2026-10-05 08:06:40,362 [DEBUG] pynetdicom._handlers - ============================ END DIMSE MESSAGE =============================
2026-10-05 08:06:40,362 [DEBUG] pynetdicom.dsutils - pydicom.read_dataset() TransferSyntax="Little Endian Implicit"
2026-10-05 08:06:40,365 [INFO] HealthPACS - Utility: Directory esistente verificata: G:\ArchiveRoot\1.2.840.113619.2.1075997
2026-10-05 08:06:40,367 [INFO] HealthPACS - Utility: Directory esistente verificata: G:\ArchiveRoot\1.2.840.113619.2.1075997\1.3.12.2.1107.5.1.7.123161.30000024073109044472200000734
2026-10-05 08:06:40,370 [INFO] HealthPACS - [InstancesRepo] Creata nuova istanza [SOP: 1.3.12.2.1107.5.1.7.123161.30000024073109044472200003817]
2026-10-05 08:06:40,373 [INFO] HealthPACS - C-STORE: Salvata Istanza [ID: 6296, SOP: 1.3.12.2.1107.5.1.7.123161.30000024073109044472200003817] | Dim: 528812 B | Path: G:\ArchiveRoot\1.2.840.113619.2.1075997\1.3.12.2.1107.5.1.7.123161.30000024073109044472200000734\1.3.12.2.1107.5.1.7.123161.30000024073109044472200003817.dcm
2026-10-05 08:06:40,405 [DEBUG] pynetdicom.dsutils - pydicom.read_dataset() TransferSyntax="Little Endian Implicit"
2026-10-05 08:06:40,407 [INFO] pynetdicom._handlers - Received Store Request
2026-10-05 08:06:40,407 [DEBUG] pynetdicom._handlers - ========================== INCOMING DIMSE MESSAGE ==========================
2026-10-05 08:06:40,407 [DEBUG] pynetdicom._handlers - Message Type                  : C-STORE RQ
2026-10-05 08:06:40,408 [DEBUG] pynetdicom._handlers - Presentation Context ID       : 21
2026-10-05 08:06:40,408 [DEBUG] pynetdicom._handlers - Message ID                    : 2199
2026-10-05 08:06:40,408 [DEBUG] pynetdicom._handlers - Affected SOP Class UID        : CT Image Storage
2026-10-05 08:06:40,408 [DEBUG] pynetdicom._handlers - Affected SOP Instance UID     : 1.3.12.2.1107.5.1.7.123161.30000024073109044472200002667
2026-10-05 08:06:40,408 [DEBUG] pynetdicom._handlers - Data Set                      : Present
2026-10-05 08:06:40,408 [DEBUG] pynetdicom._handlers - Priority                      : Medium
2026-10-05 08:06:40,408 [DEBUG] pynetdicom._handlers - ============================ END DIMSE MESSAGE =============================
2026-10-05 08:06:40,409 [DEBUG] pynetdicom.dsutils - pydicom.read_dataset() TransferSyntax="Little Endian Implicit"
2026-10-05 08:06:40,412 [INFO] HealthPACS - Utility: Directory esistente verificata: G:\ArchiveRoot\1.2.840.113619.2.1075997
2026-10-05 08:06:40,414 [INFO] HealthPACS - Utility: Directory esistente verificata: G:\ArchiveRoot\1.2.840.113619.2.1075997\1.3.12.2.1107.5.1.7.123161.30000024073109044472200000734
2026-10-05 08:06:40,418 [INFO] HealthPACS - [InstancesRepo] Creata nuova istanza [SOP: 1.3.12.2.1107.5.1.7.123161.30000024073109044472200002667]
2026-10-05 08:06:40,420 [INFO] HealthPACS - C-STORE: Salvata Istanza [ID: 6297, SOP: 1.3.12.2.1107.5.1.7.123161.30000024073109044472200002667] | Dim: 528820 B | Path: G:\ArchiveRoot\1.2.840.113619.2.1075997\1.3.12.2.1107.5.1.7.123161.30000024073109044472200000734\1.3.12.2.1107.5.1.7.123161.30000024073109044472200002667.dcm
2026-10-05 08:06:40,454 [DEBUG] pynetdicom.dsutils - pydicom.read_dataset() TransferSyntax="Little Endian Implicit"
2026-10-05 08:06:40,457 [INFO] pynetdicom._handlers - Received Store Request
2026-10-05 08:06:40,457 [DEBUG] pynetdicom._handlers - ========================== INCOMING DIMSE MESSAGE ==========================
2026-10-05 08:06:40,457 [DEBUG] pynetdicom._handlers - Message Type                  : C-STORE RQ
2026-10-05 08:06:40,457 [DEBUG] pynetdicom._handlers - Presentation Context ID       : 21
2026-10-05 08:06:40,458 [DEBUG] pynetdicom._handlers - Message ID                    : 2200
2026-10-05 08:06:40,458 [DEBUG] pynetdicom._handlers - Affected SOP Class UID        : CT Image Storage
2026-10-05 08:06:40,458 [DEBUG] pynetdicom._handlers - Affected SOP Instance UID     : 1.3.12.2.1107.5.1.7.123161.30000024073109044472200003818
2026-10-05 08:06:40,458 [DEBUG] pynetdicom._handlers - Data Set                      : Present
2026-10-05 08:06:40,458 [DEBUG] pynetdicom._handlers - Priority                      : Medium
2026-10-05 08:06:40,458 [DEBUG] pynetdicom._handlers - ============================ END DIMSE MESSAGE =============================
2026-10-05 08:06:40,459 [DEBUG] pynetdicom.dsutils - pydicom.read_dataset() TransferSyntax="Little Endian Implicit"
2026-10-05 08:06:40,464 [INFO] HealthPACS - Utility: Directory esistente verificata: G:\ArchiveRoot\1.2.840.113619.2.1075997
2026-10-05 08:06:40,465 [INFO] HealthPACS - Utility: Directory esistente verificata: G:\ArchiveRoot\1.2.840.113619.2.1075997\1.3.12.2.1107.5.1.7.123161.30000024073109044472200000734
2026-10-05 08:06:40,469 [INFO] HealthPACS - [InstancesRepo] Creata nuova istanza [SOP: 1.3.12.2.1107.5.1.7.123161.30000024073109044472200003818]
2026-10-05 08:06:40,472 [INFO] HealthPACS - C-STORE: Salvata Istanza [ID: 6298, SOP: 1.3.12.2.1107.5.1.7.123161.30000024073109044472200003818] | Dim: 528812 B | Path: G:\ArchiveRoot\1.2.840.113619.2.1075997\1.3.12.2.1107.5.1.7.123161.30000024073109044472200000734\1.3.12.2.1107.5.1.7.123161.30000024073109044472200003818.dcm
2026-10-05 08:06:40,513 [DEBUG] pynetdicom.dsutils - pydicom.read_dataset() TransferSyntax="Little Endian Implicit"
2026-10-05 08:06:40,516 [INFO] pynetdicom._handlers - Received Store Request
2026-10-05 08:06:40,516 [DEBUG] pynetdicom._handlers - ========================== INCOMING DIMSE MESSAGE ==========================
2026-10-05 08:06:40,516 [DEBUG] pynetdicom._handlers - Message Type                  : C-STORE RQ
2026-10-05 08:06:40,516 [DEBUG] pynetdicom._handlers - Presentation Context ID       : 21
2026-10-05 08:06:40,516 [DEBUG] pynetdicom._handlers - Message ID                    : 2201
2026-10-05 08:06:40,516 [DEBUG] pynetdicom._handlers - Affected SOP Class UID        : CT Image Storage
2026-10-05 08:06:40,517 [DEBUG] pynetdicom._handlers - Affected SOP Instance UID     : 1.3.12.2.1107.5.1.7.123161.30000024073109044472200003819
2026-10-05 08:06:40,517 [DEBUG] pynetdicom._handlers - Data Set                      : Present
2026-10-05 08:06:40,517 [DEBUG] pynetdicom._handlers - Priority                      : Medium
2026-10-05 08:06:40,517 [DEBUG] pynetdicom._handlers - ============================ END DIMSE MESSAGE =============================
2026-10-05 08:06:40,518 [DEBUG] pynetdicom.dsutils - pydicom.read_dataset() TransferSyntax="Little Endian Implicit"
2026-10-05 08:06:40,521 [INFO] HealthPACS - Utility: Directory esistente verificata: G:\ArchiveRoot\1.2.840.113619.2.1075997
2026-10-05 08:06:40,523 [INFO] HealthPACS - Utility: Directory esistente verificata: G:\ArchiveRoot\1.2.840.113619.2.1075997\1.3.12.2.1107.5.1.7.123161.30000024073109044472200000734
2026-10-05 08:06:40,527 [INFO] HealthPACS - [InstancesRepo] Creata nuova istanza [SOP: 1.3.12.2.1107.5.1.7.123161.30000024073109044472200003819]
2026-10-05 08:06:40,530 [INFO] HealthPACS - C-STORE: Salvata Istanza [ID: 6299, SOP: 1.3.12.2.1107.5.1.7.123161.30000024073109044472200003819] | Dim: 528812 B | Path: G:\ArchiveRoot\1.2.840.113619.2.1075997\1.3.12.2.1107.5.1.7.123161.30000024073109044472200000734\1.3.12.2.1107.5.1.7.123161.30000024073109044472200003819.dcm
2026-10-05 08:06:40,576 [DEBUG] pynetdicom.dsutils - pydicom.read_dataset() TransferSyntax="Little Endian Implicit"
2026-10-05 08:06:40,579 [INFO] pynetdicom._handlers - Received Store Request
2026-10-05 08:06:40,579 [DEBUG] pynetdicom._handlers - ========================== INCOMING DIMSE MESSAGE ==========================
2026-10-05 08:06:40,579 [DEBUG] pynetdicom._handlers - Message Type                  : C-STORE RQ
2026-10-05 08:06:40,579 [DEBUG] pynetdicom._handlers - Presentation Context ID       : 21
2026-10-05 08:06:40,579 [DEBUG] pynetdicom._handlers - Message ID                    : 2202
2026-10-05 08:06:40,579 [DEBUG] pynetdicom._handlers - Affected SOP Class UID        : CT Image Storage
2026-10-05 08:06:40,579 [DEBUG] pynetdicom._handlers - Affected SOP Instance UID     : 1.3.12.2.1107.5.1.7.123161.30000024073109044472200003820
2026-10-05 08:06:40,580 [DEBUG] pynetdicom._handlers - Data Set                      : Present
2026-10-05 08:06:40,580 [DEBUG] pynetdicom._handlers - Priority                      : Medium
2026-10-05 08:06:40,580 [DEBUG] pynetdicom._handlers - ============================ END DIMSE MESSAGE =============================
2026-10-05 08:06:40,580 [DEBUG] pynetdicom.dsutils - pydicom.read_dataset() TransferSyntax="Little Endian Implicit"
2026-10-05 08:06:40,583 [INFO] HealthPACS - Utility: Directory esistente verificata: G:\ArchiveRoot\1.2.840.113619.2.1075997
2026-10-05 08:06:40,585 [INFO] HealthPACS - Utility: Directory esistente verificata: G:\ArchiveRoot\1.2.840.113619.2.1075997\1.3.12.2.1107.5.1.7.123161.30000024073109044472200000734
2026-10-05 08:06:40,588 [INFO] HealthPACS - [InstancesRepo] Creata nuova istanza [SOP: 1.3.12.2.1107.5.1.7.123161.30000024073109044472200003820]
2026-10-05 08:06:40,591 [INFO] HealthPACS - C-STORE: Salvata Istanza [ID: 6300, SOP: 1.3.12.2.1107.5.1.7.123161.30000024073109044472200003820] | Dim: 528812 B | Path: G:\ArchiveRoot\1.2.840.113619.2.1075997\1.3.12.2.1107.5.1.7.123161.30000024073109044472200000734\1.3.12.2.1107.5.1.7.123161.30000024073109044472200003820.dcm
2026-10-05 08:06:40,641 [DEBUG] pynetdicom.dsutils - pydicom.read_dataset() TransferSyntax="Little Endian Implicit"
2026-10-05 08:06:40,644 [INFO] pynetdicom._handlers - Received Store Request
2026-10-05 08:06:40,644 [DEBUG] pynetdicom._handlers - ========================== INCOMING DIMSE MESSAGE ==========================
2026-10-05 08:06:40,645 [DEBUG] pynetdicom._handlers - Message Type                  : C-STORE RQ
2026-10-05 08:06:40,645 [DEBUG] pynetdicom._handlers - Presentation Context ID       : 21
2026-10-05 08:06:40,645 [DEBUG] pynetdicom._handlers - Message ID                    : 2203
2026-10-05 08:06:40,645 [DEBUG] pynetdicom._handlers - Affected SOP Class UID        : CT Image Storage
2026-10-05 08:06:40,645 [DEBUG] pynetdicom._handlers - Affected SOP Instance UID     : 1.3.12.2.1107.5.1.7.123161.30000024073109044472200003821
2026-10-05 08:06:40,645 [DEBUG] pynetdicom._handlers - Data Set                      : Present
2026-10-05 08:06:40,645 [DEBUG] pynetdicom._handlers - Priority                      : Medium
2026-10-05 08:06:40,645 [DEBUG] pynetdicom._handlers - ============================ END DIMSE MESSAGE =============================
2026-10-05 08:06:40,647 [DEBUG] pynetdicom.dsutils - pydicom.read_dataset() TransferSyntax="Little Endian Implicit"
2026-10-05 08:06:40,650 [INFO] HealthPACS - Utility: Directory esistente verificata: G:\ArchiveRoot\1.2.840.113619.2.1075997
2026-10-05 08:06:40,651 [INFO] HealthPACS - Utility: Directory esistente verificata: G:\ArchiveRoot\1.2.840.113619.2.1075997\1.3.12.2.1107.5.1.7.123161.30000024073109044472200000734
2026-10-05 08:06:40,655 [INFO] HealthPACS - [InstancesRepo] Creata nuova istanza [SOP: 1.3.12.2.1107.5.1.7.123161.30000024073109044472200003821]
2026-10-05 08:06:40,659 [INFO] HealthPACS - C-STORE: Salvata Istanza [ID: 6301, SOP: 1.3.12.2.1107.5.1.7.123161.30000024073109044472200003821] | Dim: 528812 B | Path: G:\ArchiveRoot\1.2.840.113619.2.1075997\1.3.12.2.1107.5.1.7.123161.30000024073109044472200000734\1.3.12.2.1107.5.1.7.123161.30000024073109044472200003821.dcm
2026-10-05 08:06:40,715 [DEBUG] pynetdicom.dsutils - pydicom.read_dataset() TransferSyntax="Little Endian Implicit"
2026-10-05 08:06:40,716 [INFO] pynetdicom._handlers - Received Store Request
2026-10-05 08:06:40,717 [DEBUG] pynetdicom._handlers - ========================== INCOMING DIMSE MESSAGE ==========================
2026-10-05 08:06:40,717 [DEBUG] pynetdicom._handlers - Message Type                  : C-STORE RQ
2026-10-05 08:06:40,717 [DEBUG] pynetdicom._handlers - Presentation Context ID       : 21
2026-10-05 08:06:40,717 [DEBUG] pynetdicom._handlers - Message ID                    : 2204
2026-10-05 08:06:40,717 [DEBUG] pynetdicom._handlers - Affected SOP Class UID        : CT Image Storage
2026-10-05 08:06:40,718 [DEBUG] pynetdicom._handlers - Affected SOP Instance UID     : 1.3.12.2.1107.5.1.7.123161.30000024073109044472200003822
2026-10-05 08:06:40,718 [DEBUG] pynetdicom._handlers - Data Set                      : Present
2026-10-05 08:06:40,718 [DEBUG] pynetdicom._handlers - Priority                      : Medium
2026-10-05 08:06:40,718 [DEBUG] pynetdicom._handlers - ============================ END DIMSE MESSAGE =============================
2026-10-05 08:06:40,719 [DEBUG] pynetdicom.dsutils - pydicom.read_dataset() TransferSyntax="Little Endian Implicit"
2026-10-05 08:06:40,723 [INFO] HealthPACS - Utility: Directory esistente verificata: G:\ArchiveRoot\1.2.840.113619.2.1075997
2026-10-05 08:06:40,725 [INFO] HealthPACS - Utility: Directory esistente verificata: G:\ArchiveRoot\1.2.840.113619.2.1075997\1.3.12.2.1107.5.1.7.123161.30000024073109044472200000734
2026-10-05 08:06:40,729 [INFO] HealthPACS - [InstancesRepo] Creata nuova istanza [SOP: 1.3.12.2.1107.5.1.7.123161.30000024073109044472200003822]
2026-10-05 08:06:40,733 [INFO] HealthPACS - C-STORE: Salvata Istanza [ID: 6302, SOP: 1.3.12.2.1107.5.1.7.123161.30000024073109044472200003822] | Dim: 528812 B | Path: G:\ArchiveRoot\1.2.840.113619.2.1075997\1.3.12.2.1107.5.1.7.123161.30000024073109044472200000734\1.3.12.2.1107.5.1.7.123161.30000024073109044472200003822.dcm
2026-10-05 08:06:40,798 [DEBUG] pynetdicom.dsutils - pydicom.read_dataset() TransferSyntax="Little Endian Implicit"
2026-10-05 08:06:40,800 [INFO] pynetdicom._handlers - Received Store Request
2026-10-05 08:06:40,800 [DEBUG] pynetdicom._handlers - ========================== INCOMING DIMSE MESSAGE ==========================
2026-10-05 08:06:40,800 [DEBUG] pynetdicom._handlers - Message Type                  : C-STORE RQ
2026-10-05 08:06:40,800 [DEBUG] pynetdicom._handlers - Presentation Context ID       : 21
2026-10-05 08:06:40,800 [DEBUG] pynetdicom._handlers - Message ID                    : 2205
2026-10-05 08:06:40,800 [DEBUG] pynetdicom._handlers - Affected SOP Class UID        : CT Image Storage
2026-10-05 08:06:40,801 [DEBUG] pynetdicom._handlers - Affected SOP Instance UID     : 1.3.12.2.1107.5.1.7.123161.30000024073109044472200003823
2026-10-05 08:06:40,801 [DEBUG] pynetdicom._handlers - Data Set                      : Present
2026-10-05 08:06:40,801 [DEBUG] pynetdicom._handlers - Priority                      : Medium
2026-10-05 08:06:40,801 [DEBUG] pynetdicom._handlers - ============================ END DIMSE MESSAGE =============================
2026-10-05 08:06:40,802 [DEBUG] pynetdicom.dsutils - pydicom.read_dataset() TransferSyntax="Little Endian Implicit"
2026-10-05 08:06:40,805 [INFO] HealthPACS - Utility: Directory esistente verificata: G:\ArchiveRoot\1.2.840.113619.2.1075997
2026-10-05 08:06:40,808 [INFO] HealthPACS - Utility: Directory esistente verificata: G:\ArchiveRoot\1.2.840.113619.2.1075997\1.3.12.2.1107.5.1.7.123161.30000024073109044472200000734
2026-10-05 08:06:40,813 [INFO] HealthPACS - [InstancesRepo] Creata nuova istanza [SOP: 1.3.12.2.1107.5.1.7.123161.30000024073109044472200003823]
2026-10-05 08:06:40,816 [INFO] HealthPACS - C-STORE: Salvata Istanza [ID: 6303, SOP: 1.3.12.2.1107.5.1.7.123161.30000024073109044472200003823] | Dim: 528812 B | Path: G:\ArchiveRoot\1.2.840.113619.2.1075997\1.3.12.2.1107.5.1.7.123161.30000024073109044472200000734\1.3.12.2.1107.5.1.7.123161.30000024073109044472200003823.dcm
2026-10-05 08:06:40,892 [DEBUG] pynetdicom.dsutils - pydicom.read_dataset() TransferSyntax="Little Endian Implicit"
2026-10-05 08:06:40,895 [INFO] pynetdicom._handlers - Received Store Request
2026-10-05 08:06:40,895 [DEBUG] pynetdicom._handlers - ========================== INCOMING DIMSE MESSAGE ==========================
2026-10-05 08:06:40,895 [DEBUG] pynetdicom._handlers - Message Type                  : C-STORE RQ
2026-10-05 08:06:40,895 [DEBUG] pynetdicom._handlers - Presentation Context ID       : 21
2026-10-05 08:06:40,895 [DEBUG] pynetdicom._handlers - Message ID                    : 2206
2026-10-05 08:06:40,896 [DEBUG] pynetdicom._handlers - Affected SOP Class UID        : CT Image Storage
2026-10-05 08:06:40,896 [DEBUG] pynetdicom._handlers - Affected SOP Instance UID     : 1.3.12.2.1107.5.1.7.123161.30000024073109044472200003824
2026-10-05 08:06:40,896 [DEBUG] pynetdicom._handlers - Data Set                      : Present
2026-10-05 08:06:40,896 [DEBUG] pynetdicom._handlers - Priority                      : Medium
2026-10-05 08:06:40,896 [DEBUG] pynetdicom._handlers - ============================ END DIMSE MESSAGE =============================
2026-10-05 08:06:40,897 [DEBUG] pynetdicom.dsutils - pydicom.read_dataset() TransferSyntax="Little Endian Implicit"
2026-10-05 08:06:40,901 [INFO] HealthPACS - Utility: Directory esistente verificata: G:\ArchiveRoot\1.2.840.113619.2.1075997
2026-10-05 08:06:40,903 [INFO] HealthPACS - Utility: Directory esistente verificata: G:\ArchiveRoot\1.2.840.113619.2.1075997\1.3.12.2.1107.5.1.7.123161.30000024073109044472200000734
2026-10-05 08:06:40,907 [INFO] HealthPACS - [InstancesRepo] Creata nuova istanza [SOP: 1.3.12.2.1107.5.1.7.123161.30000024073109044472200003824]
2026-10-05 08:06:40,911 [INFO] HealthPACS - C-STORE: Salvata Istanza [ID: 6304, SOP: 1.3.12.2.1107.5.1.7.123161.30000024073109044472200003824] | Dim: 528812 B | Path: G:\ArchiveRoot\1.2.840.113619.2.1075997\1.3.12.2.1107.5.1.7.123161.30000024073109044472200000734\1.3.12.2.1107.5.1.7.123161.30000024073109044472200003824.dcm
2026-10-05 08:06:40,983 [DEBUG] pynetdicom.dsutils - pydicom.read_dataset() TransferSyntax="Little Endian Implicit"
2026-10-05 08:06:40,986 [INFO] pynetdicom._handlers - Received Store Request
2026-10-05 08:06:40,986 [DEBUG] pynetdicom._handlers - ========================== INCOMING DIMSE MESSAGE ==========================
2026-10-05 08:06:40,986 [DEBUG] pynetdicom._handlers - Message Type                  : C-STORE RQ
2026-10-05 08:06:40,987 [DEBUG] pynetdicom._handlers - Presentation Context ID       : 21
2026-10-05 08:06:40,987 [DEBUG] pynetdicom._handlers - Message ID                    : 2207
2026-10-05 08:06:40,987 [DEBUG] pynetdicom._handlers - Affected SOP Class UID        : CT Image Storage
2026-10-05 08:06:40,987 [DEBUG] pynetdicom._handlers - Affected SOP Instance UID     : 1.3.12.2.1107.5.1.7.123161.30000024073109044472200003825
2026-10-05 08:06:40,987 [DEBUG] pynetdicom._handlers - Data Set                      : Present
2026-10-05 08:06:40,987 [DEBUG] pynetdicom._handlers - Priority                      : Medium
2026-10-05 08:06:40,987 [DEBUG] pynetdicom._handlers - ============================ END DIMSE MESSAGE =============================
2026-10-05 08:06:40,988 [DEBUG] pynetdicom.dsutils - pydicom.read_dataset() TransferSyntax="Little Endian Implicit"
2026-10-05 08:06:40,993 [INFO] HealthPACS - Utility: Directory esistente verificata: G:\ArchiveRoot\1.2.840.113619.2.1075997
2026-10-05 08:06:40,994 [INFO] HealthPACS - Utility: Directory esistente verificata: G:\ArchiveRoot\1.2.840.113619.2.1075997\1.3.12.2.1107.5.1.7.123161.30000024073109044472200000734
2026-10-05 08:06:40,998 [INFO] HealthPACS - [InstancesRepo] Creata nuova istanza [SOP: 1.3.12.2.1107.5.1.7.123161.30000024073109044472200003825]
2026-10-05 08:06:41,002 [INFO] HealthPACS - C-STORE: Salvata Istanza [ID: 6305, SOP: 1.3.12.2.1107.5.1.7.123161.30000024073109044472200003825] | Dim: 528812 B | Path: G:\ArchiveRoot\1.2.840.113619.2.1075997\1.3.12.2.1107.5.1.7.123161.30000024073109044472200000734\1.3.12.2.1107.5.1.7.123161.30000024073109044472200003825.dcm
2026-10-05 08:06:41,077 [DEBUG] pynetdicom.dsutils - pydicom.read_dataset() TransferSyntax="Little Endian Implicit"
2026-10-05 08:06:41,079 [INFO] pynetdicom._handlers - Received Store Request
2026-10-05 08:06:41,079 [DEBUG] pynetdicom._handlers - ========================== INCOMING DIMSE MESSAGE ==========================
2026-10-05 08:06:41,079 [DEBUG] pynetdicom._handlers - Message Type                  : C-STORE RQ
2026-10-05 08:06:41,079 [DEBUG] pynetdicom._handlers - Presentation Context ID       : 21
2026-10-05 08:06:41,080 [DEBUG] pynetdicom._handlers - Message ID                    : 2208
2026-10-05 08:06:41,080 [DEBUG] pynetdicom._handlers - Affected SOP Class UID        : CT Image Storage
2026-10-05 08:06:41,080 [DEBUG] pynetdicom._handlers - Affected SOP Instance UID     : 1.3.12.2.1107.5.1.7.123161.30000024073109044472200003826
2026-10-05 08:06:41,080 [DEBUG] pynetdicom._handlers - Data Set                      : Present
2026-10-05 08:06:41,080 [DEBUG] pynetdicom._handlers - Priority                      : Medium
2026-10-05 08:06:41,080 [DEBUG] pynetdicom._handlers - ============================ END DIMSE MESSAGE =============================
2026-10-05 08:06:41,082 [DEBUG] pynetdicom.dsutils - pydicom.read_dataset() TransferSyntax="Little Endian Implicit"
2026-10-05 08:06:41,086 [INFO] HealthPACS - Utility: Directory esistente verificata: G:\ArchiveRoot\1.2.840.113619.2.1075997
2026-10-05 08:06:41,087 [INFO] HealthPACS - Utility: Directory esistente verificata: G:\ArchiveRoot\1.2.840.113619.2.1075997\1.3.12.2.1107.5.1.7.123161.30000024073109044472200000734
2026-10-05 08:06:41,091 [INFO] HealthPACS - [InstancesRepo] Creata nuova istanza [SOP: 1.3.12.2.1107.5.1.7.123161.30000024073109044472200003826]
2026-10-05 08:06:41,095 [INFO] HealthPACS - C-STORE: Salvata Istanza [ID: 6306, SOP: 1.3.12.2.1107.5.1.7.123161.30000024073109044472200003826] | Dim: 528812 B | Path: G:\ArchiveRoot\1.2.840.113619.2.1075997\1.3.12.2.1107.5.1.7.123161.30000024073109044472200000734\1.3.12.2.1107.5.1.7.123161.30000024073109044472200003826.dcm
2026-10-05 08:06:41,170 [DEBUG] pynetdicom.dsutils - pydicom.read_dataset() TransferSyntax="Little Endian Implicit"
2026-10-05 08:06:41,173 [INFO] pynetdicom._handlers - Received Store Request
2026-10-05 08:06:41,173 [DEBUG] pynetdicom._handlers - ========================== INCOMING DIMSE MESSAGE ==========================
2026-10-05 08:06:41,174 [DEBUG] pynetdicom._handlers - Message Type                  : C-STORE RQ
2026-10-05 08:06:41,174 [DEBUG] pynetdicom._handlers - Presentation Context ID       : 21
2026-10-05 08:06:41,174 [DEBUG] pynetdicom._handlers - Message ID                    : 2209
2026-10-05 08:06:41,174 [DEBUG] pynetdicom._handlers - Affected SOP Class UID        : CT Image Storage
2026-10-05 08:06:41,174 [DEBUG] pynetdicom._handlers - Affected SOP Instance UID     : 1.3.12.2.1107.5.1.7.123161.30000024073109044472200003827
2026-10-05 08:06:41,174 [DEBUG] pynetdicom._handlers - Data Set                      : Present
2026-10-05 08:06:41,174 [DEBUG] pynetdicom._handlers - Priority                      : Medium
2026-10-05 08:06:41,174 [DEBUG] pynetdicom._handlers - ============================ END DIMSE MESSAGE =============================
2026-10-05 08:06:41,175 [DEBUG] pynetdicom.dsutils - pydicom.read_dataset() TransferSyntax="Little Endian Implicit"
2026-10-05 08:06:41,178 [INFO] HealthPACS - Utility: Directory esistente verificata: G:\ArchiveRoot\1.2.840.113619.2.1075997
2026-10-05 08:06:41,180 [INFO] HealthPACS - Utility: Directory esistente verificata: G:\ArchiveRoot\1.2.840.113619.2.1075997\1.3.12.2.1107.5.1.7.123161.30000024073109044472200000734
2026-10-05 08:06:41,184 [INFO] HealthPACS - [InstancesRepo] Creata nuova istanza [SOP: 1.3.12.2.1107.5.1.7.123161.30000024073109044472200003827]
2026-10-05 08:06:41,187 [INFO] HealthPACS - C-STORE: Salvata Istanza [ID: 6307, SOP: 1.3.12.2.1107.5.1.7.123161.30000024073109044472200003827] | Dim: 528812 B | Path: G:\ArchiveRoot\1.2.840.113619.2.1075997\1.3.12.2.1107.5.1.7.123161.30000024073109044472200000734\1.3.12.2.1107.5.1.7.123161.30000024073109044472200003827.dcm
2026-10-05 08:06:41,268 [DEBUG] pynetdicom.dsutils - pydicom.read_dataset() TransferSyntax="Little Endian Implicit"
2026-10-05 08:06:41,271 [INFO] pynetdicom._handlers - Received Store Request
2026-10-05 08:06:41,271 [DEBUG] pynetdicom._handlers - ========================== INCOMING DIMSE MESSAGE ==========================
2026-10-05 08:06:41,271 [DEBUG] pynetdicom._handlers - Message Type                  : C-STORE RQ
2026-10-05 08:06:41,271 [DEBUG] pynetdicom._handlers - Presentation Context ID       : 21
2026-10-05 08:06:41,272 [DEBUG] pynetdicom._handlers - Message ID                    : 2210
2026-10-05 08:06:41,272 [DEBUG] pynetdicom._handlers - Affected SOP Class UID        : CT Image Storage
2026-10-05 08:06:41,272 [DEBUG] pynetdicom._handlers - Affected SOP Instance UID     : 1.3.12.2.1107.5.1.7.123161.30000024073109044472200002668
2026-10-05 08:06:41,272 [DEBUG] pynetdicom._handlers - Data Set                      : Present
2026-10-05 08:06:41,272 [DEBUG] pynetdicom._handlers - Priority                      : Medium
2026-10-05 08:06:41,272 [DEBUG] pynetdicom._handlers - ============================ END DIMSE MESSAGE =============================
2026-10-05 08:06:41,274 [DEBUG] pynetdicom.dsutils - pydicom.read_dataset() TransferSyntax="Little Endian Implicit"
2026-10-05 08:06:41,278 [INFO] HealthPACS - Utility: Directory esistente verificata: G:\ArchiveRoot\1.2.840.113619.2.1075997
2026-10-05 08:06:41,279 [INFO] HealthPACS - Utility: Directory esistente verificata: G:\ArchiveRoot\1.2.840.113619.2.1075997\1.3.12.2.1107.5.1.7.123161.30000024073109044472200000734
2026-10-05 08:06:41,283 [INFO] HealthPACS - [InstancesRepo] Creata nuova istanza [SOP: 1.3.12.2.1107.5.1.7.123161.30000024073109044472200002668]
2026-10-05 08:06:41,286 [INFO] HealthPACS - C-STORE: Salvata Istanza [ID: 6308, SOP: 1.3.12.2.1107.5.1.7.123161.30000024073109044472200002668] | Dim: 528820 B | Path: G:\ArchiveRoot\1.2.840.113619.2.1075997\1.3.12.2.1107.5.1.7.123161.30000024073109044472200000734\1.3.12.2.1107.5.1.7.123161.30000024073109044472200002668.dcm
2026-10-05 08:06:41,368 [DEBUG] pynetdicom.dsutils - pydicom.read_dataset() TransferSyntax="Little Endian Implicit"
2026-10-05 08:06:41,369 [INFO] pynetdicom._handlers - Received Store Request
2026-10-05 08:06:41,370 [DEBUG] pynetdicom._handlers - ========================== INCOMING DIMSE MESSAGE ==========================
2026-10-05 08:06:41,370 [DEBUG] pynetdicom._handlers - Message Type                  : C-STORE RQ
2026-10-05 08:06:41,370 [DEBUG] pynetdicom._handlers - Presentation Context ID       : 21
2026-10-05 08:06:41,370 [DEBUG] pynetdicom._handlers - Message ID                    : 2211
2026-10-05 08:06:41,370 [DEBUG] pynetdicom._handlers - Affected SOP Class UID        : CT Image Storage
2026-10-05 08:06:41,370 [DEBUG] pynetdicom._handlers - Affected SOP Instance UID     : 1.3.12.2.1107.5.1.7.123161.30000024073109044472200003828
2026-10-05 08:06:41,370 [DEBUG] pynetdicom._handlers - Data Set                      : Present
2026-10-05 08:06:41,371 [DEBUG] pynetdicom._handlers - Priority                      : Medium
2026-10-05 08:06:41,371 [DEBUG] pynetdicom._handlers - ============================ END DIMSE MESSAGE =============================
2026-10-05 08:06:41,371 [DEBUG] pynetdicom.dsutils - pydicom.read_dataset() TransferSyntax="Little Endian Implicit"
2026-10-05 08:06:41,375 [INFO] HealthPACS - Utility: Directory esistente verificata: G:\ArchiveRoot\1.2.840.113619.2.1075997
2026-10-05 08:06:41,376 [INFO] HealthPACS - Utility: Directory esistente verificata: G:\ArchiveRoot\1.2.840.113619.2.1075997\1.3.12.2.1107.5.1.7.123161.30000024073109044472200000734
2026-10-05 08:06:41,381 [INFO] HealthPACS - [InstancesRepo] Creata nuova istanza [SOP: 1.3.12.2.1107.5.1.7.123161.30000024073109044472200003828]
2026-10-05 08:06:41,384 [INFO] HealthPACS - C-STORE: Salvata Istanza [ID: 6309, SOP: 1.3.12.2.1107.5.1.7.123161.30000024073109044472200003828] | Dim: 528812 B | Path: G:\ArchiveRoot\1.2.840.113619.2.1075997\1.3.12.2.1107.5.1.7.123161.30000024073109044472200000734\1.3.12.2.1107.5.1.7.123161.30000024073109044472200003828.dcm
2026-10-05 08:06:41,471 [DEBUG] pynetdicom.dsutils - pydicom.read_dataset() TransferSyntax="Little Endian Implicit"
2026-10-05 08:06:41,473 [INFO] pynetdicom._handlers - Received Store Request
2026-10-05 08:06:41,473 [DEBUG] pynetdicom._handlers - ========================== INCOMING DIMSE MESSAGE ==========================
2026-10-05 08:06:41,474 [DEBUG] pynetdicom._handlers - Message Type                  : C-STORE RQ
2026-10-05 08:06:41,474 [DEBUG] pynetdicom._handlers - Presentation Context ID       : 21
2026-10-05 08:06:41,474 [DEBUG] pynetdicom._handlers - Message ID                    : 2212
2026-10-05 08:06:41,474 [DEBUG] pynetdicom._handlers - Affected SOP Class UID        : CT Image Storage
2026-10-05 08:06:41,474 [DEBUG] pynetdicom._handlers - Affected SOP Instance UID     : 1.3.12.2.1107.5.1.7.123161.30000024073109044472200003829
2026-10-05 08:06:41,474 [DEBUG] pynetdicom._handlers - Data Set                      : Present
2026-10-05 08:06:41,474 [DEBUG] pynetdicom._handlers - Priority                      : Medium
2026-10-05 08:06:41,474 [DEBUG] pynetdicom._handlers - ============================ END DIMSE MESSAGE =============================
2026-10-05 08:06:41,475 [DEBUG] pynetdicom.dsutils - pydicom.read_dataset() TransferSyntax="Little Endian Implicit"
2026-10-05 08:06:41,479 [INFO] HealthPACS - Utility: Directory esistente verificata: G:\ArchiveRoot\1.2.840.113619.2.1075997
2026-10-05 08:06:41,480 [INFO] HealthPACS - Utility: Directory esistente verificata: G:\ArchiveRoot\1.2.840.113619.2.1075997\1.3.12.2.1107.5.1.7.123161.30000024073109044472200000734
2026-10-05 08:06:41,484 [INFO] HealthPACS - [InstancesRepo] Creata nuova istanza [SOP: 1.3.12.2.1107.5.1.7.123161.30000024073109044472200003829]
2026-10-05 08:06:41,487 [INFO] HealthPACS - C-STORE: Salvata Istanza [ID: 6310, SOP: 1.3.12.2.1107.5.1.7.123161.30000024073109044472200003829] | Dim: 528812 B | Path: G:\ArchiveRoot\1.2.840.113619.2.1075997\1.3.12.2.1107.5.1.7.123161.30000024073109044472200000734\1.3.12.2.1107.5.1.7.123161.30000024073109044472200003829.dcm
2026-10-05 08:06:41,595 [DEBUG] pynetdicom.dsutils - pydicom.read_dataset() TransferSyntax="Little Endian Implicit"
2026-10-05 08:06:41,598 [INFO] pynetdicom._handlers - Received Store Request
2026-10-05 08:06:41,598 [DEBUG] pynetdicom._handlers - ========================== INCOMING DIMSE MESSAGE ==========================
2026-10-05 08:06:41,598 [DEBUG] pynetdicom._handlers - Message Type                  : C-STORE RQ
2026-10-05 08:06:41,599 [DEBUG] pynetdicom._handlers - Presentation Context ID       : 21
2026-10-05 08:06:41,599 [DEBUG] pynetdicom._handlers - Message ID                    : 2213
2026-10-05 08:06:41,599 [DEBUG] pynetdicom._handlers - Affected SOP Class UID        : CT Image Storage
2026-10-05 08:06:41,599 [DEBUG] pynetdicom._handlers - Affected SOP Instance UID     : 1.3.12.2.1107.5.1.7.123161.30000024073109044472200003830
2026-10-05 08:06:41,599 [DEBUG] pynetdicom._handlers - Data Set                      : Present
2026-10-05 08:06:41,599 [DEBUG] pynetdicom._handlers - Priority                      : Medium
2026-10-05 08:06:41,600 [DEBUG] pynetdicom._handlers - ============================ END DIMSE MESSAGE =============================
2026-10-05 08:06:41,601 [DEBUG] pynetdicom.dsutils - pydicom.read_dataset() TransferSyntax="Little Endian Implicit"
2026-10-05 08:06:41,606 [INFO] HealthPACS - Utility: Directory esistente verificata: G:\ArchiveRoot\1.2.840.113619.2.1075997
2026-10-05 08:06:41,608 [INFO] HealthPACS - Utility: Directory esistente verificata: G:\ArchiveRoot\1.2.840.113619.2.1075997\1.3.12.2.1107.5.1.7.123161.30000024073109044472200000734
2026-10-05 08:06:41,614 [INFO] HealthPACS - [InstancesRepo] Creata nuova istanza [SOP: 1.3.12.2.1107.5.1.7.123161.30000024073109044472200003830]
2026-10-05 08:06:41,618 [INFO] HealthPACS - C-STORE: Salvata Istanza [ID: 6311, SOP: 1.3.12.2.1107.5.1.7.123161.30000024073109044472200003830] | Dim: 528812 B | Path: G:\ArchiveRoot\1.2.840.113619.2.1075997\1.3.12.2.1107.5.1.7.123161.30000024073109044472200000734\1.3.12.2.1107.5.1.7.123161.30000024073109044472200003830.dcm
2026-10-05 08:06:41,642 [DEBUG] pynetdicom.dsutils - pydicom.read_dataset() TransferSyntax="Little Endian Implicit"
2026-10-05 08:06:41,645 [INFO] pynetdicom._handlers - Received Store Request
2026-10-05 08:06:41,645 [DEBUG] pynetdicom._handlers - ========================== INCOMING DIMSE MESSAGE ==========================
2026-10-05 08:06:41,646 [DEBUG] pynetdicom._handlers - Message Type                  : C-STORE RQ
2026-10-05 08:06:41,646 [DEBUG] pynetdicom._handlers - Presentation Context ID       : 21
2026-10-05 08:06:41,646 [DEBUG] pynetdicom._handlers - Message ID                    : 2214
2026-10-05 08:06:41,646 [DEBUG] pynetdicom._handlers - Affected SOP Class UID        : CT Image Storage
2026-10-05 08:06:41,646 [DEBUG] pynetdicom._handlers - Affected SOP Instance UID     : 1.3.12.2.1107.5.1.7.123161.30000024073109044472200003831
2026-10-05 08:06:41,646 [DEBUG] pynetdicom._handlers - Data Set                      : Present
2026-10-05 08:06:41,647 [DEBUG] pynetdicom._handlers - Priority                      : Medium
2026-10-05 08:06:41,647 [DEBUG] pynetdicom._handlers - ============================ END DIMSE MESSAGE =============================
2026-10-05 08:06:41,648 [DEBUG] pynetdicom.dsutils - pydicom.read_dataset() TransferSyntax="Little Endian Implicit"
2026-10-05 08:06:41,653 [INFO] HealthPACS - Utility: Directory esistente verificata: G:\ArchiveRoot\1.2.840.113619.2.1075997
2026-10-05 08:06:41,655 [INFO] HealthPACS - Utility: Directory esistente verificata: G:\ArchiveRoot\1.2.840.113619.2.1075997\1.3.12.2.1107.5.1.7.123161.30000024073109044472200000734
2026-10-05 08:06:41,662 [INFO] HealthPACS - [InstancesRepo] Creata nuova istanza [SOP: 1.3.12.2.1107.5.1.7.123161.30000024073109044472200003831]
2026-10-05 08:06:41,667 [INFO] HealthPACS - C-STORE: Salvata Istanza [ID: 6312, SOP: 1.3.12.2.1107.5.1.7.123161.30000024073109044472200003831] | Dim: 528812 B | Path: G:\ArchiveRoot\1.2.840.113619.2.1075997\1.3.12.2.1107.5.1.7.123161.30000024073109044472200000734\1.3.12.2.1107.5.1.7.123161.30000024073109044472200003831.dcm
2026-10-05 08:06:41,700 [DEBUG] pynetdicom.dsutils - pydicom.read_dataset() TransferSyntax="Little Endian Implicit"
2026-10-05 08:06:41,706 [INFO] pynetdicom._handlers - Received Store Request
2026-10-05 08:06:41,707 [DEBUG] pynetdicom._handlers - ========================== INCOMING DIMSE MESSAGE ==========================
2026-10-05 08:06:41,707 [DEBUG] pynetdicom._handlers - Message Type                  : C-STORE RQ
2026-10-05 08:06:41,707 [DEBUG] pynetdicom._handlers - Presentation Context ID       : 21
2026-10-05 08:06:41,707 [DEBUG] pynetdicom._handlers - Message ID                    : 2215
2026-10-05 08:06:41,707 [DEBUG] pynetdicom._handlers - Affected SOP Class UID        : CT Image Storage
2026-10-05 08:06:41,708 [DEBUG] pynetdicom._handlers - Affected SOP Instance UID     : 1.3.12.2.1107.5.1.7.123161.30000024073109044472200003832
2026-10-05 08:06:41,708 [DEBUG] pynetdicom._handlers - Data Set                      : Present
2026-10-05 08:06:41,708 [DEBUG] pynetdicom._handlers - Priority                      : Medium
2026-10-05 08:06:41,708 [DEBUG] pynetdicom._handlers - ============================ END DIMSE MESSAGE =============================
2026-10-05 08:06:41,709 [DEBUG] pynetdicom.dsutils - pydicom.read_dataset() TransferSyntax="Little Endian Implicit"
2026-10-05 08:06:41,714 [INFO] HealthPACS - Utility: Directory esistente verificata: G:\ArchiveRoot\1.2.840.113619.2.1075997
2026-10-05 08:06:41,717 [INFO] HealthPACS - Utility: Directory esistente verificata: G:\ArchiveRoot\1.2.840.113619.2.1075997\1.3.12.2.1107.5.1.7.123161.30000024073109044472200000734
2026-10-05 08:06:41,722 [INFO] HealthPACS - [InstancesRepo] Creata nuova istanza [SOP: 1.3.12.2.1107.5.1.7.123161.30000024073109044472200003832]
2026-10-05 08:06:41,727 [INFO] HealthPACS - C-STORE: Salvata Istanza [ID: 6313, SOP: 1.3.12.2.1107.5.1.7.123161.30000024073109044472200003832] | Dim: 528812 B | Path: G:\ArchiveRoot\1.2.840.113619.2.1075997\1.3.12.2.1107.5.1.7.123161.30000024073109044472200000734\1.3.12.2.1107.5.1.7.123161.30000024073109044472200003832.dcm
2026-10-05 08:06:41,775 [DEBUG] pynetdicom.dsutils - pydicom.read_dataset() TransferSyntax="Little Endian Implicit"
2026-10-05 08:06:41,780 [INFO] pynetdicom._handlers - Received Store Request
2026-10-05 08:06:41,780 [DEBUG] pynetdicom._handlers - ========================== INCOMING DIMSE MESSAGE ==========================
2026-10-05 08:06:41,780 [DEBUG] pynetdicom._handlers - Message Type                  : C-STORE RQ
2026-10-05 08:06:41,781 [DEBUG] pynetdicom._handlers - Presentation Context ID       : 21
2026-10-05 08:06:41,781 [DEBUG] pynetdicom._handlers - Message ID                    : 2216
2026-10-05 08:06:41,781 [DEBUG] pynetdicom._handlers - Affected SOP Class UID        : CT Image Storage
2026-10-05 08:06:41,781 [DEBUG] pynetdicom._handlers - Affected SOP Instance UID     : 1.3.12.2.1107.5.1.7.123161.30000024073109044472200003833
2026-10-05 08:06:41,781 [DEBUG] pynetdicom._handlers - Data Set                      : Present
2026-10-05 08:06:41,782 [DEBUG] pynetdicom._handlers - Priority                      : Medium
2026-10-05 08:06:41,782 [DEBUG] pynetdicom._handlers - ============================ END DIMSE MESSAGE =============================
2026-10-05 08:06:41,783 [DEBUG] pynetdicom.dsutils - pydicom.read_dataset() TransferSyntax="Little Endian Implicit"
2026-10-05 08:06:41,788 [INFO] HealthPACS - Utility: Directory esistente verificata: G:\ArchiveRoot\1.2.840.113619.2.1075997
2026-10-05 08:06:41,791 [INFO] HealthPACS - Utility: Directory esistente verificata: G:\ArchiveRoot\1.2.840.113619.2.1075997\1.3.12.2.1107.5.1.7.123161.30000024073109044472200000734
2026-10-05 08:06:41,796 [INFO] HealthPACS - [InstancesRepo] Creata nuova istanza [SOP: 1.3.12.2.1107.5.1.7.123161.30000024073109044472200003833]
2026-10-05 08:06:41,800 [INFO] HealthPACS - C-STORE: Salvata Istanza [ID: 6314, SOP: 1.3.12.2.1107.5.1.7.123161.30000024073109044472200003833] | Dim: 528812 B | Path: G:\ArchiveRoot\1.2.840.113619.2.1075997\1.3.12.2.1107.5.1.7.123161.30000024073109044472200000734\1.3.12.2.1107.5.1.7.123161.30000024073109044472200003833.dcm
2026-10-05 08:06:41,845 [DEBUG] pynetdicom.dsutils - pydicom.read_dataset() TransferSyntax="Little Endian Implicit"
2026-10-05 08:06:41,849 [INFO] pynetdicom._handlers - Received Store Request
2026-10-05 08:06:41,849 [DEBUG] pynetdicom._handlers - ========================== INCOMING DIMSE MESSAGE ==========================
2026-10-05 08:06:41,849 [DEBUG] pynetdicom._handlers - Message Type                  : C-STORE RQ
2026-10-05 08:06:41,849 [DEBUG] pynetdicom._handlers - Presentation Context ID       : 21
2026-10-05 08:06:41,849 [DEBUG] pynetdicom._handlers - Message ID                    : 2217
2026-10-05 08:06:41,849 [DEBUG] pynetdicom._handlers - Affected SOP Class UID        : CT Image Storage
2026-10-05 08:06:41,849 [DEBUG] pynetdicom._handlers - Affected SOP Instance UID     : 1.3.12.2.1107.5.1.7.123161.30000024073109044472200003834
2026-10-05 08:06:41,850 [DEBUG] pynetdicom._handlers - Data Set                      : Present
2026-10-05 08:06:41,850 [DEBUG] pynetdicom._handlers - Priority                      : Medium
2026-10-05 08:06:41,850 [DEBUG] pynetdicom._handlers - ============================ END DIMSE MESSAGE =============================
2026-10-05 08:06:41,850 [DEBUG] pynetdicom.dsutils - pydicom.read_dataset() TransferSyntax="Little Endian Implicit"
2026-10-05 08:06:41,854 [INFO] HealthPACS - Utility: Directory esistente verificata: G:\ArchiveRoot\1.2.840.113619.2.1075997
2026-10-05 08:06:41,857 [INFO] HealthPACS - Utility: Directory esistente verificata: G:\ArchiveRoot\1.2.840.113619.2.1075997\1.3.12.2.1107.5.1.7.123161.30000024073109044472200000734
2026-10-05 08:06:41,861 [INFO] HealthPACS - [InstancesRepo] Creata nuova istanza [SOP: 1.3.12.2.1107.5.1.7.123161.30000024073109044472200003834]
2026-10-05 08:06:41,865 [INFO] HealthPACS - C-STORE: Salvata Istanza [ID: 6315, SOP: 1.3.12.2.1107.5.1.7.123161.30000024073109044472200003834] | Dim: 528812 B | Path: G:\ArchiveRoot\1.2.840.113619.2.1075997\1.3.12.2.1107.5.1.7.123161.30000024073109044472200000734\1.3.12.2.1107.5.1.7.123161.30000024073109044472200003834.dcm
2026-10-05 08:06:41,908 [DEBUG] pynetdicom.dsutils - pydicom.read_dataset() TransferSyntax="Little Endian Implicit"
2026-10-05 08:06:41,911 [INFO] pynetdicom._handlers - Received Store Request
2026-10-05 08:06:41,912 [DEBUG] pynetdicom._handlers - ========================== INCOMING DIMSE MESSAGE ==========================
2026-10-05 08:06:41,912 [DEBUG] pynetdicom._handlers - Message Type                  : C-STORE RQ
2026-10-05 08:06:41,912 [DEBUG] pynetdicom._handlers - Presentation Context ID       : 21
2026-10-05 08:06:41,912 [DEBUG] pynetdicom._handlers - Message ID                    : 2218
2026-10-05 08:06:41,912 [DEBUG] pynetdicom._handlers - Affected SOP Class UID        : CT Image Storage
2026-10-05 08:06:41,912 [DEBUG] pynetdicom._handlers - Affected SOP Instance UID     : 1.3.12.2.1107.5.1.7.123161.30000024073109044472200003835
2026-10-05 08:06:41,912 [DEBUG] pynetdicom._handlers - Data Set                      : Present
2026-10-05 08:06:41,912 [DEBUG] pynetdicom._handlers - Priority                      : Medium
2026-10-05 08:06:41,913 [DEBUG] pynetdicom._handlers - ============================ END DIMSE MESSAGE =============================
2026-10-05 08:06:41,913 [DEBUG] pynetdicom.dsutils - pydicom.read_dataset() TransferSyntax="Little Endian Implicit"
2026-10-05 08:06:41,917 [INFO] HealthPACS - Utility: Directory esistente verificata: G:\ArchiveRoot\1.2.840.113619.2.1075997
2026-10-05 08:06:41,918 [INFO] HealthPACS - Utility: Directory esistente verificata: G:\ArchiveRoot\1.2.840.113619.2.1075997\1.3.12.2.1107.5.1.7.123161.30000024073109044472200000734
2026-10-05 08:06:41,922 [INFO] HealthPACS - [InstancesRepo] Creata nuova istanza [SOP: 1.3.12.2.1107.5.1.7.123161.30000024073109044472200003835]
2026-10-05 08:06:41,926 [INFO] HealthPACS - C-STORE: Salvata Istanza [ID: 6316, SOP: 1.3.12.2.1107.5.1.7.123161.30000024073109044472200003835] | Dim: 528812 B | Path: G:\ArchiveRoot\1.2.840.113619.2.1075997\1.3.12.2.1107.5.1.7.123161.30000024073109044472200000734\1.3.12.2.1107.5.1.7.123161.30000024073109044472200003835.dcm
2026-10-05 08:06:41,980 [DEBUG] pynetdicom.dsutils - pydicom.read_dataset() TransferSyntax="Little Endian Implicit"
2026-10-05 08:06:41,985 [INFO] pynetdicom._handlers - Received Store Request
2026-10-05 08:06:41,986 [DEBUG] pynetdicom._handlers - ========================== INCOMING DIMSE MESSAGE ==========================
2026-10-05 08:06:41,986 [DEBUG] pynetdicom._handlers - Message Type                  : C-STORE RQ
2026-10-05 08:06:41,986 [DEBUG] pynetdicom._handlers - Presentation Context ID       : 21
2026-10-05 08:06:41,987 [DEBUG] pynetdicom._handlers - Message ID                    : 2219
2026-10-05 08:06:41,987 [DEBUG] pynetdicom._handlers - Affected SOP Class UID        : CT Image Storage
2026-10-05 08:06:41,987 [DEBUG] pynetdicom._handlers - Affected SOP Instance UID     : 1.3.12.2.1107.5.1.7.123161.30000024073109044472200003836
2026-10-05 08:06:41,987 [DEBUG] pynetdicom._handlers - Data Set                      : Present
2026-10-05 08:06:41,987 [DEBUG] pynetdicom._handlers - Priority                      : Medium
2026-10-05 08:06:41,987 [DEBUG] pynetdicom._handlers - ============================ END DIMSE MESSAGE =============================
2026-10-05 08:06:41,988 [DEBUG] pynetdicom.dsutils - pydicom.read_dataset() TransferSyntax="Little Endian Implicit"
2026-10-05 08:06:41,992 [INFO] HealthPACS - Utility: Directory esistente verificata: G:\ArchiveRoot\1.2.840.113619.2.1075997
2026-10-05 08:06:41,995 [INFO] HealthPACS - Utility: Directory esistente verificata: G:\ArchiveRoot\1.2.840.113619.2.1075997\1.3.12.2.1107.5.1.7.123161.30000024073109044472200000734
2026-10-05 08:06:42,003 [INFO] HealthPACS - [InstancesRepo] Creata nuova istanza [SOP: 1.3.12.2.1107.5.1.7.123161.30000024073109044472200003836]
2026-10-05 08:06:42,007 [INFO] HealthPACS - C-STORE: Salvata Istanza [ID: 6317, SOP: 1.3.12.2.1107.5.1.7.123161.30000024073109044472200003836] | Dim: 528812 B | Path: G:\ArchiveRoot\1.2.840.113619.2.1075997\1.3.12.2.1107.5.1.7.123161.30000024073109044472200000734\1.3.12.2.1107.5.1.7.123161.30000024073109044472200003836.dcm
2026-10-05 08:06:42,075 [DEBUG] pynetdicom.dsutils - pydicom.read_dataset() TransferSyntax="Little Endian Implicit"
2026-10-05 08:06:42,078 [INFO] pynetdicom._handlers - Received Store Request
2026-10-05 08:06:42,079 [DEBUG] pynetdicom._handlers - ========================== INCOMING DIMSE MESSAGE ==========================
2026-10-05 08:06:42,079 [DEBUG] pynetdicom._handlers - Message Type                  : C-STORE RQ
2026-10-05 08:06:42,079 [DEBUG] pynetdicom._handlers - Presentation Context ID       : 21
2026-10-05 08:06:42,079 [DEBUG] pynetdicom._handlers - Message ID                    : 2220
2026-10-05 08:06:42,079 [DEBUG] pynetdicom._handlers - Affected SOP Class UID        : CT Image Storage
2026-10-05 08:06:42,079 [DEBUG] pynetdicom._handlers - Affected SOP Instance UID     : 1.3.12.2.1107.5.1.7.123161.30000024073109044472200003837
2026-10-05 08:06:42,080 [DEBUG] pynetdicom._handlers - Data Set                      : Present
2026-10-05 08:06:42,080 [DEBUG] pynetdicom._handlers - Priority                      : Medium
2026-10-05 08:06:42,080 [DEBUG] pynetdicom._handlers - ============================ END DIMSE MESSAGE =============================
2026-10-05 08:06:42,080 [DEBUG] pynetdicom.dsutils - pydicom.read_dataset() TransferSyntax="Little Endian Implicit"
2026-10-05 08:06:42,085 [INFO] HealthPACS - Utility: Directory esistente verificata: G:\ArchiveRoot\1.2.840.113619.2.1075997
2026-10-05 08:06:42,087 [INFO] HealthPACS - Utility: Directory esistente verificata: G:\ArchiveRoot\1.2.840.113619.2.1075997\1.3.12.2.1107.5.1.7.123161.30000024073109044472200000734
2026-10-05 08:06:42,093 [INFO] HealthPACS - [InstancesRepo] Creata nuova istanza [SOP: 1.3.12.2.1107.5.1.7.123161.30000024073109044472200003837]
2026-10-05 08:06:42,096 [INFO] HealthPACS - C-STORE: Salvata Istanza [ID: 6318, SOP: 1.3.12.2.1107.5.1.7.123161.30000024073109044472200003837] | Dim: 528812 B | Path: G:\ArchiveRoot\1.2.840.113619.2.1075997\1.3.12.2.1107.5.1.7.123161.30000024073109044472200000734\1.3.12.2.1107.5.1.7.123161.30000024073109044472200003837.dcm
2026-10-05 08:06:42,156 [DEBUG] pynetdicom.dsutils - pydicom.read_dataset() TransferSyntax="Little Endian Implicit"
2026-10-05 08:06:42,160 [INFO] pynetdicom._handlers - Received Store Request
2026-10-05 08:06:42,160 [DEBUG] pynetdicom._handlers - ========================== INCOMING DIMSE MESSAGE ==========================
2026-10-05 08:06:42,160 [DEBUG] pynetdicom._handlers - Message Type                  : C-STORE RQ
2026-10-05 08:06:42,160 [DEBUG] pynetdicom._handlers - Presentation Context ID       : 21
2026-10-05 08:06:42,160 [DEBUG] pynetdicom._handlers - Message ID                    : 2221
2026-10-05 08:06:42,161 [DEBUG] pynetdicom._handlers - Affected SOP Class UID        : CT Image Storage
2026-10-05 08:06:42,161 [DEBUG] pynetdicom._handlers - Affected SOP Instance UID     : 1.3.12.2.1107.5.1.7.123161.30000024073109044472200002669
2026-10-05 08:06:42,161 [DEBUG] pynetdicom._handlers - Data Set                      : Present
2026-10-05 08:06:42,161 [DEBUG] pynetdicom._handlers - Priority                      : Medium
2026-10-05 08:06:42,161 [DEBUG] pynetdicom._handlers - ============================ END DIMSE MESSAGE =============================
2026-10-05 08:06:42,163 [DEBUG] pynetdicom.dsutils - pydicom.read_dataset() TransferSyntax="Little Endian Implicit"
2026-10-05 08:06:42,167 [INFO] HealthPACS - Utility: Directory esistente verificata: G:\ArchiveRoot\1.2.840.113619.2.1075997
2026-10-05 08:06:42,168 [INFO] HealthPACS - Utility: Directory esistente verificata: G:\ArchiveRoot\1.2.840.113619.2.1075997\1.3.12.2.1107.5.1.7.123161.30000024073109044472200000734
2026-10-05 08:06:42,173 [INFO] HealthPACS - [InstancesRepo] Creata nuova istanza [SOP: 1.3.12.2.1107.5.1.7.123161.30000024073109044472200002669]
2026-10-05 08:06:42,176 [INFO] HealthPACS - C-STORE: Salvata Istanza [ID: 6319, SOP: 1.3.12.2.1107.5.1.7.123161.30000024073109044472200002669] | Dim: 528820 B | Path: G:\ArchiveRoot\1.2.840.113619.2.1075997\1.3.12.2.1107.5.1.7.123161.30000024073109044472200000734\1.3.12.2.1107.5.1.7.123161.30000024073109044472200002669.dcm
2026-10-05 08:06:42,238 [DEBUG] pynetdicom.dsutils - pydicom.read_dataset() TransferSyntax="Little Endian Implicit"
2026-10-05 08:06:42,240 [INFO] pynetdicom._handlers - Received Store Request
2026-10-05 08:06:42,241 [DEBUG] pynetdicom._handlers - ========================== INCOMING DIMSE MESSAGE ==========================
2026-10-05 08:06:42,241 [DEBUG] pynetdicom._handlers - Message Type                  : C-STORE RQ
2026-10-05 08:06:42,241 [DEBUG] pynetdicom._handlers - Presentation Context ID       : 21
2026-10-05 08:06:42,241 [DEBUG] pynetdicom._handlers - Message ID                    : 2222
2026-10-05 08:06:42,241 [DEBUG] pynetdicom._handlers - Affected SOP Class UID        : CT Image Storage
2026-10-05 08:06:42,241 [DEBUG] pynetdicom._handlers - Affected SOP Instance UID     : 1.3.12.2.1107.5.1.7.123161.30000024073109044472200003838
2026-10-05 08:06:42,241 [DEBUG] pynetdicom._handlers - Data Set                      : Present
2026-10-05 08:06:42,241 [DEBUG] pynetdicom._handlers - Priority                      : Medium
2026-10-05 08:06:42,241 [DEBUG] pynetdicom._handlers - ============================ END DIMSE MESSAGE =============================
2026-10-05 08:06:42,243 [DEBUG] pynetdicom.dsutils - pydicom.read_dataset() TransferSyntax="Little Endian Implicit"
2026-10-05 08:06:42,246 [INFO] HealthPACS - Utility: Directory esistente verificata: G:\ArchiveRoot\1.2.840.113619.2.1075997
2026-10-05 08:06:42,248 [INFO] HealthPACS - Utility: Directory esistente verificata: G:\ArchiveRoot\1.2.840.113619.2.1075997\1.3.12.2.1107.5.1.7.123161.30000024073109044472200000734
2026-10-05 08:06:42,252 [INFO] HealthPACS - [InstancesRepo] Creata nuova istanza [SOP: 1.3.12.2.1107.5.1.7.123161.30000024073109044472200003838]
2026-10-05 08:06:42,255 [INFO] HealthPACS - C-STORE: Salvata Istanza [ID: 6320, SOP: 1.3.12.2.1107.5.1.7.123161.30000024073109044472200003838] | Dim: 528812 B | Path: G:\ArchiveRoot\1.2.840.113619.2.1075997\1.3.12.2.1107.5.1.7.123161.30000024073109044472200000734\1.3.12.2.1107.5.1.7.123161.30000024073109044472200003838.dcm
2026-10-05 08:06:42,320 [DEBUG] pynetdicom.dsutils - pydicom.read_dataset() TransferSyntax="Little Endian Implicit"
2026-10-05 08:06:42,322 [INFO] pynetdicom._handlers - Received Store Request
2026-10-05 08:06:42,322 [DEBUG] pynetdicom._handlers - ========================== INCOMING DIMSE MESSAGE ==========================
2026-10-05 08:06:42,322 [DEBUG] pynetdicom._handlers - Message Type                  : C-STORE RQ
2026-10-05 08:06:42,322 [DEBUG] pynetdicom._handlers - Presentation Context ID       : 21
2026-10-05 08:06:42,322 [DEBUG] pynetdicom._handlers - Message ID                    : 2223
2026-10-05 08:06:42,322 [DEBUG] pynetdicom._handlers - Affected SOP Class UID        : CT Image Storage
2026-10-05 08:06:42,322 [DEBUG] pynetdicom._handlers - Affected SOP Instance UID     : 1.3.12.2.1107.5.1.7.123161.30000024073109044472200003839
2026-10-05 08:06:42,322 [DEBUG] pynetdicom._handlers - Data Set                      : Present
2026-10-05 08:06:42,322 [DEBUG] pynetdicom._handlers - Priority                      : Medium
2026-10-05 08:06:42,322 [DEBUG] pynetdicom._handlers - ============================ END DIMSE MESSAGE =============================
2026-10-05 08:06:42,324 [DEBUG] pynetdicom.dsutils - pydicom.read_dataset() TransferSyntax="Little Endian Implicit"
2026-10-05 08:06:42,328 [INFO] HealthPACS - Utility: Directory esistente verificata: G:\ArchiveRoot\1.2.840.113619.2.1075997
2026-10-05 08:06:42,330 [INFO] HealthPACS - Utility: Directory esistente verificata: G:\ArchiveRoot\1.2.840.113619.2.1075997\1.3.12.2.1107.5.1.7.123161.30000024073109044472200000734
2026-10-05 08:06:42,334 [INFO] HealthPACS - [InstancesRepo] Creata nuova istanza [SOP: 1.3.12.2.1107.5.1.7.123161.30000024073109044472200003839]
2026-10-05 08:06:42,337 [INFO] HealthPACS - C-STORE: Salvata Istanza [ID: 6321, SOP: 1.3.12.2.1107.5.1.7.123161.30000024073109044472200003839] | Dim: 528812 B | Path: G:\ArchiveRoot\1.2.840.113619.2.1075997\1.3.12.2.1107.5.1.7.123161.30000024073109044472200000734\1.3.12.2.1107.5.1.7.123161.30000024073109044472200003839.dcm
2026-10-05 08:06:42,403 [DEBUG] pynetdicom.dsutils - pydicom.read_dataset() TransferSyntax="Little Endian Implicit"
2026-10-05 08:06:42,406 [INFO] pynetdicom._handlers - Received Store Request
2026-10-05 08:06:42,407 [DEBUG] pynetdicom._handlers - ========================== INCOMING DIMSE MESSAGE ==========================
2026-10-05 08:06:42,407 [DEBUG] pynetdicom._handlers - Message Type                  : C-STORE RQ
2026-10-05 08:06:42,407 [DEBUG] pynetdicom._handlers - Presentation Context ID       : 21
2026-10-05 08:06:42,407 [DEBUG] pynetdicom._handlers - Message ID                    : 2224
2026-10-05 08:06:42,407 [DEBUG] pynetdicom._handlers - Affected SOP Class UID        : CT Image Storage
2026-10-05 08:06:42,407 [DEBUG] pynetdicom._handlers - Affected SOP Instance UID     : 1.3.12.2.1107.5.1.7.123161.30000024073109044472200003840
2026-10-05 08:06:42,407 [DEBUG] pynetdicom._handlers - Data Set                      : Present
2026-10-05 08:06:42,407 [DEBUG] pynetdicom._handlers - Priority                      : Medium
2026-10-05 08:06:42,407 [DEBUG] pynetdicom._handlers - ============================ END DIMSE MESSAGE =============================
2026-10-05 08:06:42,409 [DEBUG] pynetdicom.dsutils - pydicom.read_dataset() TransferSyntax="Little Endian Implicit"
2026-10-05 08:06:42,412 [INFO] HealthPACS - Utility: Directory esistente verificata: G:\ArchiveRoot\1.2.840.113619.2.1075997
2026-10-05 08:06:42,414 [INFO] HealthPACS - Utility: Directory esistente verificata: G:\ArchiveRoot\1.2.840.113619.2.1075997\1.3.12.2.1107.5.1.7.123161.30000024073109044472200000734
2026-10-05 08:06:42,417 [INFO] HealthPACS - [InstancesRepo] Creata nuova istanza [SOP: 1.3.12.2.1107.5.1.7.123161.30000024073109044472200003840]
2026-10-05 08:06:42,420 [INFO] HealthPACS - C-STORE: Salvata Istanza [ID: 6322, SOP: 1.3.12.2.1107.5.1.7.123161.30000024073109044472200003840] | Dim: 528812 B | Path: G:\ArchiveRoot\1.2.840.113619.2.1075997\1.3.12.2.1107.5.1.7.123161.30000024073109044472200000734\1.3.12.2.1107.5.1.7.123161.30000024073109044472200003840.dcm
2026-10-05 08:06:42,491 [DEBUG] pynetdicom.dsutils - pydicom.read_dataset() TransferSyntax="Little Endian Implicit"
2026-10-05 08:06:42,493 [INFO] pynetdicom._handlers - Received Store Request
2026-10-05 08:06:42,494 [DEBUG] pynetdicom._handlers - ========================== INCOMING DIMSE MESSAGE ==========================
2026-10-05 08:06:42,494 [DEBUG] pynetdicom._handlers - Message Type                  : C-STORE RQ
2026-10-05 08:06:42,494 [DEBUG] pynetdicom._handlers - Presentation Context ID       : 21
2026-10-05 08:06:42,494 [DEBUG] pynetdicom._handlers - Message ID                    : 2225
2026-10-05 08:06:42,494 [DEBUG] pynetdicom._handlers - Affected SOP Class UID        : CT Image Storage
2026-10-05 08:06:42,494 [DEBUG] pynetdicom._handlers - Affected SOP Instance UID     : 1.3.12.2.1107.5.1.7.123161.30000024073109044472200003841
2026-10-05 08:06:42,494 [DEBUG] pynetdicom._handlers - Data Set                      : Present
2026-10-05 08:06:42,494 [DEBUG] pynetdicom._handlers - Priority                      : Medium
2026-10-05 08:06:42,494 [DEBUG] pynetdicom._handlers - ============================ END DIMSE MESSAGE =============================
2026-10-05 08:06:42,495 [DEBUG] pynetdicom.dsutils - pydicom.read_dataset() TransferSyntax="Little Endian Implicit"
2026-10-05 08:06:42,498 [INFO] HealthPACS - Utility: Directory esistente verificata: G:\ArchiveRoot\1.2.840.113619.2.1075997
2026-10-05 08:06:42,500 [INFO] HealthPACS - Utility: Directory esistente verificata: G:\ArchiveRoot\1.2.840.113619.2.1075997\1.3.12.2.1107.5.1.7.123161.30000024073109044472200000734
2026-10-05 08:06:42,504 [INFO] HealthPACS - [InstancesRepo] Creata nuova istanza [SOP: 1.3.12.2.1107.5.1.7.123161.30000024073109044472200003841]
2026-10-05 08:06:42,508 [INFO] HealthPACS - C-STORE: Salvata Istanza [ID: 6323, SOP: 1.3.12.2.1107.5.1.7.123161.30000024073109044472200003841] | Dim: 528812 B | Path: G:\ArchiveRoot\1.2.840.113619.2.1075997\1.3.12.2.1107.5.1.7.123161.30000024073109044472200000734\1.3.12.2.1107.5.1.7.123161.30000024073109044472200003841.dcm
2026-10-05 08:06:42,583 [DEBUG] pynetdicom.dsutils - pydicom.read_dataset() TransferSyntax="Little Endian Implicit"
2026-10-05 08:06:42,586 [INFO] pynetdicom._handlers - Received Store Request
2026-10-05 08:06:42,586 [DEBUG] pynetdicom._handlers - ========================== INCOMING DIMSE MESSAGE ==========================
2026-10-05 08:06:42,586 [DEBUG] pynetdicom._handlers - Message Type                  : C-STORE RQ
2026-10-05 08:06:42,586 [DEBUG] pynetdicom._handlers - Presentation Context ID       : 21
2026-10-05 08:06:42,586 [DEBUG] pynetdicom._handlers - Message ID                    : 2226
2026-10-05 08:06:42,586 [DEBUG] pynetdicom._handlers - Affected SOP Class UID        : CT Image Storage
2026-10-05 08:06:42,587 [DEBUG] pynetdicom._handlers - Affected SOP Instance UID     : 1.3.12.2.1107.5.1.7.123161.30000024073109044472200003842
2026-10-05 08:06:42,587 [DEBUG] pynetdicom._handlers - Data Set                      : Present
2026-10-05 08:06:42,587 [DEBUG] pynetdicom._handlers - Priority                      : Medium
2026-10-05 08:06:42,587 [DEBUG] pynetdicom._handlers - ============================ END DIMSE MESSAGE =============================
2026-10-05 08:06:42,587 [DEBUG] pynetdicom.dsutils - pydicom.read_dataset() TransferSyntax="Little Endian Implicit"
2026-10-05 08:06:42,591 [INFO] HealthPACS - Utility: Directory esistente verificata: G:\ArchiveRoot\1.2.840.113619.2.1075997
2026-10-05 08:06:42,592 [INFO] HealthPACS - Utility: Directory esistente verificata: G:\ArchiveRoot\1.2.840.113619.2.1075997\1.3.12.2.1107.5.1.7.123161.30000024073109044472200000734
2026-10-05 08:06:42,596 [INFO] HealthPACS - [InstancesRepo] Creata nuova istanza [SOP: 1.3.12.2.1107.5.1.7.123161.30000024073109044472200003842]
2026-10-05 08:06:42,599 [INFO] HealthPACS - C-STORE: Salvata Istanza [ID: 6324, SOP: 1.3.12.2.1107.5.1.7.123161.30000024073109044472200003842] | Dim: 528812 B | Path: G:\ArchiveRoot\1.2.840.113619.2.1075997\1.3.12.2.1107.5.1.7.123161.30000024073109044472200000734\1.3.12.2.1107.5.1.7.123161.30000024073109044472200003842.dcm
2026-10-05 08:06:42,677 [DEBUG] pynetdicom.dsutils - pydicom.read_dataset() TransferSyntax="Little Endian Implicit"
2026-10-05 08:06:42,680 [INFO] pynetdicom._handlers - Received Store Request
2026-10-05 08:06:42,681 [DEBUG] pynetdicom._handlers - ========================== INCOMING DIMSE MESSAGE ==========================
2026-10-05 08:06:42,681 [DEBUG] pynetdicom._handlers - Message Type                  : C-STORE RQ
2026-10-05 08:06:42,681 [DEBUG] pynetdicom._handlers - Presentation Context ID       : 21
2026-10-05 08:06:42,681 [DEBUG] pynetdicom._handlers - Message ID                    : 2227
2026-10-05 08:06:42,681 [DEBUG] pynetdicom._handlers - Affected SOP Class UID        : CT Image Storage
2026-10-05 08:06:42,681 [DEBUG] pynetdicom._handlers - Affected SOP Instance UID     : 1.3.12.2.1107.5.1.7.123161.30000024073109044472200003843
2026-10-05 08:06:42,681 [DEBUG] pynetdicom._handlers - Data Set                      : Present
2026-10-05 08:06:42,681 [DEBUG] pynetdicom._handlers - Priority                      : Medium
2026-10-05 08:06:42,682 [DEBUG] pynetdicom._handlers - ============================ END DIMSE MESSAGE =============================
2026-10-05 08:06:42,683 [DEBUG] pynetdicom.dsutils - pydicom.read_dataset() TransferSyntax="Little Endian Implicit"
2026-10-05 08:06:42,686 [INFO] HealthPACS - Utility: Directory esistente verificata: G:\ArchiveRoot\1.2.840.113619.2.1075997
2026-10-05 08:06:42,688 [INFO] HealthPACS - Utility: Directory esistente verificata: G:\ArchiveRoot\1.2.840.113619.2.1075997\1.3.12.2.1107.5.1.7.123161.30000024073109044472200000734
2026-10-05 08:06:42,692 [INFO] HealthPACS - [InstancesRepo] Creata nuova istanza [SOP: 1.3.12.2.1107.5.1.7.123161.30000024073109044472200003843]
2026-10-05 08:06:42,695 [INFO] HealthPACS - C-STORE: Salvata Istanza [ID: 6325, SOP: 1.3.12.2.1107.5.1.7.123161.30000024073109044472200003843] | Dim: 528812 B | Path: G:\ArchiveRoot\1.2.840.113619.2.1075997\1.3.12.2.1107.5.1.7.123161.30000024073109044472200000734\1.3.12.2.1107.5.1.7.123161.30000024073109044472200003843.dcm
2026-10-05 08:06:42,782 [DEBUG] pynetdicom.dsutils - pydicom.read_dataset() TransferSyntax="Little Endian Implicit"
2026-10-05 08:06:42,785 [INFO] pynetdicom._handlers - Received Store Request
2026-10-05 08:06:42,785 [DEBUG] pynetdicom._handlers - ========================== INCOMING DIMSE MESSAGE ==========================
2026-10-05 08:06:42,785 [DEBUG] pynetdicom._handlers - Message Type                  : C-STORE RQ
2026-10-05 08:06:42,785 [DEBUG] pynetdicom._handlers - Presentation Context ID       : 21
2026-10-05 08:06:42,785 [DEBUG] pynetdicom._handlers - Message ID                    : 2228
2026-10-05 08:06:42,785 [DEBUG] pynetdicom._handlers - Affected SOP Class UID        : CT Image Storage
2026-10-05 08:06:42,785 [DEBUG] pynetdicom._handlers - Affected SOP Instance UID     : 1.3.12.2.1107.5.1.7.123161.30000024073109044472200003844
2026-10-05 08:06:42,785 [DEBUG] pynetdicom._handlers - Data Set                      : Present
2026-10-05 08:06:42,786 [DEBUG] pynetdicom._handlers - Priority                      : Medium
2026-10-05 08:06:42,786 [DEBUG] pynetdicom._handlers - ============================ END DIMSE MESSAGE =============================
2026-10-05 08:06:42,787 [DEBUG] pynetdicom.dsutils - pydicom.read_dataset() TransferSyntax="Little Endian Implicit"
2026-10-05 08:06:42,791 [INFO] HealthPACS - Utility: Directory esistente verificata: G:\ArchiveRoot\1.2.840.113619.2.1075997
2026-10-05 08:06:42,792 [INFO] HealthPACS - Utility: Directory esistente verificata: G:\ArchiveRoot\1.2.840.113619.2.1075997\1.3.12.2.1107.5.1.7.123161.30000024073109044472200000734
2026-10-05 08:06:42,796 [INFO] HealthPACS - [InstancesRepo] Creata nuova istanza [SOP: 1.3.12.2.1107.5.1.7.123161.30000024073109044472200003844]
2026-10-05 08:06:42,799 [INFO] HealthPACS - C-STORE: Salvata Istanza [ID: 6326, SOP: 1.3.12.2.1107.5.1.7.123161.30000024073109044472200003844] | Dim: 528812 B | Path: G:\ArchiveRoot\1.2.840.113619.2.1075997\1.3.12.2.1107.5.1.7.123161.30000024073109044472200000734\1.3.12.2.1107.5.1.7.123161.30000024073109044472200003844.dcm
2026-10-05 08:06:42,890 [DEBUG] pynetdicom.dsutils - pydicom.read_dataset() TransferSyntax="Little Endian Implicit"
2026-10-05 08:06:42,893 [INFO] pynetdicom._handlers - Received Store Request
2026-10-05 08:06:42,893 [DEBUG] pynetdicom._handlers - ========================== INCOMING DIMSE MESSAGE ==========================
2026-10-05 08:06:42,893 [DEBUG] pynetdicom._handlers - Message Type                  : C-STORE RQ
2026-10-05 08:06:42,893 [DEBUG] pynetdicom._handlers - Presentation Context ID       : 21
2026-10-05 08:06:42,893 [DEBUG] pynetdicom._handlers - Message ID                    : 2229
2026-10-05 08:06:42,893 [DEBUG] pynetdicom._handlers - Affected SOP Class UID        : CT Image Storage
2026-10-05 08:06:42,893 [DEBUG] pynetdicom._handlers - Affected SOP Instance UID     : 1.3.12.2.1107.5.1.7.123161.30000024073109044472200003845
2026-10-05 08:06:42,894 [DEBUG] pynetdicom._handlers - Data Set                      : Present
2026-10-05 08:06:42,894 [DEBUG] pynetdicom._handlers - Priority                      : Medium
2026-10-05 08:06:42,894 [DEBUG] pynetdicom._handlers - ============================ END DIMSE MESSAGE =============================
2026-10-05 08:06:42,895 [DEBUG] pynetdicom.dsutils - pydicom.read_dataset() TransferSyntax="Little Endian Implicit"
2026-10-05 08:06:42,899 [INFO] HealthPACS - Utility: Directory esistente verificata: G:\ArchiveRoot\1.2.840.113619.2.1075997
2026-10-05 08:06:42,901 [INFO] HealthPACS - Utility: Directory esistente verificata: G:\ArchiveRoot\1.2.840.113619.2.1075997\1.3.12.2.1107.5.1.7.123161.30000024073109044472200000734
2026-10-05 08:06:42,905 [INFO] HealthPACS - [InstancesRepo] Creata nuova istanza [SOP: 1.3.12.2.1107.5.1.7.123161.30000024073109044472200003845]
2026-10-05 08:06:42,908 [INFO] HealthPACS - C-STORE: Salvata Istanza [ID: 6327, SOP: 1.3.12.2.1107.5.1.7.123161.30000024073109044472200003845] | Dim: 528812 B | Path: G:\ArchiveRoot\1.2.840.113619.2.1075997\1.3.12.2.1107.5.1.7.123161.30000024073109044472200000734\1.3.12.2.1107.5.1.7.123161.30000024073109044472200003845.dcm
2026-10-05 08:06:43,014 [DEBUG] pynetdicom.dsutils - pydicom.read_dataset() TransferSyntax="Little Endian Implicit"
2026-10-05 08:06:43,016 [INFO] pynetdicom._handlers - Received Store Request
2026-10-05 08:06:43,016 [DEBUG] pynetdicom._handlers - ========================== INCOMING DIMSE MESSAGE ==========================
2026-10-05 08:06:43,017 [DEBUG] pynetdicom._handlers - Message Type                  : C-STORE RQ
2026-10-05 08:06:43,017 [DEBUG] pynetdicom._handlers - Presentation Context ID       : 21
2026-10-05 08:06:43,017 [DEBUG] pynetdicom._handlers - Message ID                    : 2230
2026-10-05 08:06:43,017 [DEBUG] pynetdicom._handlers - Affected SOP Class UID        : CT Image Storage
2026-10-05 08:06:43,017 [DEBUG] pynetdicom._handlers - Affected SOP Instance UID     : 1.3.12.2.1107.5.1.7.123161.30000024073109044472200003846
2026-10-05 08:06:43,017 [DEBUG] pynetdicom._handlers - Data Set                      : Present
2026-10-05 08:06:43,017 [DEBUG] pynetdicom._handlers - Priority                      : Medium
2026-10-05 08:06:43,017 [DEBUG] pynetdicom._handlers - ============================ END DIMSE MESSAGE =============================
2026-10-05 08:06:43,018 [DEBUG] pynetdicom.dsutils - pydicom.read_dataset() TransferSyntax="Little Endian Implicit"
2026-10-05 08:06:43,022 [INFO] HealthPACS - Utility: Directory esistente verificata: G:\ArchiveRoot\1.2.840.113619.2.1075997
2026-10-05 08:06:43,023 [INFO] HealthPACS - Utility: Directory esistente verificata: G:\ArchiveRoot\1.2.840.113619.2.1075997\1.3.12.2.1107.5.1.7.123161.30000024073109044472200000734
2026-10-05 08:06:43,027 [INFO] HealthPACS - [InstancesRepo] Creata nuova istanza [SOP: 1.3.12.2.1107.5.1.7.123161.30000024073109044472200003846]
2026-10-05 08:06:43,031 [INFO] HealthPACS - C-STORE: Salvata Istanza [ID: 6328, SOP: 1.3.12.2.1107.5.1.7.123161.30000024073109044472200003846] | Dim: 528812 B | Path: G:\ArchiveRoot\1.2.840.113619.2.1075997\1.3.12.2.1107.5.1.7.123161.30000024073109044472200000734\1.3.12.2.1107.5.1.7.123161.30000024073109044472200003846.dcm
2026-10-05 08:06:43,094 [DEBUG] pynetdicom.dsutils - pydicom.read_dataset() TransferSyntax="Little Endian Implicit"
2026-10-05 08:06:43,097 [INFO] pynetdicom._handlers - Received Store Request
2026-10-05 08:06:43,097 [DEBUG] pynetdicom._handlers - ========================== INCOMING DIMSE MESSAGE ==========================
2026-10-05 08:06:43,097 [DEBUG] pynetdicom._handlers - Message Type                  : C-STORE RQ
2026-10-05 08:06:43,098 [DEBUG] pynetdicom._handlers - Presentation Context ID       : 21
2026-10-05 08:06:43,098 [DEBUG] pynetdicom._handlers - Message ID                    : 2231
2026-10-05 08:06:43,098 [DEBUG] pynetdicom._handlers - Affected SOP Class UID        : CT Image Storage
2026-10-05 08:06:43,098 [DEBUG] pynetdicom._handlers - Affected SOP Instance UID     : 1.3.12.2.1107.5.1.7.123161.30000024073109044472200003847
2026-10-05 08:06:43,098 [DEBUG] pynetdicom._handlers - Data Set                      : Present
2026-10-05 08:06:43,098 [DEBUG] pynetdicom._handlers - Priority                      : Medium
2026-10-05 08:06:43,098 [DEBUG] pynetdicom._handlers - ============================ END DIMSE MESSAGE =============================
2026-10-05 08:06:43,100 [DEBUG] pynetdicom.dsutils - pydicom.read_dataset() TransferSyntax="Little Endian Implicit"
2026-10-05 08:06:43,103 [INFO] HealthPACS - Utility: Directory esistente verificata: G:\ArchiveRoot\1.2.840.113619.2.1075997
2026-10-05 08:06:43,105 [INFO] HealthPACS - Utility: Directory esistente verificata: G:\ArchiveRoot\1.2.840.113619.2.1075997\1.3.12.2.1107.5.1.7.123161.30000024073109044472200000734
2026-10-05 08:06:43,109 [INFO] HealthPACS - [InstancesRepo] Creata nuova istanza [SOP: 1.3.12.2.1107.5.1.7.123161.30000024073109044472200003847]
2026-10-05 08:06:43,113 [INFO] HealthPACS - C-STORE: Salvata Istanza [ID: 6329, SOP: 1.3.12.2.1107.5.1.7.123161.30000024073109044472200003847] | Dim: 528812 B | Path: G:\ArchiveRoot\1.2.840.113619.2.1075997\1.3.12.2.1107.5.1.7.123161.30000024073109044472200000734\1.3.12.2.1107.5.1.7.123161.30000024073109044472200003847.dcm
2026-10-05 08:06:43,139 [DEBUG] pynetdicom.dsutils - pydicom.read_dataset() TransferSyntax="Little Endian Implicit"
2026-10-05 08:06:43,142 [INFO] pynetdicom._handlers - Received Store Request
2026-10-05 08:06:43,142 [DEBUG] pynetdicom._handlers - ========================== INCOMING DIMSE MESSAGE ==========================
2026-10-05 08:06:43,142 [DEBUG] pynetdicom._handlers - Message Type                  : C-STORE RQ
2026-10-05 08:06:43,142 [DEBUG] pynetdicom._handlers - Presentation Context ID       : 21
2026-10-05 08:06:43,142 [DEBUG] pynetdicom._handlers - Message ID                    : 2232
2026-10-05 08:06:43,143 [DEBUG] pynetdicom._handlers - Affected SOP Class UID        : CT Image Storage
2026-10-05 08:06:43,143 [DEBUG] pynetdicom._handlers - Affected SOP Instance UID     : 1.3.12.2.1107.5.1.7.123161.30000024073109044472200002670
2026-10-05 08:06:43,143 [DEBUG] pynetdicom._handlers - Data Set                      : Present
2026-10-05 08:06:43,143 [DEBUG] pynetdicom._handlers - Priority                      : Medium
2026-10-05 08:06:43,143 [DEBUG] pynetdicom._handlers - ============================ END DIMSE MESSAGE =============================
2026-10-05 08:06:43,144 [DEBUG] pynetdicom.dsutils - pydicom.read_dataset() TransferSyntax="Little Endian Implicit"
2026-10-05 08:06:43,147 [INFO] HealthPACS - Utility: Directory esistente verificata: G:\ArchiveRoot\1.2.840.113619.2.1075997
2026-10-05 08:06:43,149 [INFO] HealthPACS - Utility: Directory esistente verificata: G:\ArchiveRoot\1.2.840.113619.2.1075997\1.3.12.2.1107.5.1.7.123161.30000024073109044472200000734
2026-10-05 08:06:43,153 [INFO] HealthPACS - [InstancesRepo] Creata nuova istanza [SOP: 1.3.12.2.1107.5.1.7.123161.30000024073109044472200002670]
2026-10-05 08:06:43,158 [INFO] HealthPACS - C-STORE: Salvata Istanza [ID: 6330, SOP: 1.3.12.2.1107.5.1.7.123161.30000024073109044472200002670] | Dim: 528820 B | Path: G:\ArchiveRoot\1.2.840.113619.2.1075997\1.3.12.2.1107.5.1.7.123161.30000024073109044472200000734\1.3.12.2.1107.5.1.7.123161.30000024073109044472200002670.dcm
2026-10-05 08:06:43,195 [DEBUG] pynetdicom.dsutils - pydicom.read_dataset() TransferSyntax="Little Endian Implicit"
2026-10-05 08:06:43,197 [INFO] pynetdicom._handlers - Received Store Request
2026-10-05 08:06:43,198 [DEBUG] pynetdicom._handlers - ========================== INCOMING DIMSE MESSAGE ==========================
2026-10-05 08:06:43,198 [DEBUG] pynetdicom._handlers - Message Type                  : C-STORE RQ
2026-10-05 08:06:43,198 [DEBUG] pynetdicom._handlers - Presentation Context ID       : 21
2026-10-05 08:06:43,198 [DEBUG] pynetdicom._handlers - Message ID                    : 2233
2026-10-05 08:06:43,198 [DEBUG] pynetdicom._handlers - Affected SOP Class UID        : CT Image Storage
2026-10-05 08:06:43,198 [DEBUG] pynetdicom._handlers - Affected SOP Instance UID     : 1.3.12.2.1107.5.1.7.123161.30000024073109044472200003848
2026-10-05 08:06:43,198 [DEBUG] pynetdicom._handlers - Data Set                      : Present
2026-10-05 08:06:43,198 [DEBUG] pynetdicom._handlers - Priority                      : Medium
2026-10-05 08:06:43,199 [DEBUG] pynetdicom._handlers - ============================ END DIMSE MESSAGE =============================
2026-10-05 08:06:43,200 [DEBUG] pynetdicom.dsutils - pydicom.read_dataset() TransferSyntax="Little Endian Implicit"
2026-10-05 08:06:43,204 [INFO] HealthPACS - Utility: Directory esistente verificata: G:\ArchiveRoot\1.2.840.113619.2.1075997
2026-10-05 08:06:43,205 [INFO] HealthPACS - Utility: Directory esistente verificata: G:\ArchiveRoot\1.2.840.113619.2.1075997\1.3.12.2.1107.5.1.7.123161.30000024073109044472200000734
2026-10-05 08:06:43,210 [INFO] HealthPACS - [InstancesRepo] Creata nuova istanza [SOP: 1.3.12.2.1107.5.1.7.123161.30000024073109044472200003848]
2026-10-05 08:06:43,214 [INFO] HealthPACS - C-STORE: Salvata Istanza [ID: 6331, SOP: 1.3.12.2.1107.5.1.7.123161.30000024073109044472200003848] | Dim: 528812 B | Path: G:\ArchiveRoot\1.2.840.113619.2.1075997\1.3.12.2.1107.5.1.7.123161.30000024073109044472200000734\1.3.12.2.1107.5.1.7.123161.30000024073109044472200003848.dcm
2026-10-05 08:06:43,257 [DEBUG] pynetdicom.dsutils - pydicom.read_dataset() TransferSyntax="Little Endian Implicit"
2026-10-05 08:06:43,259 [INFO] pynetdicom._handlers - Received Store Request
2026-10-05 08:06:43,260 [DEBUG] pynetdicom._handlers - ========================== INCOMING DIMSE MESSAGE ==========================
2026-10-05 08:06:43,260 [DEBUG] pynetdicom._handlers - Message Type                  : C-STORE RQ
2026-10-05 08:06:43,261 [DEBUG] pynetdicom._handlers - Presentation Context ID       : 21
2026-10-05 08:06:43,261 [DEBUG] pynetdicom._handlers - Message ID                    : 2234
2026-10-05 08:06:43,261 [DEBUG] pynetdicom._handlers - Affected SOP Class UID        : CT Image Storage
2026-10-05 08:06:43,261 [DEBUG] pynetdicom._handlers - Affected SOP Instance UID     : 1.3.12.2.1107.5.1.7.123161.30000024073109044472200003849
2026-10-05 08:06:43,261 [DEBUG] pynetdicom._handlers - Data Set                      : Present
2026-10-05 08:06:43,261 [DEBUG] pynetdicom._handlers - Priority                      : Medium
2026-10-05 08:06:43,262 [DEBUG] pynetdicom._handlers - ============================ END DIMSE MESSAGE =============================
2026-10-05 08:06:43,262 [DEBUG] pynetdicom.dsutils - pydicom.read_dataset() TransferSyntax="Little Endian Implicit"
2026-10-05 08:06:43,266 [INFO] HealthPACS - Utility: Directory esistente verificata: G:\ArchiveRoot\1.2.840.113619.2.1075997
2026-10-05 08:06:43,268 [INFO] HealthPACS - Utility: Directory esistente verificata: G:\ArchiveRoot\1.2.840.113619.2.1075997\1.3.12.2.1107.5.1.7.123161.30000024073109044472200000734
2026-10-05 08:06:43,272 [INFO] HealthPACS - [InstancesRepo] Creata nuova istanza [SOP: 1.3.12.2.1107.5.1.7.123161.30000024073109044472200003849]
2026-10-05 08:06:43,275 [INFO] HealthPACS - C-STORE: Salvata Istanza [ID: 6332, SOP: 1.3.12.2.1107.5.1.7.123161.30000024073109044472200003849] | Dim: 528812 B | Path: G:\ArchiveRoot\1.2.840.113619.2.1075997\1.3.12.2.1107.5.1.7.123161.30000024073109044472200000734\1.3.12.2.1107.5.1.7.123161.30000024073109044472200003849.dcm
2026-10-05 08:06:43,321 [DEBUG] pynetdicom.dsutils - pydicom.read_dataset() TransferSyntax="Little Endian Implicit"
2026-10-05 08:06:43,323 [INFO] pynetdicom._handlers - Received Store Request
2026-10-05 08:06:43,324 [DEBUG] pynetdicom._handlers - ========================== INCOMING DIMSE MESSAGE ==========================
2026-10-05 08:06:43,324 [DEBUG] pynetdicom._handlers - Message Type                  : C-STORE RQ
2026-10-05 08:06:43,324 [DEBUG] pynetdicom._handlers - Presentation Context ID       : 21
2026-10-05 08:06:43,324 [DEBUG] pynetdicom._handlers - Message ID                    : 2235
2026-10-05 08:06:43,324 [DEBUG] pynetdicom._handlers - Affected SOP Class UID        : CT Image Storage
2026-10-05 08:06:43,324 [DEBUG] pynetdicom._handlers - Affected SOP Instance UID     : 1.3.12.2.1107.5.1.7.123161.30000024073109044472200003850
2026-10-05 08:06:43,324 [DEBUG] pynetdicom._handlers - Data Set                      : Present
2026-10-05 08:06:43,324 [DEBUG] pynetdicom._handlers - Priority                      : Medium
2026-10-05 08:06:43,324 [DEBUG] pynetdicom._handlers - ============================ END DIMSE MESSAGE =============================
2026-10-05 08:06:43,326 [DEBUG] pynetdicom.dsutils - pydicom.read_dataset() TransferSyntax="Little Endian Implicit"
2026-10-05 08:06:43,329 [INFO] HealthPACS - Utility: Directory esistente verificata: G:\ArchiveRoot\1.2.840.113619.2.1075997
2026-10-05 08:06:43,330 [INFO] HealthPACS - Utility: Directory esistente verificata: G:\ArchiveRoot\1.2.840.113619.2.1075997\1.3.12.2.1107.5.1.7.123161.30000024073109044472200000734
2026-10-05 08:06:43,335 [INFO] HealthPACS - [InstancesRepo] Creata nuova istanza [SOP: 1.3.12.2.1107.5.1.7.123161.30000024073109044472200003850]
2026-10-05 08:06:43,338 [INFO] HealthPACS - C-STORE: Salvata Istanza [ID: 6333, SOP: 1.3.12.2.1107.5.1.7.123161.30000024073109044472200003850] | Dim: 528812 B | Path: G:\ArchiveRoot\1.2.840.113619.2.1075997\1.3.12.2.1107.5.1.7.123161.30000024073109044472200000734\1.3.12.2.1107.5.1.7.123161.30000024073109044472200003850.dcm
2026-10-05 08:06:43,398 [DEBUG] pynetdicom.dsutils - pydicom.read_dataset() TransferSyntax="Little Endian Implicit"
2026-10-05 08:06:43,400 [INFO] pynetdicom._handlers - Received Store Request
2026-10-05 08:06:43,401 [DEBUG] pynetdicom._handlers - ========================== INCOMING DIMSE MESSAGE ==========================
2026-10-05 08:06:43,401 [DEBUG] pynetdicom._handlers - Message Type                  : C-STORE RQ
2026-10-05 08:06:43,401 [DEBUG] pynetdicom._handlers - Presentation Context ID       : 21
2026-10-05 08:06:43,401 [DEBUG] pynetdicom._handlers - Message ID                    : 2236
2026-10-05 08:06:43,401 [DEBUG] pynetdicom._handlers - Affected SOP Class UID        : CT Image Storage
2026-10-05 08:06:43,401 [DEBUG] pynetdicom._handlers - Affected SOP Instance UID     : 1.3.12.2.1107.5.1.7.123161.30000024073109044472200003851
2026-10-05 08:06:43,401 [DEBUG] pynetdicom._handlers - Data Set                      : Present
2026-10-05 08:06:43,401 [DEBUG] pynetdicom._handlers - Priority                      : Medium
2026-10-05 08:06:43,401 [DEBUG] pynetdicom._handlers - ============================ END DIMSE MESSAGE =============================
2026-10-05 08:06:43,402 [DEBUG] pynetdicom.dsutils - pydicom.read_dataset() TransferSyntax="Little Endian Implicit"
2026-10-05 08:06:43,405 [INFO] HealthPACS - Utility: Directory esistente verificata: G:\ArchiveRoot\1.2.840.113619.2.1075997
2026-10-05 08:06:43,407 [INFO] HealthPACS - Utility: Directory esistente verificata: G:\ArchiveRoot\1.2.840.113619.2.1075997\1.3.12.2.1107.5.1.7.123161.30000024073109044472200000734
2026-10-05 08:06:43,411 [INFO] HealthPACS - [InstancesRepo] Creata nuova istanza [SOP: 1.3.12.2.1107.5.1.7.123161.30000024073109044472200003851]
2026-10-05 08:06:43,414 [INFO] HealthPACS - C-STORE: Salvata Istanza [ID: 6334, SOP: 1.3.12.2.1107.5.1.7.123161.30000024073109044472200003851] | Dim: 528812 B | Path: G:\ArchiveRoot\1.2.840.113619.2.1075997\1.3.12.2.1107.5.1.7.123161.30000024073109044472200000734\1.3.12.2.1107.5.1.7.123161.30000024073109044472200003851.dcm
2026-10-05 08:06:43,462 [DEBUG] pynetdicom.dsutils - pydicom.read_dataset() TransferSyntax="Little Endian Implicit"
2026-10-05 08:06:43,465 [INFO] pynetdicom._handlers - Received Store Request
2026-10-05 08:06:43,465 [DEBUG] pynetdicom._handlers - ========================== INCOMING DIMSE MESSAGE ==========================
2026-10-05 08:06:43,465 [DEBUG] pynetdicom._handlers - Message Type                  : C-STORE RQ
2026-10-05 08:06:43,465 [DEBUG] pynetdicom._handlers - Presentation Context ID       : 21
2026-10-05 08:06:43,465 [DEBUG] pynetdicom._handlers - Message ID                    : 2237
2026-10-05 08:06:43,465 [DEBUG] pynetdicom._handlers - Affected SOP Class UID        : CT Image Storage
2026-10-05 08:06:43,465 [DEBUG] pynetdicom._handlers - Affected SOP Instance UID     : 1.3.12.2.1107.5.1.7.123161.30000024073109044472200003852
2026-10-05 08:06:43,465 [DEBUG] pynetdicom._handlers - Data Set                      : Present
2026-10-05 08:06:43,466 [DEBUG] pynetdicom._handlers - Priority                      : Medium
2026-10-05 08:06:43,466 [DEBUG] pynetdicom._handlers - ============================ END DIMSE MESSAGE =============================
2026-10-05 08:06:43,467 [DEBUG] pynetdicom.dsutils - pydicom.read_dataset() TransferSyntax="Little Endian Implicit"
2026-10-05 08:06:43,470 [INFO] HealthPACS - Utility: Directory esistente verificata: G:\ArchiveRoot\1.2.840.113619.2.1075997
2026-10-05 08:06:43,472 [INFO] HealthPACS - Utility: Directory esistente verificata: G:\ArchiveRoot\1.2.840.113619.2.1075997\1.3.12.2.1107.5.1.7.123161.30000024073109044472200000734
2026-10-05 08:06:43,476 [INFO] HealthPACS - [InstancesRepo] Creata nuova istanza [SOP: 1.3.12.2.1107.5.1.7.123161.30000024073109044472200003852]
2026-10-05 08:06:43,479 [INFO] HealthPACS - C-STORE: Salvata Istanza [ID: 6335, SOP: 1.3.12.2.1107.5.1.7.123161.30000024073109044472200003852] | Dim: 528812 B | Path: G:\ArchiveRoot\1.2.840.113619.2.1075997\1.3.12.2.1107.5.1.7.123161.30000024073109044472200000734\1.3.12.2.1107.5.1.7.123161.30000024073109044472200003852.dcm
2026-10-05 08:06:43,532 [DEBUG] pynetdicom.dsutils - pydicom.read_dataset() TransferSyntax="Little Endian Implicit"
2026-10-05 08:06:43,535 [INFO] pynetdicom._handlers - Received Store Request
2026-10-05 08:06:43,535 [DEBUG] pynetdicom._handlers - ========================== INCOMING DIMSE MESSAGE ==========================
2026-10-05 08:06:43,535 [DEBUG] pynetdicom._handlers - Message Type                  : C-STORE RQ
2026-10-05 08:06:43,536 [DEBUG] pynetdicom._handlers - Presentation Context ID       : 21
2026-10-05 08:06:43,536 [DEBUG] pynetdicom._handlers - Message ID                    : 2238
2026-10-05 08:06:43,536 [DEBUG] pynetdicom._handlers - Affected SOP Class UID        : CT Image Storage
2026-10-05 08:06:43,536 [DEBUG] pynetdicom._handlers - Affected SOP Instance UID     : 1.3.12.2.1107.5.1.7.123161.30000024073109044472200003853
2026-10-05 08:06:43,536 [DEBUG] pynetdicom._handlers - Data Set                      : Present
2026-10-05 08:06:43,536 [DEBUG] pynetdicom._handlers - Priority                      : Medium
2026-10-05 08:06:43,537 [DEBUG] pynetdicom._handlers - ============================ END DIMSE MESSAGE =============================
2026-10-05 08:06:43,538 [DEBUG] pynetdicom.dsutils - pydicom.read_dataset() TransferSyntax="Little Endian Implicit"
2026-10-05 08:06:43,542 [INFO] HealthPACS - Utility: Directory esistente verificata: G:\ArchiveRoot\1.2.840.113619.2.1075997
2026-10-05 08:06:43,544 [INFO] HealthPACS - Utility: Directory esistente verificata: G:\ArchiveRoot\1.2.840.113619.2.1075997\1.3.12.2.1107.5.1.7.123161.30000024073109044472200000734
2026-10-05 08:06:43,548 [INFO] HealthPACS - [InstancesRepo] Creata nuova istanza [SOP: 1.3.12.2.1107.5.1.7.123161.30000024073109044472200003853]
2026-10-05 08:06:43,551 [INFO] HealthPACS - C-STORE: Salvata Istanza [ID: 6336, SOP: 1.3.12.2.1107.5.1.7.123161.30000024073109044472200003853] | Dim: 528812 B | Path: G:\ArchiveRoot\1.2.840.113619.2.1075997\1.3.12.2.1107.5.1.7.123161.30000024073109044472200000734\1.3.12.2.1107.5.1.7.123161.30000024073109044472200003853.dcm
2026-10-05 08:06:43,607 [DEBUG] pynetdicom.dsutils - pydicom.read_dataset() TransferSyntax="Little Endian Implicit"
2026-10-05 08:06:43,609 [INFO] pynetdicom._handlers - Received Store Request
2026-10-05 08:06:43,609 [DEBUG] pynetdicom._handlers - ========================== INCOMING DIMSE MESSAGE ==========================
2026-10-05 08:06:43,609 [DEBUG] pynetdicom._handlers - Message Type                  : C-STORE RQ
2026-10-05 08:06:43,610 [DEBUG] pynetdicom._handlers - Presentation Context ID       : 21
2026-10-05 08:06:43,610 [DEBUG] pynetdicom._handlers - Message ID                    : 2239
2026-10-05 08:06:43,610 [DEBUG] pynetdicom._handlers - Affected SOP Class UID        : CT Image Storage
2026-10-05 08:06:43,610 [DEBUG] pynetdicom._handlers - Affected SOP Instance UID     : 1.3.12.2.1107.5.1.7.123161.30000024073109044472200003854
2026-10-05 08:06:43,610 [DEBUG] pynetdicom._handlers - Data Set                      : Present
2026-10-05 08:06:43,610 [DEBUG] pynetdicom._handlers - Priority                      : Medium
2026-10-05 08:06:43,611 [DEBUG] pynetdicom._handlers - ============================ END DIMSE MESSAGE =============================
2026-10-05 08:06:43,611 [DEBUG] pynetdicom.dsutils - pydicom.read_dataset() TransferSyntax="Little Endian Implicit"
2026-10-05 08:06:43,615 [INFO] HealthPACS - Utility: Directory esistente verificata: G:\ArchiveRoot\1.2.840.113619.2.1075997
2026-10-05 08:06:43,617 [INFO] HealthPACS - Utility: Directory esistente verificata: G:\ArchiveRoot\1.2.840.113619.2.1075997\1.3.12.2.1107.5.1.7.123161.30000024073109044472200000734
2026-10-05 08:06:43,621 [INFO] HealthPACS - [InstancesRepo] Creata nuova istanza [SOP: 1.3.12.2.1107.5.1.7.123161.30000024073109044472200003854]
2026-10-05 08:06:43,624 [INFO] HealthPACS - C-STORE: Salvata Istanza [ID: 6337, SOP: 1.3.12.2.1107.5.1.7.123161.30000024073109044472200003854] | Dim: 528812 B | Path: G:\ArchiveRoot\1.2.840.113619.2.1075997\1.3.12.2.1107.5.1.7.123161.30000024073109044472200000734\1.3.12.2.1107.5.1.7.123161.30000024073109044472200003854.dcm
2026-10-05 08:06:43,684 [DEBUG] pynetdicom.dsutils - pydicom.read_dataset() TransferSyntax="Little Endian Implicit"
2026-10-05 08:06:43,686 [INFO] pynetdicom._handlers - Received Store Request
2026-10-05 08:06:43,687 [DEBUG] pynetdicom._handlers - ========================== INCOMING DIMSE MESSAGE ==========================
2026-10-05 08:06:43,687 [DEBUG] pynetdicom._handlers - Message Type                  : C-STORE RQ
2026-10-05 08:06:43,687 [DEBUG] pynetdicom._handlers - Presentation Context ID       : 21
2026-10-05 08:06:43,687 [DEBUG] pynetdicom._handlers - Message ID                    : 2240
2026-10-05 08:06:43,687 [DEBUG] pynetdicom._handlers - Affected SOP Class UID        : CT Image Storage
2026-10-05 08:06:43,687 [DEBUG] pynetdicom._handlers - Affected SOP Instance UID     : 1.3.12.2.1107.5.1.7.123161.30000024073109044472200003855
2026-10-05 08:06:43,687 [DEBUG] pynetdicom._handlers - Data Set                      : Present
2026-10-05 08:06:43,687 [DEBUG] pynetdicom._handlers - Priority                      : Medium
2026-10-05 08:06:43,687 [DEBUG] pynetdicom._handlers - ============================ END DIMSE MESSAGE =============================
2026-10-05 08:06:43,689 [DEBUG] pynetdicom.dsutils - pydicom.read_dataset() TransferSyntax="Little Endian Implicit"
2026-10-05 08:06:43,692 [INFO] HealthPACS - Utility: Directory esistente verificata: G:\ArchiveRoot\1.2.840.113619.2.1075997
2026-10-05 08:06:43,694 [INFO] HealthPACS - Utility: Directory esistente verificata: G:\ArchiveRoot\1.2.840.113619.2.1075997\1.3.12.2.1107.5.1.7.123161.30000024073109044472200000734
2026-10-05 08:06:43,697 [INFO] HealthPACS - [InstancesRepo] Creata nuova istanza [SOP: 1.3.12.2.1107.5.1.7.123161.30000024073109044472200003855]
2026-10-05 08:06:43,700 [INFO] HealthPACS - C-STORE: Salvata Istanza [ID: 6338, SOP: 1.3.12.2.1107.5.1.7.123161.30000024073109044472200003855] | Dim: 528812 B | Path: G:\ArchiveRoot\1.2.840.113619.2.1075997\1.3.12.2.1107.5.1.7.123161.30000024073109044472200000734\1.3.12.2.1107.5.1.7.123161.30000024073109044472200003855.dcm
2026-10-05 08:06:43,765 [DEBUG] pynetdicom.dsutils - pydicom.read_dataset() TransferSyntax="Little Endian Implicit"
2026-10-05 08:06:43,766 [INFO] pynetdicom._handlers - Received Store Request
2026-10-05 08:06:43,767 [DEBUG] pynetdicom._handlers - ========================== INCOMING DIMSE MESSAGE ==========================
2026-10-05 08:06:43,767 [DEBUG] pynetdicom._handlers - Message Type                  : C-STORE RQ
2026-10-05 08:06:43,767 [DEBUG] pynetdicom._handlers - Presentation Context ID       : 21
2026-10-05 08:06:43,767 [DEBUG] pynetdicom._handlers - Message ID                    : 2241
2026-10-05 08:06:43,767 [DEBUG] pynetdicom._handlers - Affected SOP Class UID        : CT Image Storage
2026-10-05 08:06:43,767 [DEBUG] pynetdicom._handlers - Affected SOP Instance UID     : 1.3.12.2.1107.5.1.7.123161.30000024073109044472200003856
2026-10-05 08:06:43,767 [DEBUG] pynetdicom._handlers - Data Set                      : Present
2026-10-05 08:06:43,767 [DEBUG] pynetdicom._handlers - Priority                      : Medium
2026-10-05 08:06:43,767 [DEBUG] pynetdicom._handlers - ============================ END DIMSE MESSAGE =============================
2026-10-05 08:06:43,768 [DEBUG] pynetdicom.dsutils - pydicom.read_dataset() TransferSyntax="Little Endian Implicit"
2026-10-05 08:06:43,771 [INFO] HealthPACS - Utility: Directory esistente verificata: G:\ArchiveRoot\1.2.840.113619.2.1075997
2026-10-05 08:06:43,774 [INFO] HealthPACS - Utility: Directory esistente verificata: G:\ArchiveRoot\1.2.840.113619.2.1075997\1.3.12.2.1107.5.1.7.123161.30000024073109044472200000734
2026-10-05 08:06:43,778 [INFO] HealthPACS - [InstancesRepo] Creata nuova istanza [SOP: 1.3.12.2.1107.5.1.7.123161.30000024073109044472200003856]
2026-10-05 08:06:43,781 [INFO] HealthPACS - C-STORE: Salvata Istanza [ID: 6339, SOP: 1.3.12.2.1107.5.1.7.123161.30000024073109044472200003856] | Dim: 528812 B | Path: G:\ArchiveRoot\1.2.840.113619.2.1075997\1.3.12.2.1107.5.1.7.123161.30000024073109044472200000734\1.3.12.2.1107.5.1.7.123161.30000024073109044472200003856.dcm
2026-10-05 08:06:43,849 [DEBUG] pynetdicom.dsutils - pydicom.read_dataset() TransferSyntax="Little Endian Implicit"
2026-10-05 08:06:43,851 [INFO] pynetdicom._handlers - Received Store Request
2026-10-05 08:06:43,851 [DEBUG] pynetdicom._handlers - ========================== INCOMING DIMSE MESSAGE ==========================
2026-10-05 08:06:43,851 [DEBUG] pynetdicom._handlers - Message Type                  : C-STORE RQ
2026-10-05 08:06:43,851 [DEBUG] pynetdicom._handlers - Presentation Context ID       : 21
2026-10-05 08:06:43,851 [DEBUG] pynetdicom._handlers - Message ID                    : 2242
2026-10-05 08:06:43,852 [DEBUG] pynetdicom._handlers - Affected SOP Class UID        : CT Image Storage
2026-10-05 08:06:43,852 [DEBUG] pynetdicom._handlers - Affected SOP Instance UID     : 1.3.12.2.1107.5.1.7.123161.30000024073109044472200003857
2026-10-05 08:06:43,852 [DEBUG] pynetdicom._handlers - Data Set                      : Present
2026-10-05 08:06:43,852 [DEBUG] pynetdicom._handlers - Priority                      : Medium
2026-10-05 08:06:43,852 [DEBUG] pynetdicom._handlers - ============================ END DIMSE MESSAGE =============================
2026-10-05 08:06:43,853 [DEBUG] pynetdicom.dsutils - pydicom.read_dataset() TransferSyntax="Little Endian Implicit"
2026-10-05 08:06:43,856 [INFO] HealthPACS - Utility: Directory esistente verificata: G:\ArchiveRoot\1.2.840.113619.2.1075997
2026-10-05 08:06:43,858 [INFO] HealthPACS - Utility: Directory esistente verificata: G:\ArchiveRoot\1.2.840.113619.2.1075997\1.3.12.2.1107.5.1.7.123161.30000024073109044472200000734
2026-10-05 08:06:43,862 [INFO] HealthPACS - [InstancesRepo] Creata nuova istanza [SOP: 1.3.12.2.1107.5.1.7.123161.30000024073109044472200003857]
2026-10-05 08:06:43,865 [INFO] HealthPACS - C-STORE: Salvata Istanza [ID: 6340, SOP: 1.3.12.2.1107.5.1.7.123161.30000024073109044472200003857] | Dim: 528812 B | Path: G:\ArchiveRoot\1.2.840.113619.2.1075997\1.3.12.2.1107.5.1.7.123161.30000024073109044472200000734\1.3.12.2.1107.5.1.7.123161.30000024073109044472200003857.dcm
2026-10-05 08:06:43,934 [DEBUG] pynetdicom.dsutils - pydicom.read_dataset() TransferSyntax="Little Endian Implicit"
2026-10-05 08:06:43,936 [INFO] pynetdicom._handlers - Received Store Request
2026-10-05 08:06:43,936 [DEBUG] pynetdicom._handlers - ========================== INCOMING DIMSE MESSAGE ==========================
2026-10-05 08:06:43,936 [DEBUG] pynetdicom._handlers - Message Type                  : C-STORE RQ
2026-10-05 08:06:43,936 [DEBUG] pynetdicom._handlers - Presentation Context ID       : 21
2026-10-05 08:06:43,937 [DEBUG] pynetdicom._handlers - Message ID                    : 2243
2026-10-05 08:06:43,937 [DEBUG] pynetdicom._handlers - Affected SOP Class UID        : CT Image Storage
2026-10-05 08:06:43,937 [DEBUG] pynetdicom._handlers - Affected SOP Instance UID     : 1.3.12.2.1107.5.1.7.123161.30000024073109044472200002671
2026-10-05 08:06:43,937 [DEBUG] pynetdicom._handlers - Data Set                      : Present
2026-10-05 08:06:43,937 [DEBUG] pynetdicom._handlers - Priority                      : Medium
2026-10-05 08:06:43,937 [DEBUG] pynetdicom._handlers - ============================ END DIMSE MESSAGE =============================
2026-10-05 08:06:43,938 [DEBUG] pynetdicom.dsutils - pydicom.read_dataset() TransferSyntax="Little Endian Implicit"
2026-10-05 08:06:43,942 [INFO] HealthPACS - Utility: Directory esistente verificata: G:\ArchiveRoot\1.2.840.113619.2.1075997
2026-10-05 08:06:43,944 [INFO] HealthPACS - Utility: Directory esistente verificata: G:\ArchiveRoot\1.2.840.113619.2.1075997\1.3.12.2.1107.5.1.7.123161.30000024073109044472200000734
2026-10-05 08:06:43,948 [INFO] HealthPACS - [InstancesRepo] Creata nuova istanza [SOP: 1.3.12.2.1107.5.1.7.123161.30000024073109044472200002671]
2026-10-05 08:06:43,951 [INFO] HealthPACS - C-STORE: Salvata Istanza [ID: 6341, SOP: 1.3.12.2.1107.5.1.7.123161.30000024073109044472200002671] | Dim: 528820 B | Path: G:\ArchiveRoot\1.2.840.113619.2.1075997\1.3.12.2.1107.5.1.7.123161.30000024073109044472200000734\1.3.12.2.1107.5.1.7.123161.30000024073109044472200002671.dcm
2026-10-05 08:06:44,023 [DEBUG] pynetdicom.dsutils - pydicom.read_dataset() TransferSyntax="Little Endian Implicit"
2026-10-05 08:06:44,025 [INFO] pynetdicom._handlers - Received Store Request
2026-10-05 08:06:44,025 [DEBUG] pynetdicom._handlers - ========================== INCOMING DIMSE MESSAGE ==========================
2026-10-05 08:06:44,025 [DEBUG] pynetdicom._handlers - Message Type                  : C-STORE RQ
2026-10-05 08:06:44,025 [DEBUG] pynetdicom._handlers - Presentation Context ID       : 21
2026-10-05 08:06:44,026 [DEBUG] pynetdicom._handlers - Message ID                    : 2244
2026-10-05 08:06:44,026 [DEBUG] pynetdicom._handlers - Affected SOP Class UID        : CT Image Storage
2026-10-05 08:06:44,026 [DEBUG] pynetdicom._handlers - Affected SOP Instance UID     : 1.3.12.2.1107.5.1.7.123161.30000024073109044472200003858
2026-10-05 08:06:44,026 [DEBUG] pynetdicom._handlers - Data Set                      : Present
2026-10-05 08:06:44,026 [DEBUG] pynetdicom._handlers - Priority                      : Medium
2026-10-05 08:06:44,026 [DEBUG] pynetdicom._handlers - ============================ END DIMSE MESSAGE =============================
2026-10-05 08:06:44,027 [DEBUG] pynetdicom.dsutils - pydicom.read_dataset() TransferSyntax="Little Endian Implicit"
2026-10-05 08:06:44,030 [INFO] HealthPACS - Utility: Directory esistente verificata: G:\ArchiveRoot\1.2.840.113619.2.1075997
2026-10-05 08:06:44,032 [INFO] HealthPACS - Utility: Directory esistente verificata: G:\ArchiveRoot\1.2.840.113619.2.1075997\1.3.12.2.1107.5.1.7.123161.30000024073109044472200000734
2026-10-05 08:06:44,035 [INFO] HealthPACS - [InstancesRepo] Creata nuova istanza [SOP: 1.3.12.2.1107.5.1.7.123161.30000024073109044472200003858]
2026-10-05 08:06:44,038 [INFO] HealthPACS - C-STORE: Salvata Istanza [ID: 6342, SOP: 1.3.12.2.1107.5.1.7.123161.30000024073109044472200003858] | Dim: 528812 B | Path: G:\ArchiveRoot\1.2.840.113619.2.1075997\1.3.12.2.1107.5.1.7.123161.30000024073109044472200000734\1.3.12.2.1107.5.1.7.123161.30000024073109044472200003858.dcm
2026-10-05 08:06:44,117 [DEBUG] pynetdicom.dsutils - pydicom.read_dataset() TransferSyntax="Little Endian Implicit"
2026-10-05 08:06:44,119 [INFO] pynetdicom._handlers - Received Store Request
2026-10-05 08:06:44,119 [DEBUG] pynetdicom._handlers - ========================== INCOMING DIMSE MESSAGE ==========================
2026-10-05 08:06:44,119 [DEBUG] pynetdicom._handlers - Message Type                  : C-STORE RQ
2026-10-05 08:06:44,119 [DEBUG] pynetdicom._handlers - Presentation Context ID       : 21
2026-10-05 08:06:44,119 [DEBUG] pynetdicom._handlers - Message ID                    : 2245
2026-10-05 08:06:44,119 [DEBUG] pynetdicom._handlers - Affected SOP Class UID        : CT Image Storage
2026-10-05 08:06:44,119 [DEBUG] pynetdicom._handlers - Affected SOP Instance UID     : 1.3.12.2.1107.5.1.7.123161.30000024073109044472200003859
2026-10-05 08:06:44,119 [DEBUG] pynetdicom._handlers - Data Set                      : Present
2026-10-05 08:06:44,120 [DEBUG] pynetdicom._handlers - Priority                      : Medium
2026-10-05 08:06:44,120 [DEBUG] pynetdicom._handlers - ============================ END DIMSE MESSAGE =============================
2026-10-05 08:06:44,121 [DEBUG] pynetdicom.dsutils - pydicom.read_dataset() TransferSyntax="Little Endian Implicit"
2026-10-05 08:06:44,124 [INFO] HealthPACS - Utility: Directory esistente verificata: G:\ArchiveRoot\1.2.840.113619.2.1075997
2026-10-05 08:06:44,126 [INFO] HealthPACS - Utility: Directory esistente verificata: G:\ArchiveRoot\1.2.840.113619.2.1075997\1.3.12.2.1107.5.1.7.123161.30000024073109044472200000734
2026-10-05 08:06:44,130 [INFO] HealthPACS - [InstancesRepo] Creata nuova istanza [SOP: 1.3.12.2.1107.5.1.7.123161.30000024073109044472200003859]
2026-10-05 08:06:44,133 [INFO] HealthPACS - C-STORE: Salvata Istanza [ID: 6343, SOP: 1.3.12.2.1107.5.1.7.123161.30000024073109044472200003859] | Dim: 528812 B | Path: G:\ArchiveRoot\1.2.840.113619.2.1075997\1.3.12.2.1107.5.1.7.123161.30000024073109044472200000734\1.3.12.2.1107.5.1.7.123161.30000024073109044472200003859.dcm
2026-10-05 08:06:44,216 [DEBUG] pynetdicom.dsutils - pydicom.read_dataset() TransferSyntax="Little Endian Implicit"
2026-10-05 08:06:44,217 [INFO] pynetdicom._handlers - Received Store Request
2026-10-05 08:06:44,218 [DEBUG] pynetdicom._handlers - ========================== INCOMING DIMSE MESSAGE ==========================
2026-10-05 08:06:44,218 [DEBUG] pynetdicom._handlers - Message Type                  : C-STORE RQ
2026-10-05 08:06:44,218 [DEBUG] pynetdicom._handlers - Presentation Context ID       : 21
2026-10-05 08:06:44,218 [DEBUG] pynetdicom._handlers - Message ID                    : 2246
2026-10-05 08:06:44,218 [DEBUG] pynetdicom._handlers - Affected SOP Class UID        : CT Image Storage
2026-10-05 08:06:44,218 [DEBUG] pynetdicom._handlers - Affected SOP Instance UID     : 1.3.12.2.1107.5.1.7.123161.30000024073109044472200003860
2026-10-05 08:06:44,219 [DEBUG] pynetdicom._handlers - Data Set                      : Present
2026-10-05 08:06:44,219 [DEBUG] pynetdicom._handlers - Priority                      : Medium
2026-10-05 08:06:44,219 [DEBUG] pynetdicom._handlers - ============================ END DIMSE MESSAGE =============================
2026-10-05 08:06:44,220 [DEBUG] pynetdicom.dsutils - pydicom.read_dataset() TransferSyntax="Little Endian Implicit"
2026-10-05 08:06:44,223 [INFO] HealthPACS - Utility: Directory esistente verificata: G:\ArchiveRoot\1.2.840.113619.2.1075997
2026-10-05 08:06:44,225 [INFO] HealthPACS - Utility: Directory esistente verificata: G:\ArchiveRoot\1.2.840.113619.2.1075997\1.3.12.2.1107.5.1.7.123161.30000024073109044472200000734
2026-10-05 08:06:44,228 [INFO] HealthPACS - [InstancesRepo] Creata nuova istanza [SOP: 1.3.12.2.1107.5.1.7.123161.30000024073109044472200003860]
2026-10-05 08:06:44,231 [INFO] HealthPACS - C-STORE: Salvata Istanza [ID: 6344, SOP: 1.3.12.2.1107.5.1.7.123161.30000024073109044472200003860] | Dim: 528812 B | Path: G:\ArchiveRoot\1.2.840.113619.2.1075997\1.3.12.2.1107.5.1.7.123161.30000024073109044472200000734\1.3.12.2.1107.5.1.7.123161.30000024073109044472200003860.dcm
2026-10-05 08:06:44,320 [DEBUG] pynetdicom.dsutils - pydicom.read_dataset() TransferSyntax="Little Endian Implicit"
2026-10-05 08:06:44,323 [INFO] pynetdicom._handlers - Received Store Request
2026-10-05 08:06:44,323 [DEBUG] pynetdicom._handlers - ========================== INCOMING DIMSE MESSAGE ==========================
2026-10-05 08:06:44,323 [DEBUG] pynetdicom._handlers - Message Type                  : C-STORE RQ
2026-10-05 08:06:44,323 [DEBUG] pynetdicom._handlers - Presentation Context ID       : 21
2026-10-05 08:06:44,323 [DEBUG] pynetdicom._handlers - Message ID                    : 2247
2026-10-05 08:06:44,324 [DEBUG] pynetdicom._handlers - Affected SOP Class UID        : CT Image Storage
2026-10-05 08:06:44,324 [DEBUG] pynetdicom._handlers - Affected SOP Instance UID     : 1.3.12.2.1107.5.1.7.123161.30000024073109044472200003861
2026-10-05 08:06:44,324 [DEBUG] pynetdicom._handlers - Data Set                      : Present
2026-10-05 08:06:44,324 [DEBUG] pynetdicom._handlers - Priority                      : Medium
2026-10-05 08:06:44,324 [DEBUG] pynetdicom._handlers - ============================ END DIMSE MESSAGE =============================
2026-10-05 08:06:44,325 [DEBUG] pynetdicom.dsutils - pydicom.read_dataset() TransferSyntax="Little Endian Implicit"
2026-10-05 08:06:44,328 [INFO] HealthPACS - Utility: Directory esistente verificata: G:\ArchiveRoot\1.2.840.113619.2.1075997
2026-10-05 08:06:44,330 [INFO] HealthPACS - Utility: Directory esistente verificata: G:\ArchiveRoot\1.2.840.113619.2.1075997\1.3.12.2.1107.5.1.7.123161.30000024073109044472200000734
2026-10-05 08:06:44,334 [INFO] HealthPACS - [InstancesRepo] Creata nuova istanza [SOP: 1.3.12.2.1107.5.1.7.123161.30000024073109044472200003861]
2026-10-05 08:06:44,337 [INFO] HealthPACS - C-STORE: Salvata Istanza [ID: 6345, SOP: 1.3.12.2.1107.5.1.7.123161.30000024073109044472200003861] | Dim: 528812 B | Path: G:\ArchiveRoot\1.2.840.113619.2.1075997\1.3.12.2.1107.5.1.7.123161.30000024073109044472200000734\1.3.12.2.1107.5.1.7.123161.30000024073109044472200003861.dcm
2026-10-05 08:06:44,432 [DEBUG] pynetdicom.dsutils - pydicom.read_dataset() TransferSyntax="Little Endian Implicit"
2026-10-05 08:06:44,435 [INFO] pynetdicom._handlers - Received Store Request
2026-10-05 08:06:44,435 [DEBUG] pynetdicom._handlers - ========================== INCOMING DIMSE MESSAGE ==========================
2026-10-05 08:06:44,435 [DEBUG] pynetdicom._handlers - Message Type                  : C-STORE RQ
2026-10-05 08:06:44,435 [DEBUG] pynetdicom._handlers - Presentation Context ID       : 21
2026-10-05 08:06:44,436 [DEBUG] pynetdicom._handlers - Message ID                    : 2248
2026-10-05 08:06:44,436 [DEBUG] pynetdicom._handlers - Affected SOP Class UID        : CT Image Storage
2026-10-05 08:06:44,436 [DEBUG] pynetdicom._handlers - Affected SOP Instance UID     : 1.3.12.2.1107.5.1.7.123161.30000024073109044472200003862
2026-10-05 08:06:44,436 [DEBUG] pynetdicom._handlers - Data Set                      : Present
2026-10-05 08:06:44,436 [DEBUG] pynetdicom._handlers - Priority                      : Medium
2026-10-05 08:06:44,437 [DEBUG] pynetdicom._handlers - ============================ END DIMSE MESSAGE =============================
2026-10-05 08:06:44,438 [DEBUG] pynetdicom.dsutils - pydicom.read_dataset() TransferSyntax="Little Endian Implicit"
2026-10-05 08:06:44,444 [INFO] HealthPACS - Utility: Directory esistente verificata: G:\ArchiveRoot\1.2.840.113619.2.1075997
2026-10-05 08:06:44,448 [INFO] HealthPACS - Utility: Directory esistente verificata: G:\ArchiveRoot\1.2.840.113619.2.1075997\1.3.12.2.1107.5.1.7.123161.30000024073109044472200000734
2026-10-05 08:06:44,453 [INFO] HealthPACS - [InstancesRepo] Creata nuova istanza [SOP: 1.3.12.2.1107.5.1.7.123161.30000024073109044472200003862]
2026-10-05 08:06:44,458 [INFO] HealthPACS - C-STORE: Salvata Istanza [ID: 6346, SOP: 1.3.12.2.1107.5.1.7.123161.30000024073109044472200003862] | Dim: 528812 B | Path: G:\ArchiveRoot\1.2.840.113619.2.1075997\1.3.12.2.1107.5.1.7.123161.30000024073109044472200000734\1.3.12.2.1107.5.1.7.123161.30000024073109044472200003862.dcm
2026-10-05 08:06:44,485 [DEBUG] pynetdicom.dsutils - pydicom.read_dataset() TransferSyntax="Little Endian Implicit"
2026-10-05 08:06:44,490 [INFO] pynetdicom._handlers - Received Store Request
2026-10-05 08:06:44,490 [DEBUG] pynetdicom._handlers - ========================== INCOMING DIMSE MESSAGE ==========================
2026-10-05 08:06:44,490 [DEBUG] pynetdicom._handlers - Message Type                  : C-STORE RQ
2026-10-05 08:06:44,490 [DEBUG] pynetdicom._handlers - Presentation Context ID       : 21
2026-10-05 08:06:44,490 [DEBUG] pynetdicom._handlers - Message ID                    : 2249
2026-10-05 08:06:44,490 [DEBUG] pynetdicom._handlers - Affected SOP Class UID        : CT Image Storage
2026-10-05 08:06:44,491 [DEBUG] pynetdicom._handlers - Affected SOP Instance UID     : 1.3.12.2.1107.5.1.7.123161.30000024073109044472200003863
2026-10-05 08:06:44,491 [DEBUG] pynetdicom._handlers - Data Set                      : Present
2026-10-05 08:06:44,491 [DEBUG] pynetdicom._handlers - Priority                      : Medium
2026-10-05 08:06:44,491 [DEBUG] pynetdicom._handlers - ============================ END DIMSE MESSAGE =============================
2026-10-05 08:06:44,493 [DEBUG] pynetdicom.dsutils - pydicom.read_dataset() TransferSyntax="Little Endian Implicit"
2026-10-05 08:06:44,497 [INFO] HealthPACS - Utility: Directory esistente verificata: G:\ArchiveRoot\1.2.840.113619.2.1075997
2026-10-05 08:06:44,499 [INFO] HealthPACS - Utility: Directory esistente verificata: G:\ArchiveRoot\1.2.840.113619.2.1075997\1.3.12.2.1107.5.1.7.123161.30000024073109044472200000734
2026-10-05 08:06:44,503 [INFO] HealthPACS - [InstancesRepo] Creata nuova istanza [SOP: 1.3.12.2.1107.5.1.7.123161.30000024073109044472200003863]
2026-10-05 08:06:44,506 [INFO] HealthPACS - C-STORE: Salvata Istanza [ID: 6347, SOP: 1.3.12.2.1107.5.1.7.123161.30000024073109044472200003863] | Dim: 528812 B | Path: G:\ArchiveRoot\1.2.840.113619.2.1075997\1.3.12.2.1107.5.1.7.123161.30000024073109044472200000734\1.3.12.2.1107.5.1.7.123161.30000024073109044472200003863.dcm
2026-10-05 08:06:44,541 [DEBUG] pynetdicom.dsutils - pydicom.read_dataset() TransferSyntax="Little Endian Implicit"
2026-10-05 08:06:44,543 [INFO] pynetdicom._handlers - Received Store Request
2026-10-05 08:06:44,543 [DEBUG] pynetdicom._handlers - ========================== INCOMING DIMSE MESSAGE ==========================
2026-10-05 08:06:44,544 [DEBUG] pynetdicom._handlers - Message Type                  : C-STORE RQ
2026-10-05 08:06:44,544 [DEBUG] pynetdicom._handlers - Presentation Context ID       : 21
2026-10-05 08:06:44,544 [DEBUG] pynetdicom._handlers - Message ID                    : 2250
2026-10-05 08:06:44,544 [DEBUG] pynetdicom._handlers - Affected SOP Class UID        : CT Image Storage
2026-10-05 08:06:44,544 [DEBUG] pynetdicom._handlers - Affected SOP Instance UID     : 1.3.12.2.1107.5.1.7.123161.30000024073109044472200003864
2026-10-05 08:06:44,544 [DEBUG] pynetdicom._handlers - Data Set                      : Present
2026-10-05 08:06:44,544 [DEBUG] pynetdicom._handlers - Priority                      : Medium
2026-10-05 08:06:44,544 [DEBUG] pynetdicom._handlers - ============================ END DIMSE MESSAGE =============================
2026-10-05 08:06:44,545 [DEBUG] pynetdicom.dsutils - pydicom.read_dataset() TransferSyntax="Little Endian Implicit"
2026-10-05 08:06:44,550 [INFO] HealthPACS - Utility: Directory esistente verificata: G:\ArchiveRoot\1.2.840.113619.2.1075997
2026-10-05 08:06:44,552 [INFO] HealthPACS - Utility: Directory esistente verificata: G:\ArchiveRoot\1.2.840.113619.2.1075997\1.3.12.2.1107.5.1.7.123161.30000024073109044472200000734
2026-10-05 08:06:44,559 [INFO] HealthPACS - [InstancesRepo] Creata nuova istanza [SOP: 1.3.12.2.1107.5.1.7.123161.30000024073109044472200003864]
2026-10-05 08:06:44,563 [INFO] HealthPACS - C-STORE: Salvata Istanza [ID: 6348, SOP: 1.3.12.2.1107.5.1.7.123161.30000024073109044472200003864] | Dim: 528812 B | Path: G:\ArchiveRoot\1.2.840.113619.2.1075997\1.3.12.2.1107.5.1.7.123161.30000024073109044472200000734\1.3.12.2.1107.5.1.7.123161.30000024073109044472200003864.dcm
2026-10-05 08:06:44,603 [DEBUG] pynetdicom.dsutils - pydicom.read_dataset() TransferSyntax="Little Endian Implicit"
2026-10-05 08:06:44,605 [INFO] pynetdicom._handlers - Received Store Request
2026-10-05 08:06:44,605 [DEBUG] pynetdicom._handlers - ========================== INCOMING DIMSE MESSAGE ==========================
2026-10-05 08:06:44,605 [DEBUG] pynetdicom._handlers - Message Type                  : C-STORE RQ
2026-10-05 08:06:44,605 [DEBUG] pynetdicom._handlers - Presentation Context ID       : 21
2026-10-05 08:06:44,606 [DEBUG] pynetdicom._handlers - Message ID                    : 2251
2026-10-05 08:06:44,606 [DEBUG] pynetdicom._handlers - Affected SOP Class UID        : CT Image Storage
2026-10-05 08:06:44,606 [DEBUG] pynetdicom._handlers - Affected SOP Instance UID     : 1.3.12.2.1107.5.1.7.123161.30000024073109044472200003865
2026-10-05 08:06:44,606 [DEBUG] pynetdicom._handlers - Data Set                      : Present
2026-10-05 08:06:44,606 [DEBUG] pynetdicom._handlers - Priority                      : Medium
2026-10-05 08:06:44,606 [DEBUG] pynetdicom._handlers - ============================ END DIMSE MESSAGE =============================
2026-10-05 08:06:44,606 [DEBUG] pynetdicom.dsutils - pydicom.read_dataset() TransferSyntax="Little Endian Implicit"
2026-10-05 08:06:44,611 [INFO] HealthPACS - Utility: Directory esistente verificata: G:\ArchiveRoot\1.2.840.113619.2.1075997
2026-10-05 08:06:44,612 [INFO] HealthPACS - Utility: Directory esistente verificata: G:\ArchiveRoot\1.2.840.113619.2.1075997\1.3.12.2.1107.5.1.7.123161.30000024073109044472200000734
2026-10-05 08:06:44,616 [INFO] HealthPACS - [InstancesRepo] Creata nuova istanza [SOP: 1.3.12.2.1107.5.1.7.123161.30000024073109044472200003865]
2026-10-05 08:06:44,619 [INFO] HealthPACS - C-STORE: Salvata Istanza [ID: 6349, SOP: 1.3.12.2.1107.5.1.7.123161.30000024073109044472200003865] | Dim: 528812 B | Path: G:\ArchiveRoot\1.2.840.113619.2.1075997\1.3.12.2.1107.5.1.7.123161.30000024073109044472200000734\1.3.12.2.1107.5.1.7.123161.30000024073109044472200003865.dcm
2026-10-05 08:06:44,657 [DEBUG] pynetdicom.dsutils - pydicom.read_dataset() TransferSyntax="Little Endian Implicit"
2026-10-05 08:06:44,659 [INFO] pynetdicom._handlers - Received Store Request
2026-10-05 08:06:44,659 [DEBUG] pynetdicom._handlers - ========================== INCOMING DIMSE MESSAGE ==========================
2026-10-05 08:06:44,659 [DEBUG] pynetdicom._handlers - Message Type                  : C-STORE RQ
2026-10-05 08:06:44,659 [DEBUG] pynetdicom._handlers - Presentation Context ID       : 21
2026-10-05 08:06:44,659 [DEBUG] pynetdicom._handlers - Message ID                    : 2252
2026-10-05 08:06:44,660 [DEBUG] pynetdicom._handlers - Affected SOP Class UID        : CT Image Storage
2026-10-05 08:06:44,660 [DEBUG] pynetdicom._handlers - Affected SOP Instance UID     : 1.3.12.2.1107.5.1.7.123161.30000024073109044472200003872
2026-10-05 08:06:44,660 [DEBUG] pynetdicom._handlers - Data Set                      : Present
2026-10-05 08:06:44,660 [DEBUG] pynetdicom._handlers - Priority                      : Medium
2026-10-05 08:06:44,660 [DEBUG] pynetdicom._handlers - ============================ END DIMSE MESSAGE =============================
2026-10-05 08:06:44,661 [DEBUG] pynetdicom.dsutils - pydicom.read_dataset() TransferSyntax="Little Endian Implicit"
2026-10-05 08:06:44,664 [INFO] HealthPACS - Utility: Directory esistente verificata: G:\ArchiveRoot\1.2.840.113619.2.1075997
2026-10-05 08:06:44,665 [INFO] HealthPACS - Utility: Directory esistente verificata: G:\ArchiveRoot\1.2.840.113619.2.1075997\1.3.12.2.1107.5.1.7.123161.30000024073109044472200000734
2026-10-05 08:06:44,670 [INFO] HealthPACS - [InstancesRepo] Creata nuova istanza [SOP: 1.3.12.2.1107.5.1.7.123161.30000024073109044472200003872]
2026-10-05 08:06:44,674 [INFO] HealthPACS - C-STORE: Salvata Istanza [ID: 6350, SOP: 1.3.12.2.1107.5.1.7.123161.30000024073109044472200003872] | Dim: 528812 B | Path: G:\ArchiveRoot\1.2.840.113619.2.1075997\1.3.12.2.1107.5.1.7.123161.30000024073109044472200000734\1.3.12.2.1107.5.1.7.123161.30000024073109044472200003872.dcm
2026-10-05 08:06:44,723 [DEBUG] pynetdicom.dsutils - pydicom.read_dataset() TransferSyntax="Little Endian Implicit"
2026-10-05 08:06:44,724 [INFO] pynetdicom._handlers - Received Store Request
2026-10-05 08:06:44,725 [DEBUG] pynetdicom._handlers - ========================== INCOMING DIMSE MESSAGE ==========================
2026-10-05 08:06:44,725 [DEBUG] pynetdicom._handlers - Message Type                  : C-STORE RQ
2026-10-05 08:06:44,725 [DEBUG] pynetdicom._handlers - Presentation Context ID       : 21
2026-10-05 08:06:44,725 [DEBUG] pynetdicom._handlers - Message ID                    : 2253
2026-10-05 08:06:44,725 [DEBUG] pynetdicom._handlers - Affected SOP Class UID        : CT Image Storage
2026-10-05 08:06:44,725 [DEBUG] pynetdicom._handlers - Affected SOP Instance UID     : 1.3.12.2.1107.5.1.7.123161.30000024073109044472200003876
2026-10-05 08:06:44,725 [DEBUG] pynetdicom._handlers - Data Set                      : Present
2026-10-05 08:06:44,726 [DEBUG] pynetdicom._handlers - Priority                      : Medium
2026-10-05 08:06:44,726 [DEBUG] pynetdicom._handlers - ============================ END DIMSE MESSAGE =============================
2026-10-05 08:06:44,727 [DEBUG] pynetdicom.dsutils - pydicom.read_dataset() TransferSyntax="Little Endian Implicit"
2026-10-05 08:06:44,731 [INFO] HealthPACS - Utility: Directory esistente verificata: G:\ArchiveRoot\1.2.840.113619.2.1075997
2026-10-05 08:06:44,732 [INFO] HealthPACS - Utility: Directory esistente verificata: G:\ArchiveRoot\1.2.840.113619.2.1075997\1.3.12.2.1107.5.1.7.123161.30000024073109044472200000734
2026-10-05 08:06:44,736 [INFO] HealthPACS - [InstancesRepo] Creata nuova istanza [SOP: 1.3.12.2.1107.5.1.7.123161.30000024073109044472200003876]
2026-10-05 08:06:44,740 [INFO] HealthPACS - C-STORE: Salvata Istanza [ID: 6351, SOP: 1.3.12.2.1107.5.1.7.123161.30000024073109044472200003876] | Dim: 528812 B | Path: G:\ArchiveRoot\1.2.840.113619.2.1075997\1.3.12.2.1107.5.1.7.123161.30000024073109044472200000734\1.3.12.2.1107.5.1.7.123161.30000024073109044472200003876.dcm
2026-10-05 08:06:44,791 [DEBUG] pynetdicom.dsutils - pydicom.read_dataset() TransferSyntax="Little Endian Implicit"
2026-10-05 08:06:44,793 [INFO] pynetdicom._handlers - Received Store Request
2026-10-05 08:06:44,793 [DEBUG] pynetdicom._handlers - ========================== INCOMING DIMSE MESSAGE ==========================
2026-10-05 08:06:44,793 [DEBUG] pynetdicom._handlers - Message Type                  : C-STORE RQ
2026-10-05 08:06:44,793 [DEBUG] pynetdicom._handlers - Presentation Context ID       : 21
2026-10-05 08:06:44,794 [DEBUG] pynetdicom._handlers - Message ID                    : 2254
2026-10-05 08:06:44,794 [DEBUG] pynetdicom._handlers - Affected SOP Class UID        : CT Image Storage
2026-10-05 08:06:44,794 [DEBUG] pynetdicom._handlers - Affected SOP Instance UID     : 1.3.12.2.1107.5.1.7.123161.30000024073109044472200002672
2026-10-05 08:06:44,794 [DEBUG] pynetdicom._handlers - Data Set                      : Present
2026-10-05 08:06:44,794 [DEBUG] pynetdicom._handlers - Priority                      : Medium
2026-10-05 08:06:44,794 [DEBUG] pynetdicom._handlers - ============================ END DIMSE MESSAGE =============================
2026-10-05 08:06:44,795 [DEBUG] pynetdicom.dsutils - pydicom.read_dataset() TransferSyntax="Little Endian Implicit"
2026-10-05 08:06:44,799 [INFO] HealthPACS - Utility: Directory esistente verificata: G:\ArchiveRoot\1.2.840.113619.2.1075997
2026-10-05 08:06:44,800 [INFO] HealthPACS - Utility: Directory esistente verificata: G:\ArchiveRoot\1.2.840.113619.2.1075997\1.3.12.2.1107.5.1.7.123161.30000024073109044472200000734
2026-10-05 08:06:44,804 [INFO] HealthPACS - [InstancesRepo] Creata nuova istanza [SOP: 1.3.12.2.1107.5.1.7.123161.30000024073109044472200002672]
2026-10-05 08:06:44,807 [INFO] HealthPACS - C-STORE: Salvata Istanza [ID: 6352, SOP: 1.3.12.2.1107.5.1.7.123161.30000024073109044472200002672] | Dim: 528820 B | Path: G:\ArchiveRoot\1.2.840.113619.2.1075997\1.3.12.2.1107.5.1.7.123161.30000024073109044472200000734\1.3.12.2.1107.5.1.7.123161.30000024073109044472200002672.dcm
2026-10-05 08:06:44,863 [DEBUG] pynetdicom.dsutils - pydicom.read_dataset() TransferSyntax="Little Endian Implicit"
2026-10-05 08:06:44,865 [INFO] pynetdicom._handlers - Received Store Request
2026-10-05 08:06:44,866 [DEBUG] pynetdicom._handlers - ========================== INCOMING DIMSE MESSAGE ==========================
2026-10-05 08:06:44,866 [DEBUG] pynetdicom._handlers - Message Type                  : C-STORE RQ
2026-10-05 08:06:44,866 [DEBUG] pynetdicom._handlers - Presentation Context ID       : 21
2026-10-05 08:06:44,866 [DEBUG] pynetdicom._handlers - Message ID                    : 2255
2026-10-05 08:06:44,866 [DEBUG] pynetdicom._handlers - Affected SOP Class UID        : CT Image Storage
2026-10-05 08:06:44,866 [DEBUG] pynetdicom._handlers - Affected SOP Instance UID     : 1.3.12.2.1107.5.1.7.123161.30000024073109044472200003877
2026-10-05 08:06:44,866 [DEBUG] pynetdicom._handlers - Data Set                      : Present
2026-10-05 08:06:44,866 [DEBUG] pynetdicom._handlers - Priority                      : Medium
2026-10-05 08:06:44,866 [DEBUG] pynetdicom._handlers - ============================ END DIMSE MESSAGE =============================
2026-10-05 08:06:44,868 [DEBUG] pynetdicom.dsutils - pydicom.read_dataset() TransferSyntax="Little Endian Implicit"
2026-10-05 08:06:44,873 [INFO] HealthPACS - Utility: Directory esistente verificata: G:\ArchiveRoot\1.2.840.113619.2.1075997
2026-10-05 08:06:44,875 [INFO] HealthPACS - Utility: Directory esistente verificata: G:\ArchiveRoot\1.2.840.113619.2.1075997\1.3.12.2.1107.5.1.7.123161.30000024073109044472200000734
2026-10-05 08:06:44,879 [INFO] HealthPACS - [InstancesRepo] Creata nuova istanza [SOP: 1.3.12.2.1107.5.1.7.123161.30000024073109044472200003877]
2026-10-05 08:06:44,882 [INFO] HealthPACS - C-STORE: Salvata Istanza [ID: 6353, SOP: 1.3.12.2.1107.5.1.7.123161.30000024073109044472200003877] | Dim: 528812 B | Path: G:\ArchiveRoot\1.2.840.113619.2.1075997\1.3.12.2.1107.5.1.7.123161.30000024073109044472200000734\1.3.12.2.1107.5.1.7.123161.30000024073109044472200003877.dcm
2026-10-05 08:06:44,940 [DEBUG] pynetdicom.dsutils - pydicom.read_dataset() TransferSyntax="Little Endian Implicit"
2026-10-05 08:06:44,942 [INFO] pynetdicom._handlers - Received Store Request
2026-10-05 08:06:44,943 [DEBUG] pynetdicom._handlers - ========================== INCOMING DIMSE MESSAGE ==========================
2026-10-05 08:06:44,943 [DEBUG] pynetdicom._handlers - Message Type                  : C-STORE RQ
2026-10-05 08:06:44,943 [DEBUG] pynetdicom._handlers - Presentation Context ID       : 21
2026-10-05 08:06:44,943 [DEBUG] pynetdicom._handlers - Message ID                    : 2256
2026-10-05 08:06:44,943 [DEBUG] pynetdicom._handlers - Affected SOP Class UID        : CT Image Storage
2026-10-05 08:06:44,943 [DEBUG] pynetdicom._handlers - Affected SOP Instance UID     : 1.3.12.2.1107.5.1.7.123161.30000024073109044472200003878
2026-10-05 08:06:44,943 [DEBUG] pynetdicom._handlers - Data Set                      : Present
2026-10-05 08:06:44,943 [DEBUG] pynetdicom._handlers - Priority                      : Medium
2026-10-05 08:06:44,943 [DEBUG] pynetdicom._handlers - ============================ END DIMSE MESSAGE =============================
2026-10-05 08:06:44,944 [DEBUG] pynetdicom.dsutils - pydicom.read_dataset() TransferSyntax="Little Endian Implicit"
2026-10-05 08:06:44,947 [INFO] HealthPACS - Utility: Directory esistente verificata: G:\ArchiveRoot\1.2.840.113619.2.1075997
2026-10-05 08:06:44,949 [INFO] HealthPACS - Utility: Directory esistente verificata: G:\ArchiveRoot\1.2.840.113619.2.1075997\1.3.12.2.1107.5.1.7.123161.30000024073109044472200000734
2026-10-05 08:06:44,952 [INFO] HealthPACS - [InstancesRepo] Creata nuova istanza [SOP: 1.3.12.2.1107.5.1.7.123161.30000024073109044472200003878]
2026-10-05 08:06:44,956 [INFO] HealthPACS - C-STORE: Salvata Istanza [ID: 6354, SOP: 1.3.12.2.1107.5.1.7.123161.30000024073109044472200003878] | Dim: 528812 B | Path: G:\ArchiveRoot\1.2.840.113619.2.1075997\1.3.12.2.1107.5.1.7.123161.30000024073109044472200000734\1.3.12.2.1107.5.1.7.123161.30000024073109044472200003878.dcm
2026-10-05 08:06:45,019 [DEBUG] pynetdicom.dsutils - pydicom.read_dataset() TransferSyntax="Little Endian Implicit"
2026-10-05 08:06:45,021 [INFO] pynetdicom._handlers - Received Store Request
2026-10-05 08:06:45,021 [DEBUG] pynetdicom._handlers - ========================== INCOMING DIMSE MESSAGE ==========================
2026-10-05 08:06:45,021 [DEBUG] pynetdicom._handlers - Message Type                  : C-STORE RQ
2026-10-05 08:06:45,021 [DEBUG] pynetdicom._handlers - Presentation Context ID       : 21
2026-10-05 08:06:45,022 [DEBUG] pynetdicom._handlers - Message ID                    : 2257
2026-10-05 08:06:45,022 [DEBUG] pynetdicom._handlers - Affected SOP Class UID        : CT Image Storage
2026-10-05 08:06:45,022 [DEBUG] pynetdicom._handlers - Affected SOP Instance UID     : 1.3.12.2.1107.5.1.7.123161.30000024073109044472200003879
2026-10-05 08:06:45,022 [DEBUG] pynetdicom._handlers - Data Set                      : Present
2026-10-05 08:06:45,022 [DEBUG] pynetdicom._handlers - Priority                      : Medium
2026-10-05 08:06:45,022 [DEBUG] pynetdicom._handlers - ============================ END DIMSE MESSAGE =============================
2026-10-05 08:06:45,023 [DEBUG] pynetdicom.dsutils - pydicom.read_dataset() TransferSyntax="Little Endian Implicit"
2026-10-05 08:06:45,027 [INFO] HealthPACS - Utility: Directory esistente verificata: G:\ArchiveRoot\1.2.840.113619.2.1075997
2026-10-05 08:06:45,028 [INFO] HealthPACS - Utility: Directory esistente verificata: G:\ArchiveRoot\1.2.840.113619.2.1075997\1.3.12.2.1107.5.1.7.123161.30000024073109044472200000734
2026-10-05 08:06:45,032 [INFO] HealthPACS - [InstancesRepo] Creata nuova istanza [SOP: 1.3.12.2.1107.5.1.7.123161.30000024073109044472200003879]
2026-10-05 08:06:45,035 [INFO] HealthPACS - C-STORE: Salvata Istanza [ID: 6355, SOP: 1.3.12.2.1107.5.1.7.123161.30000024073109044472200003879] | Dim: 528812 B | Path: G:\ArchiveRoot\1.2.840.113619.2.1075997\1.3.12.2.1107.5.1.7.123161.30000024073109044472200000734\1.3.12.2.1107.5.1.7.123161.30000024073109044472200003879.dcm
2026-10-05 08:06:45,099 [DEBUG] pynetdicom.dsutils - pydicom.read_dataset() TransferSyntax="Little Endian Implicit"
2026-10-05 08:06:45,102 [INFO] pynetdicom._handlers - Received Store Request
2026-10-05 08:06:45,103 [DEBUG] pynetdicom._handlers - ========================== INCOMING DIMSE MESSAGE ==========================
2026-10-05 08:06:45,103 [DEBUG] pynetdicom._handlers - Message Type                  : C-STORE RQ
2026-10-05 08:06:45,103 [DEBUG] pynetdicom._handlers - Presentation Context ID       : 21
2026-10-05 08:06:45,103 [DEBUG] pynetdicom._handlers - Message ID                    : 2258
2026-10-05 08:06:45,103 [DEBUG] pynetdicom._handlers - Affected SOP Class UID        : CT Image Storage
2026-10-05 08:06:45,103 [DEBUG] pynetdicom._handlers - Affected SOP Instance UID     : 1.3.12.2.1107.5.1.7.123161.30000024073109044472200003880
2026-10-05 08:06:45,103 [DEBUG] pynetdicom._handlers - Data Set                      : Present
2026-10-05 08:06:45,103 [DEBUG] pynetdicom._handlers - Priority                      : Medium
2026-10-05 08:06:45,103 [DEBUG] pynetdicom._handlers - ============================ END DIMSE MESSAGE =============================
2026-10-05 08:06:45,105 [DEBUG] pynetdicom.dsutils - pydicom.read_dataset() TransferSyntax="Little Endian Implicit"
2026-10-05 08:06:45,109 [INFO] HealthPACS - Utility: Directory esistente verificata: G:\ArchiveRoot\1.2.840.113619.2.1075997
2026-10-05 08:06:45,111 [INFO] HealthPACS - Utility: Directory esistente verificata: G:\ArchiveRoot\1.2.840.113619.2.1075997\1.3.12.2.1107.5.1.7.123161.30000024073109044472200000734
2026-10-05 08:06:45,115 [INFO] HealthPACS - [InstancesRepo] Creata nuova istanza [SOP: 1.3.12.2.1107.5.1.7.123161.30000024073109044472200003880]
2026-10-05 08:06:45,118 [INFO] HealthPACS - C-STORE: Salvata Istanza [ID: 6356, SOP: 1.3.12.2.1107.5.1.7.123161.30000024073109044472200003880] | Dim: 528812 B | Path: G:\ArchiveRoot\1.2.840.113619.2.1075997\1.3.12.2.1107.5.1.7.123161.30000024073109044472200000734\1.3.12.2.1107.5.1.7.123161.30000024073109044472200003880.dcm
2026-10-05 08:06:45,186 [DEBUG] pynetdicom.dsutils - pydicom.read_dataset() TransferSyntax="Little Endian Implicit"
2026-10-05 08:06:45,188 [INFO] pynetdicom._handlers - Received Store Request
2026-10-05 08:06:45,188 [DEBUG] pynetdicom._handlers - ========================== INCOMING DIMSE MESSAGE ==========================
2026-10-05 08:06:45,188 [DEBUG] pynetdicom._handlers - Message Type                  : C-STORE RQ
2026-10-05 08:06:45,188 [DEBUG] pynetdicom._handlers - Presentation Context ID       : 21
2026-10-05 08:06:45,188 [DEBUG] pynetdicom._handlers - Message ID                    : 2259
2026-10-05 08:06:45,189 [DEBUG] pynetdicom._handlers - Affected SOP Class UID        : CT Image Storage
2026-10-05 08:06:45,189 [DEBUG] pynetdicom._handlers - Affected SOP Instance UID     : 1.3.12.2.1107.5.1.7.123161.30000024073109044472200003881
2026-10-05 08:06:45,189 [DEBUG] pynetdicom._handlers - Data Set                      : Present
2026-10-05 08:06:45,189 [DEBUG] pynetdicom._handlers - Priority                      : Medium
2026-10-05 08:06:45,189 [DEBUG] pynetdicom._handlers - ============================ END DIMSE MESSAGE =============================
2026-10-05 08:06:45,190 [DEBUG] pynetdicom.dsutils - pydicom.read_dataset() TransferSyntax="Little Endian Implicit"
2026-10-05 08:06:45,193 [INFO] HealthPACS - Utility: Directory esistente verificata: G:\ArchiveRoot\1.2.840.113619.2.1075997
2026-10-05 08:06:45,194 [INFO] HealthPACS - Utility: Directory esistente verificata: G:\ArchiveRoot\1.2.840.113619.2.1075997\1.3.12.2.1107.5.1.7.123161.30000024073109044472200000734
2026-10-05 08:06:45,198 [INFO] HealthPACS - [InstancesRepo] Creata nuova istanza [SOP: 1.3.12.2.1107.5.1.7.123161.30000024073109044472200003881]
2026-10-05 08:06:45,201 [INFO] HealthPACS - C-STORE: Salvata Istanza [ID: 6357, SOP: 1.3.12.2.1107.5.1.7.123161.30000024073109044472200003881] | Dim: 528812 B | Path: G:\ArchiveRoot\1.2.840.113619.2.1075997\1.3.12.2.1107.5.1.7.123161.30000024073109044472200000734\1.3.12.2.1107.5.1.7.123161.30000024073109044472200003881.dcm
2026-10-05 08:06:45,275 [DEBUG] pynetdicom.dsutils - pydicom.read_dataset() TransferSyntax="Little Endian Implicit"
2026-10-05 08:06:45,278 [INFO] pynetdicom._handlers - Received Store Request
2026-10-05 08:06:45,279 [DEBUG] pynetdicom._handlers - ========================== INCOMING DIMSE MESSAGE ==========================
2026-10-05 08:06:45,279 [DEBUG] pynetdicom._handlers - Message Type                  : C-STORE RQ
2026-10-05 08:06:45,279 [DEBUG] pynetdicom._handlers - Presentation Context ID       : 21
2026-10-05 08:06:45,279 [DEBUG] pynetdicom._handlers - Message ID                    : 2260
2026-10-05 08:06:45,279 [DEBUG] pynetdicom._handlers - Affected SOP Class UID        : CT Image Storage
2026-10-05 08:06:45,279 [DEBUG] pynetdicom._handlers - Affected SOP Instance UID     : 1.3.12.2.1107.5.1.7.123161.30000024073109044472200003882
2026-10-05 08:06:45,279 [DEBUG] pynetdicom._handlers - Data Set                      : Present
2026-10-05 08:06:45,279 [DEBUG] pynetdicom._handlers - Priority                      : Medium
2026-10-05 08:06:45,279 [DEBUG] pynetdicom._handlers - ============================ END DIMSE MESSAGE =============================
2026-10-05 08:06:45,279 [DEBUG] pynetdicom.dsutils - pydicom.read_dataset() TransferSyntax="Little Endian Implicit"
2026-10-05 08:06:45,282 [INFO] HealthPACS - Utility: Directory esistente verificata: G:\ArchiveRoot\1.2.840.113619.2.1075997
2026-10-05 08:06:45,284 [INFO] HealthPACS - Utility: Directory esistente verificata: G:\ArchiveRoot\1.2.840.113619.2.1075997\1.3.12.2.1107.5.1.7.123161.30000024073109044472200000734
2026-10-05 08:06:45,288 [INFO] HealthPACS - [InstancesRepo] Creata nuova istanza [SOP: 1.3.12.2.1107.5.1.7.123161.30000024073109044472200003882]
2026-10-05 08:06:45,292 [INFO] HealthPACS - C-STORE: Salvata Istanza [ID: 6358, SOP: 1.3.12.2.1107.5.1.7.123161.30000024073109044472200003882] | Dim: 528812 B | Path: G:\ArchiveRoot\1.2.840.113619.2.1075997\1.3.12.2.1107.5.1.7.123161.30000024073109044472200000734\1.3.12.2.1107.5.1.7.123161.30000024073109044472200003882.dcm
2026-10-05 08:06:45,401 [DEBUG] pynetdicom.dsutils - pydicom.read_dataset() TransferSyntax="Little Endian Implicit"
2026-10-05 08:06:45,402 [INFO] pynetdicom._handlers - Received Store Request
2026-10-05 08:06:45,402 [DEBUG] pynetdicom._handlers - ========================== INCOMING DIMSE MESSAGE ==========================
2026-10-05 08:06:45,402 [DEBUG] pynetdicom._handlers - Message Type                  : C-STORE RQ
2026-10-05 08:06:45,402 [DEBUG] pynetdicom._handlers - Presentation Context ID       : 21
2026-10-05 08:06:45,403 [DEBUG] pynetdicom._handlers - Message ID                    : 2261
2026-10-05 08:06:45,403 [DEBUG] pynetdicom._handlers - Affected SOP Class UID        : CT Image Storage
2026-10-05 08:06:45,403 [DEBUG] pynetdicom._handlers - Affected SOP Instance UID     : 1.3.12.2.1107.5.1.7.123161.30000024073109044472200003883
2026-10-05 08:06:45,403 [DEBUG] pynetdicom._handlers - Data Set                      : Present
2026-10-05 08:06:45,403 [DEBUG] pynetdicom._handlers - Priority                      : Medium
2026-10-05 08:06:45,403 [DEBUG] pynetdicom._handlers - ============================ END DIMSE MESSAGE =============================
2026-10-05 08:06:45,405 [DEBUG] pynetdicom.dsutils - pydicom.read_dataset() TransferSyntax="Little Endian Implicit"
2026-10-05 08:06:45,408 [INFO] HealthPACS - Utility: Directory esistente verificata: G:\ArchiveRoot\1.2.840.113619.2.1075997
2026-10-05 08:06:45,409 [INFO] HealthPACS - Utility: Directory esistente verificata: G:\ArchiveRoot\1.2.840.113619.2.1075997\1.3.12.2.1107.5.1.7.123161.30000024073109044472200000734
2026-10-05 08:06:45,412 [INFO] HealthPACS - [InstancesRepo] Creata nuova istanza [SOP: 1.3.12.2.1107.5.1.7.123161.30000024073109044472200003883]
2026-10-05 08:06:45,415 [INFO] HealthPACS - C-STORE: Salvata Istanza [ID: 6359, SOP: 1.3.12.2.1107.5.1.7.123161.30000024073109044472200003883] | Dim: 528812 B | Path: G:\ArchiveRoot\1.2.840.113619.2.1075997\1.3.12.2.1107.5.1.7.123161.30000024073109044472200000734\1.3.12.2.1107.5.1.7.123161.30000024073109044472200003883.dcm
2026-10-05 08:06:45,494 [DEBUG] pynetdicom.dsutils - pydicom.read_dataset() TransferSyntax="Little Endian Implicit"
2026-10-05 08:06:45,496 [INFO] pynetdicom._handlers - Received Store Request
2026-10-05 08:06:45,497 [DEBUG] pynetdicom._handlers - ========================== INCOMING DIMSE MESSAGE ==========================
2026-10-05 08:06:45,497 [DEBUG] pynetdicom._handlers - Message Type                  : C-STORE RQ
2026-10-05 08:06:45,497 [DEBUG] pynetdicom._handlers - Presentation Context ID       : 21
2026-10-05 08:06:45,497 [DEBUG] pynetdicom._handlers - Message ID                    : 2262
2026-10-05 08:06:45,497 [DEBUG] pynetdicom._handlers - Affected SOP Class UID        : CT Image Storage
2026-10-05 08:06:45,497 [DEBUG] pynetdicom._handlers - Affected SOP Instance UID     : 1.3.12.2.1107.5.1.7.123161.30000024073109044472200003884
2026-10-05 08:06:45,498 [DEBUG] pynetdicom._handlers - Data Set                      : Present
2026-10-05 08:06:45,498 [DEBUG] pynetdicom._handlers - Priority                      : Medium
2026-10-05 08:06:45,498 [DEBUG] pynetdicom._handlers - ============================ END DIMSE MESSAGE =============================
2026-10-05 08:06:45,500 [DEBUG] pynetdicom.dsutils - pydicom.read_dataset() TransferSyntax="Little Endian Implicit"
2026-10-05 08:06:45,503 [INFO] HealthPACS - Utility: Directory esistente verificata: G:\ArchiveRoot\1.2.840.113619.2.1075997
2026-10-05 08:06:45,504 [INFO] HealthPACS - Utility: Directory esistente verificata: G:\ArchiveRoot\1.2.840.113619.2.1075997\1.3.12.2.1107.5.1.7.123161.30000024073109044472200000734
2026-10-05 08:06:45,508 [INFO] HealthPACS - [InstancesRepo] Creata nuova istanza [SOP: 1.3.12.2.1107.5.1.7.123161.30000024073109044472200003884]
2026-10-05 08:06:45,511 [INFO] HealthPACS - C-STORE: Salvata Istanza [ID: 6360, SOP: 1.3.12.2.1107.5.1.7.123161.30000024073109044472200003884] | Dim: 528812 B | Path: G:\ArchiveRoot\1.2.840.113619.2.1075997\1.3.12.2.1107.5.1.7.123161.30000024073109044472200000734\1.3.12.2.1107.5.1.7.123161.30000024073109044472200003884.dcm
2026-10-05 08:06:45,594 [DEBUG] pynetdicom.dsutils - pydicom.read_dataset() TransferSyntax="Little Endian Implicit"
2026-10-05 08:06:45,597 [INFO] pynetdicom._handlers - Received Store Request
2026-10-05 08:06:45,597 [DEBUG] pynetdicom._handlers - ========================== INCOMING DIMSE MESSAGE ==========================
2026-10-05 08:06:45,597 [DEBUG] pynetdicom._handlers - Message Type                  : C-STORE RQ
2026-10-05 08:06:45,597 [DEBUG] pynetdicom._handlers - Presentation Context ID       : 21
2026-10-05 08:06:45,597 [DEBUG] pynetdicom._handlers - Message ID                    : 2263
2026-10-05 08:06:45,598 [DEBUG] pynetdicom._handlers - Affected SOP Class UID        : CT Image Storage
2026-10-05 08:06:45,598 [DEBUG] pynetdicom._handlers - Affected SOP Instance UID     : 1.3.12.2.1107.5.1.7.123161.30000024073109044472200003885
2026-10-05 08:06:45,598 [DEBUG] pynetdicom._handlers - Data Set                      : Present
2026-10-05 08:06:45,598 [DEBUG] pynetdicom._handlers - Priority                      : Medium
2026-10-05 08:06:45,598 [DEBUG] pynetdicom._handlers - ============================ END DIMSE MESSAGE =============================
2026-10-05 08:06:45,598 [DEBUG] pynetdicom.dsutils - pydicom.read_dataset() TransferSyntax="Little Endian Implicit"
2026-10-05 08:06:45,601 [INFO] HealthPACS - Utility: Directory esistente verificata: G:\ArchiveRoot\1.2.840.113619.2.1075997
2026-10-05 08:06:45,603 [INFO] HealthPACS - Utility: Directory esistente verificata: G:\ArchiveRoot\1.2.840.113619.2.1075997\1.3.12.2.1107.5.1.7.123161.30000024073109044472200000734
2026-10-05 08:06:45,607 [INFO] HealthPACS - [InstancesRepo] Creata nuova istanza [SOP: 1.3.12.2.1107.5.1.7.123161.30000024073109044472200003885]
2026-10-05 08:06:45,610 [INFO] HealthPACS - C-STORE: Salvata Istanza [ID: 6361, SOP: 1.3.12.2.1107.5.1.7.123161.30000024073109044472200003885] | Dim: 528812 B | Path: G:\ArchiveRoot\1.2.840.113619.2.1075997\1.3.12.2.1107.5.1.7.123161.30000024073109044472200000734\1.3.12.2.1107.5.1.7.123161.30000024073109044472200003885.dcm
2026-10-05 08:06:45,700 [DEBUG] pynetdicom.dsutils - pydicom.read_dataset() TransferSyntax="Little Endian Implicit"
2026-10-05 08:06:45,703 [INFO] pynetdicom._handlers - Received Store Request
2026-10-05 08:06:45,704 [DEBUG] pynetdicom._handlers - ========================== INCOMING DIMSE MESSAGE ==========================
2026-10-05 08:06:45,704 [DEBUG] pynetdicom._handlers - Message Type                  : C-STORE RQ
2026-10-05 08:06:45,704 [DEBUG] pynetdicom._handlers - Presentation Context ID       : 21
2026-10-05 08:06:45,704 [DEBUG] pynetdicom._handlers - Message ID                    : 2264
2026-10-05 08:06:45,704 [DEBUG] pynetdicom._handlers - Affected SOP Class UID        : CT Image Storage
2026-10-05 08:06:45,704 [DEBUG] pynetdicom._handlers - Affected SOP Instance UID     : 1.3.12.2.1107.5.1.7.123161.30000024073109044472200003886
2026-10-05 08:06:45,704 [DEBUG] pynetdicom._handlers - Data Set                      : Present
2026-10-05 08:06:45,705 [DEBUG] pynetdicom._handlers - Priority                      : Medium
2026-10-05 08:06:45,705 [DEBUG] pynetdicom._handlers - ============================ END DIMSE MESSAGE =============================
2026-10-05 08:06:45,706 [DEBUG] pynetdicom.dsutils - pydicom.read_dataset() TransferSyntax="Little Endian Implicit"
2026-10-05 08:06:45,709 [INFO] HealthPACS - Utility: Directory esistente verificata: G:\ArchiveRoot\1.2.840.113619.2.1075997
2026-10-05 08:06:45,710 [INFO] HealthPACS - Utility: Directory esistente verificata: G:\ArchiveRoot\1.2.840.113619.2.1075997\1.3.12.2.1107.5.1.7.123161.30000024073109044472200000734
2026-10-05 08:06:45,714 [INFO] HealthPACS - [InstancesRepo] Creata nuova istanza [SOP: 1.3.12.2.1107.5.1.7.123161.30000024073109044472200003886]
2026-10-05 08:06:45,716 [INFO] HealthPACS - C-STORE: Salvata Istanza [ID: 6362, SOP: 1.3.12.2.1107.5.1.7.123161.30000024073109044472200003886] | Dim: 528812 B | Path: G:\ArchiveRoot\1.2.840.113619.2.1075997\1.3.12.2.1107.5.1.7.123161.30000024073109044472200000734\1.3.12.2.1107.5.1.7.123161.30000024073109044472200003886.dcm
2026-10-05 08:06:45,808 [DEBUG] pynetdicom.dsutils - pydicom.read_dataset() TransferSyntax="Little Endian Implicit"
2026-10-05 08:06:45,810 [INFO] pynetdicom._handlers - Received Store Request
2026-10-05 08:06:45,810 [DEBUG] pynetdicom._handlers - ========================== INCOMING DIMSE MESSAGE ==========================
2026-10-05 08:06:45,810 [DEBUG] pynetdicom._handlers - Message Type                  : C-STORE RQ
2026-10-05 08:06:45,810 [DEBUG] pynetdicom._handlers - Presentation Context ID       : 21
2026-10-05 08:06:45,810 [DEBUG] pynetdicom._handlers - Message ID                    : 2265
2026-10-05 08:06:45,810 [DEBUG] pynetdicom._handlers - Affected SOP Class UID        : CT Image Storage
2026-10-05 08:06:45,811 [DEBUG] pynetdicom._handlers - Affected SOP Instance UID     : 1.3.12.2.1107.5.1.7.123161.30000024073109044472200002673
2026-10-05 08:06:45,811 [DEBUG] pynetdicom._handlers - Data Set                      : Present
2026-10-05 08:06:45,811 [DEBUG] pynetdicom._handlers - Priority                      : Medium
2026-10-05 08:06:45,811 [DEBUG] pynetdicom._handlers - ============================ END DIMSE MESSAGE =============================
2026-10-05 08:06:45,812 [DEBUG] pynetdicom.dsutils - pydicom.read_dataset() TransferSyntax="Little Endian Implicit"
2026-10-05 08:06:45,818 [INFO] HealthPACS - Utility: Directory esistente verificata: G:\ArchiveRoot\1.2.840.113619.2.1075997
2026-10-05 08:06:45,820 [INFO] HealthPACS - Utility: Directory esistente verificata: G:\ArchiveRoot\1.2.840.113619.2.1075997\1.3.12.2.1107.5.1.7.123161.30000024073109044472200000734
2026-10-05 08:06:45,824 [INFO] HealthPACS - [InstancesRepo] Creata nuova istanza [SOP: 1.3.12.2.1107.5.1.7.123161.30000024073109044472200002673]
2026-10-05 08:06:45,826 [INFO] HealthPACS - C-STORE: Salvata Istanza [ID: 6363, SOP: 1.3.12.2.1107.5.1.7.123161.30000024073109044472200002673] | Dim: 528820 B | Path: G:\ArchiveRoot\1.2.840.113619.2.1075997\1.3.12.2.1107.5.1.7.123161.30000024073109044472200000734\1.3.12.2.1107.5.1.7.123161.30000024073109044472200002673.dcm
2026-10-05 08:06:45,917 [DEBUG] pynetdicom.dsutils - pydicom.read_dataset() TransferSyntax="Little Endian Implicit"
2026-10-05 08:06:45,919 [INFO] pynetdicom._handlers - Received Store Request
2026-10-05 08:06:45,919 [DEBUG] pynetdicom._handlers - ========================== INCOMING DIMSE MESSAGE ==========================
2026-10-05 08:06:45,919 [DEBUG] pynetdicom._handlers - Message Type                  : C-STORE RQ
2026-10-05 08:06:45,919 [DEBUG] pynetdicom._handlers - Presentation Context ID       : 21
2026-10-05 08:06:45,919 [DEBUG] pynetdicom._handlers - Message ID                    : 2266
2026-10-05 08:06:45,919 [DEBUG] pynetdicom._handlers - Affected SOP Class UID        : CT Image Storage
2026-10-05 08:06:45,919 [DEBUG] pynetdicom._handlers - Affected SOP Instance UID     : 1.3.12.2.1107.5.1.7.123161.30000024073109044472200003887
2026-10-05 08:06:45,920 [DEBUG] pynetdicom._handlers - Data Set                      : Present
2026-10-05 08:06:45,920 [DEBUG] pynetdicom._handlers - Priority                      : Medium
2026-10-05 08:06:45,920 [DEBUG] pynetdicom._handlers - ============================ END DIMSE MESSAGE =============================
2026-10-05 08:06:45,921 [DEBUG] pynetdicom.dsutils - pydicom.read_dataset() TransferSyntax="Little Endian Implicit"
2026-10-05 08:06:45,925 [INFO] HealthPACS - Utility: Directory esistente verificata: G:\ArchiveRoot\1.2.840.113619.2.1075997
2026-10-05 08:06:45,926 [INFO] HealthPACS - Utility: Directory esistente verificata: G:\ArchiveRoot\1.2.840.113619.2.1075997\1.3.12.2.1107.5.1.7.123161.30000024073109044472200000734
2026-10-05 08:06:45,931 [INFO] HealthPACS - [InstancesRepo] Creata nuova istanza [SOP: 1.3.12.2.1107.5.1.7.123161.30000024073109044472200003887]
2026-10-05 08:06:45,934 [INFO] HealthPACS - C-STORE: Salvata Istanza [ID: 6364, SOP: 1.3.12.2.1107.5.1.7.123161.30000024073109044472200003887] | Dim: 528812 B | Path: G:\ArchiveRoot\1.2.840.113619.2.1075997\1.3.12.2.1107.5.1.7.123161.30000024073109044472200000734\1.3.12.2.1107.5.1.7.123161.30000024073109044472200003887.dcm
2026-10-05 08:06:46,036 [DEBUG] pynetdicom.dsutils - pydicom.read_dataset() TransferSyntax="Little Endian Implicit"
2026-10-05 08:06:46,038 [INFO] pynetdicom._handlers - Received Store Request
2026-10-05 08:06:46,038 [DEBUG] pynetdicom._handlers - ========================== INCOMING DIMSE MESSAGE ==========================
2026-10-05 08:06:46,038 [DEBUG] pynetdicom._handlers - Message Type                  : C-STORE RQ
2026-10-05 08:06:46,038 [DEBUG] pynetdicom._handlers - Presentation Context ID       : 21
2026-10-05 08:06:46,038 [DEBUG] pynetdicom._handlers - Message ID                    : 2267
2026-10-05 08:06:46,038 [DEBUG] pynetdicom._handlers - Affected SOP Class UID        : CT Image Storage
2026-10-05 08:06:46,038 [DEBUG] pynetdicom._handlers - Affected SOP Instance UID     : 1.3.12.2.1107.5.1.7.123161.30000024073109044472200003888
2026-10-05 08:06:46,038 [DEBUG] pynetdicom._handlers - Data Set                      : Present
2026-10-05 08:06:46,038 [DEBUG] pynetdicom._handlers - Priority                      : Medium
2026-10-05 08:06:46,038 [DEBUG] pynetdicom._handlers - ============================ END DIMSE MESSAGE =============================
2026-10-05 08:06:46,040 [DEBUG] pynetdicom.dsutils - pydicom.read_dataset() TransferSyntax="Little Endian Implicit"
2026-10-05 08:06:46,043 [INFO] HealthPACS - Utility: Directory esistente verificata: G:\ArchiveRoot\1.2.840.113619.2.1075997
2026-10-05 08:06:46,044 [INFO] HealthPACS - Utility: Directory esistente verificata: G:\ArchiveRoot\1.2.840.113619.2.1075997\1.3.12.2.1107.5.1.7.123161.30000024073109044472200000734
2026-10-05 08:06:46,048 [INFO] HealthPACS - [InstancesRepo] Creata nuova istanza [SOP: 1.3.12.2.1107.5.1.7.123161.30000024073109044472200003888]
2026-10-05 08:06:46,050 [INFO] HealthPACS - C-STORE: Salvata Istanza [ID: 6365, SOP: 1.3.12.2.1107.5.1.7.123161.30000024073109044472200003888] | Dim: 528812 B | Path: G:\ArchiveRoot\1.2.840.113619.2.1075997\1.3.12.2.1107.5.1.7.123161.30000024073109044472200000734\1.3.12.2.1107.5.1.7.123161.30000024073109044472200003888.dcm
2026-10-05 08:06:46,071 [DEBUG] pynetdicom.dsutils - pydicom.read_dataset() TransferSyntax="Little Endian Implicit"
2026-10-05 08:06:46,074 [INFO] pynetdicom._handlers - Received Store Request
2026-10-05 08:06:46,075 [DEBUG] pynetdicom._handlers - ========================== INCOMING DIMSE MESSAGE ==========================
2026-10-05 08:06:46,075 [DEBUG] pynetdicom._handlers - Message Type                  : C-STORE RQ
2026-10-05 08:06:46,075 [DEBUG] pynetdicom._handlers - Presentation Context ID       : 21
2026-10-05 08:06:46,075 [DEBUG] pynetdicom._handlers - Message ID                    : 2268
2026-10-05 08:06:46,075 [DEBUG] pynetdicom._handlers - Affected SOP Class UID        : CT Image Storage
2026-10-05 08:06:46,075 [DEBUG] pynetdicom._handlers - Affected SOP Instance UID     : 1.3.12.2.1107.5.1.7.123161.30000024073109044472200003889
2026-10-05 08:06:46,075 [DEBUG] pynetdicom._handlers - Data Set                      : Present
2026-10-05 08:06:46,075 [DEBUG] pynetdicom._handlers - Priority                      : Medium
2026-10-05 08:06:46,075 [DEBUG] pynetdicom._handlers - ============================ END DIMSE MESSAGE =============================
2026-10-05 08:06:46,076 [DEBUG] pynetdicom.dsutils - pydicom.read_dataset() TransferSyntax="Little Endian Implicit"
2026-10-05 08:06:46,079 [INFO] HealthPACS - Utility: Directory esistente verificata: G:\ArchiveRoot\1.2.840.113619.2.1075997
2026-10-05 08:06:46,080 [INFO] HealthPACS - Utility: Directory esistente verificata: G:\ArchiveRoot\1.2.840.113619.2.1075997\1.3.12.2.1107.5.1.7.123161.30000024073109044472200000734
2026-10-05 08:06:46,084 [INFO] HealthPACS - [InstancesRepo] Creata nuova istanza [SOP: 1.3.12.2.1107.5.1.7.123161.30000024073109044472200003889]
2026-10-05 08:06:46,087 [INFO] HealthPACS - C-STORE: Salvata Istanza [ID: 6366, SOP: 1.3.12.2.1107.5.1.7.123161.30000024073109044472200003889] | Dim: 528812 B | Path: G:\ArchiveRoot\1.2.840.113619.2.1075997\1.3.12.2.1107.5.1.7.123161.30000024073109044472200000734\1.3.12.2.1107.5.1.7.123161.30000024073109044472200003889.dcm
2026-10-05 08:06:46,115 [DEBUG] pynetdicom.dsutils - pydicom.read_dataset() TransferSyntax="Little Endian Implicit"
2026-10-05 08:06:46,117 [INFO] pynetdicom._handlers - Received Store Request
2026-10-05 08:06:46,118 [DEBUG] pynetdicom._handlers - ========================== INCOMING DIMSE MESSAGE ==========================
2026-10-05 08:06:46,118 [DEBUG] pynetdicom._handlers - Message Type                  : C-STORE RQ
2026-10-05 08:06:46,118 [DEBUG] pynetdicom._handlers - Presentation Context ID       : 21
2026-10-05 08:06:46,118 [DEBUG] pynetdicom._handlers - Message ID                    : 2269
2026-10-05 08:06:46,118 [DEBUG] pynetdicom._handlers - Affected SOP Class UID        : CT Image Storage
2026-10-05 08:06:46,118 [DEBUG] pynetdicom._handlers - Affected SOP Instance UID     : 1.3.12.2.1107.5.1.7.123161.30000024073109044472200003890
2026-10-05 08:06:46,118 [DEBUG] pynetdicom._handlers - Data Set                      : Present
2026-10-05 08:06:46,118 [DEBUG] pynetdicom._handlers - Priority                      : Medium
2026-10-05 08:06:46,118 [DEBUG] pynetdicom._handlers - ============================ END DIMSE MESSAGE =============================
2026-10-05 08:06:46,120 [DEBUG] pynetdicom.dsutils - pydicom.read_dataset() TransferSyntax="Little Endian Implicit"
2026-10-05 08:06:46,124 [INFO] HealthPACS - Utility: Directory esistente verificata: G:\ArchiveRoot\1.2.840.113619.2.1075997
2026-10-05 08:06:46,126 [INFO] HealthPACS - Utility: Directory esistente verificata: G:\ArchiveRoot\1.2.840.113619.2.1075997\1.3.12.2.1107.5.1.7.123161.30000024073109044472200000734
2026-10-05 08:06:46,130 [INFO] HealthPACS - [InstancesRepo] Creata nuova istanza [SOP: 1.3.12.2.1107.5.1.7.123161.30000024073109044472200003890]
2026-10-05 08:06:46,133 [INFO] HealthPACS - C-STORE: Salvata Istanza [ID: 6367, SOP: 1.3.12.2.1107.5.1.7.123161.30000024073109044472200003890] | Dim: 528812 B | Path: G:\ArchiveRoot\1.2.840.113619.2.1075997\1.3.12.2.1107.5.1.7.123161.30000024073109044472200000734\1.3.12.2.1107.5.1.7.123161.30000024073109044472200003890.dcm
2026-10-05 08:06:46,172 [DEBUG] pynetdicom.dsutils - pydicom.read_dataset() TransferSyntax="Little Endian Implicit"
2026-10-05 08:06:46,178 [INFO] pynetdicom._handlers - Received Store Request
2026-10-05 08:06:46,179 [DEBUG] pynetdicom._handlers - ========================== INCOMING DIMSE MESSAGE ==========================
2026-10-05 08:06:46,179 [DEBUG] pynetdicom._handlers - Message Type                  : C-STORE RQ
2026-10-05 08:06:46,179 [DEBUG] pynetdicom._handlers - Presentation Context ID       : 21
2026-10-05 08:06:46,179 [DEBUG] pynetdicom._handlers - Message ID                    : 2270
2026-10-05 08:06:46,179 [DEBUG] pynetdicom._handlers - Affected SOP Class UID        : CT Image Storage
2026-10-05 08:06:46,180 [DEBUG] pynetdicom._handlers - Affected SOP Instance UID     : 1.3.12.2.1107.5.1.7.123161.30000024073109044472200003891
2026-10-05 08:06:46,180 [DEBUG] pynetdicom._handlers - Data Set                      : Present
2026-10-05 08:06:46,180 [DEBUG] pynetdicom._handlers - Priority                      : Medium
2026-10-05 08:06:46,180 [DEBUG] pynetdicom._handlers - ============================ END DIMSE MESSAGE =============================
2026-10-05 08:06:46,181 [DEBUG] pynetdicom.dsutils - pydicom.read_dataset() TransferSyntax="Little Endian Implicit"
2026-10-05 08:06:46,186 [INFO] HealthPACS - Utility: Directory esistente verificata: G:\ArchiveRoot\1.2.840.113619.2.1075997
2026-10-05 08:06:46,189 [INFO] HealthPACS - Utility: Directory esistente verificata: G:\ArchiveRoot\1.2.840.113619.2.1075997\1.3.12.2.1107.5.1.7.123161.30000024073109044472200000734
2026-10-05 08:06:46,195 [INFO] HealthPACS - [InstancesRepo] Creata nuova istanza [SOP: 1.3.12.2.1107.5.1.7.123161.30000024073109044472200003891]
2026-10-05 08:06:46,199 [INFO] HealthPACS - C-STORE: Salvata Istanza [ID: 6368, SOP: 1.3.12.2.1107.5.1.7.123161.30000024073109044472200003891] | Dim: 528812 B | Path: G:\ArchiveRoot\1.2.840.113619.2.1075997\1.3.12.2.1107.5.1.7.123161.30000024073109044472200000734\1.3.12.2.1107.5.1.7.123161.30000024073109044472200003891.dcm
2026-10-05 08:06:46,249 [DEBUG] pynetdicom.dsutils - pydicom.read_dataset() TransferSyntax="Little Endian Implicit"
2026-10-05 08:06:46,254 [INFO] pynetdicom._handlers - Received Store Request
2026-10-05 08:06:46,255 [DEBUG] pynetdicom._handlers - ========================== INCOMING DIMSE MESSAGE ==========================
2026-10-05 08:06:46,255 [DEBUG] pynetdicom._handlers - Message Type                  : C-STORE RQ
2026-10-05 08:06:46,255 [DEBUG] pynetdicom._handlers - Presentation Context ID       : 21
2026-10-05 08:06:46,255 [DEBUG] pynetdicom._handlers - Message ID                    : 2271
2026-10-05 08:06:46,255 [DEBUG] pynetdicom._handlers - Affected SOP Class UID        : CT Image Storage
2026-10-05 08:06:46,255 [DEBUG] pynetdicom._handlers - Affected SOP Instance UID     : 1.3.12.2.1107.5.1.7.123161.30000024073109044472200003892
2026-10-05 08:06:46,256 [DEBUG] pynetdicom._handlers - Data Set                      : Present
2026-10-05 08:06:46,256 [DEBUG] pynetdicom._handlers - Priority                      : Medium
2026-10-05 08:06:46,256 [DEBUG] pynetdicom._handlers - ============================ END DIMSE MESSAGE =============================
2026-10-05 08:06:46,257 [DEBUG] pynetdicom.dsutils - pydicom.read_dataset() TransferSyntax="Little Endian Implicit"
2026-10-05 08:06:46,261 [INFO] HealthPACS - Utility: Directory esistente verificata: G:\ArchiveRoot\1.2.840.113619.2.1075997
2026-10-05 08:06:46,263 [INFO] HealthPACS - Utility: Directory esistente verificata: G:\ArchiveRoot\1.2.840.113619.2.1075997\1.3.12.2.1107.5.1.7.123161.30000024073109044472200000734
2026-10-05 08:06:46,268 [INFO] HealthPACS - [InstancesRepo] Creata nuova istanza [SOP: 1.3.12.2.1107.5.1.7.123161.30000024073109044472200003892]
2026-10-05 08:06:46,271 [INFO] HealthPACS - C-STORE: Salvata Istanza [ID: 6369, SOP: 1.3.12.2.1107.5.1.7.123161.30000024073109044472200003892] | Dim: 528812 B | Path: G:\ArchiveRoot\1.2.840.113619.2.1075997\1.3.12.2.1107.5.1.7.123161.30000024073109044472200000734\1.3.12.2.1107.5.1.7.123161.30000024073109044472200003892.dcm
2026-10-05 08:06:46,320 [DEBUG] pynetdicom.dsutils - pydicom.read_dataset() TransferSyntax="Little Endian Implicit"
2026-10-05 08:06:46,324 [INFO] pynetdicom._handlers - Received Store Request
2026-10-05 08:06:46,324 [DEBUG] pynetdicom._handlers - ========================== INCOMING DIMSE MESSAGE ==========================
2026-10-05 08:06:46,325 [DEBUG] pynetdicom._handlers - Message Type                  : C-STORE RQ
2026-10-05 08:06:46,325 [DEBUG] pynetdicom._handlers - Presentation Context ID       : 21
2026-10-05 08:06:46,325 [DEBUG] pynetdicom._handlers - Message ID                    : 2272
2026-10-05 08:06:46,325 [DEBUG] pynetdicom._handlers - Affected SOP Class UID        : CT Image Storage
2026-10-05 08:06:46,325 [DEBUG] pynetdicom._handlers - Affected SOP Instance UID     : 1.3.12.2.1107.5.1.7.123161.30000024073109044472200003893
2026-10-05 08:06:46,325 [DEBUG] pynetdicom._handlers - Data Set                      : Present
2026-10-05 08:06:46,325 [DEBUG] pynetdicom._handlers - Priority                      : Medium
2026-10-05 08:06:46,325 [DEBUG] pynetdicom._handlers - ============================ END DIMSE MESSAGE =============================
2026-10-05 08:06:46,326 [DEBUG] pynetdicom.dsutils - pydicom.read_dataset() TransferSyntax="Little Endian Implicit"
2026-10-05 08:06:46,330 [INFO] HealthPACS - Utility: Directory esistente verificata: G:\ArchiveRoot\1.2.840.113619.2.1075997
2026-10-05 08:06:46,332 [INFO] HealthPACS - Utility: Directory esistente verificata: G:\ArchiveRoot\1.2.840.113619.2.1075997\1.3.12.2.1107.5.1.7.123161.30000024073109044472200000734
2026-10-05 08:06:46,337 [INFO] HealthPACS - [InstancesRepo] Creata nuova istanza [SOP: 1.3.12.2.1107.5.1.7.123161.30000024073109044472200003893]
2026-10-05 08:06:46,340 [INFO] HealthPACS - C-STORE: Salvata Istanza [ID: 6370, SOP: 1.3.12.2.1107.5.1.7.123161.30000024073109044472200003893] | Dim: 528812 B | Path: G:\ArchiveRoot\1.2.840.113619.2.1075997\1.3.12.2.1107.5.1.7.123161.30000024073109044472200000734\1.3.12.2.1107.5.1.7.123161.30000024073109044472200003893.dcm
2026-10-05 08:06:46,393 [DEBUG] pynetdicom.dsutils - pydicom.read_dataset() TransferSyntax="Little Endian Implicit"
2026-10-05 08:06:46,395 [INFO] pynetdicom._handlers - Received Store Request
2026-10-05 08:06:46,396 [DEBUG] pynetdicom._handlers - ========================== INCOMING DIMSE MESSAGE ==========================
2026-10-05 08:06:46,396 [DEBUG] pynetdicom._handlers - Message Type                  : C-STORE RQ
2026-10-05 08:06:46,396 [DEBUG] pynetdicom._handlers - Presentation Context ID       : 21
2026-10-05 08:06:46,396 [DEBUG] pynetdicom._handlers - Message ID                    : 2273
2026-10-05 08:06:46,396 [DEBUG] pynetdicom._handlers - Affected SOP Class UID        : CT Image Storage
2026-10-05 08:06:46,396 [DEBUG] pynetdicom._handlers - Affected SOP Instance UID     : 1.3.12.2.1107.5.1.7.123161.30000024073109044472200003894
2026-10-05 08:06:46,396 [DEBUG] pynetdicom._handlers - Data Set                      : Present
2026-10-05 08:06:46,396 [DEBUG] pynetdicom._handlers - Priority                      : Medium
2026-10-05 08:06:46,396 [DEBUG] pynetdicom._handlers - ============================ END DIMSE MESSAGE =============================
2026-10-05 08:06:46,397 [DEBUG] pynetdicom.dsutils - pydicom.read_dataset() TransferSyntax="Little Endian Implicit"
2026-10-05 08:06:46,401 [INFO] HealthPACS - Utility: Directory esistente verificata: G:\ArchiveRoot\1.2.840.113619.2.1075997
2026-10-05 08:06:46,402 [INFO] HealthPACS - Utility: Directory esistente verificata: G:\ArchiveRoot\1.2.840.113619.2.1075997\1.3.12.2.1107.5.1.7.123161.30000024073109044472200000734
2026-10-05 08:06:46,407 [INFO] HealthPACS - [InstancesRepo] Creata nuova istanza [SOP: 1.3.12.2.1107.5.1.7.123161.30000024073109044472200003894]
2026-10-05 08:06:46,411 [INFO] HealthPACS - C-STORE: Salvata Istanza [ID: 6371, SOP: 1.3.12.2.1107.5.1.7.123161.30000024073109044472200003894] | Dim: 528812 B | Path: G:\ArchiveRoot\1.2.840.113619.2.1075997\1.3.12.2.1107.5.1.7.123161.30000024073109044472200000734\1.3.12.2.1107.5.1.7.123161.30000024073109044472200003894.dcm
2026-10-05 08:06:46,467 [DEBUG] pynetdicom.dsutils - pydicom.read_dataset() TransferSyntax="Little Endian Implicit"
2026-10-05 08:06:46,469 [INFO] pynetdicom._handlers - Received Store Request
2026-10-05 08:06:46,470 [DEBUG] pynetdicom._handlers - ========================== INCOMING DIMSE MESSAGE ==========================
2026-10-05 08:06:46,470 [DEBUG] pynetdicom._handlers - Message Type                  : C-STORE RQ
2026-10-05 08:06:46,470 [DEBUG] pynetdicom._handlers - Presentation Context ID       : 21
2026-10-05 08:06:46,470 [DEBUG] pynetdicom._handlers - Message ID                    : 2274
2026-10-05 08:06:46,471 [DEBUG] pynetdicom._handlers - Affected SOP Class UID        : CT Image Storage
2026-10-05 08:06:46,471 [DEBUG] pynetdicom._handlers - Affected SOP Instance UID     : 1.3.12.2.1107.5.1.7.123161.30000024073109044472200003895
2026-10-05 08:06:46,471 [DEBUG] pynetdicom._handlers - Data Set                      : Present
2026-10-05 08:06:46,471 [DEBUG] pynetdicom._handlers - Priority                      : Medium
2026-10-05 08:06:46,471 [DEBUG] pynetdicom._handlers - ============================ END DIMSE MESSAGE =============================
2026-10-05 08:06:46,472 [DEBUG] pynetdicom.dsutils - pydicom.read_dataset() TransferSyntax="Little Endian Implicit"
2026-10-05 08:06:46,477 [INFO] HealthPACS - Utility: Directory esistente verificata: G:\ArchiveRoot\1.2.840.113619.2.1075997
2026-10-05 08:06:46,479 [INFO] HealthPACS - Utility: Directory esistente verificata: G:\ArchiveRoot\1.2.840.113619.2.1075997\1.3.12.2.1107.5.1.7.123161.30000024073109044472200000734
2026-10-05 08:06:46,483 [INFO] HealthPACS - [InstancesRepo] Creata nuova istanza [SOP: 1.3.12.2.1107.5.1.7.123161.30000024073109044472200003895]
2026-10-05 08:06:46,486 [INFO] HealthPACS - C-STORE: Salvata Istanza [ID: 6372, SOP: 1.3.12.2.1107.5.1.7.123161.30000024073109044472200003895] | Dim: 528812 B | Path: G:\ArchiveRoot\1.2.840.113619.2.1075997\1.3.12.2.1107.5.1.7.123161.30000024073109044472200000734\1.3.12.2.1107.5.1.7.123161.30000024073109044472200003895.dcm
2026-10-05 08:06:46,546 [DEBUG] pynetdicom.dsutils - pydicom.read_dataset() TransferSyntax="Little Endian Implicit"
2026-10-05 08:06:46,548 [INFO] pynetdicom._handlers - Received Store Request
2026-10-05 08:06:46,548 [DEBUG] pynetdicom._handlers - ========================== INCOMING DIMSE MESSAGE ==========================
2026-10-05 08:06:46,548 [DEBUG] pynetdicom._handlers - Message Type                  : C-STORE RQ
2026-10-05 08:06:46,548 [DEBUG] pynetdicom._handlers - Presentation Context ID       : 21
2026-10-05 08:06:46,548 [DEBUG] pynetdicom._handlers - Message ID                    : 2275
2026-10-05 08:06:46,548 [DEBUG] pynetdicom._handlers - Affected SOP Class UID        : CT Image Storage
2026-10-05 08:06:46,548 [DEBUG] pynetdicom._handlers - Affected SOP Instance UID     : 1.3.12.2.1107.5.1.7.123161.30000024073109044472200003896
2026-10-05 08:06:46,548 [DEBUG] pynetdicom._handlers - Data Set                      : Present
2026-10-05 08:06:46,549 [DEBUG] pynetdicom._handlers - Priority                      : Medium
2026-10-05 08:06:46,549 [DEBUG] pynetdicom._handlers - ============================ END DIMSE MESSAGE =============================
2026-10-05 08:06:46,550 [DEBUG] pynetdicom.dsutils - pydicom.read_dataset() TransferSyntax="Little Endian Implicit"
2026-10-05 08:06:46,553 [INFO] HealthPACS - Utility: Directory esistente verificata: G:\ArchiveRoot\1.2.840.113619.2.1075997
2026-10-05 08:06:46,555 [INFO] HealthPACS - Utility: Directory esistente verificata: G:\ArchiveRoot\1.2.840.113619.2.1075997\1.3.12.2.1107.5.1.7.123161.30000024073109044472200000734
2026-10-05 08:06:46,559 [INFO] HealthPACS - [InstancesRepo] Creata nuova istanza [SOP: 1.3.12.2.1107.5.1.7.123161.30000024073109044472200003896]
2026-10-05 08:06:46,562 [INFO] HealthPACS - C-STORE: Salvata Istanza [ID: 6373, SOP: 1.3.12.2.1107.5.1.7.123161.30000024073109044472200003896] | Dim: 528812 B | Path: G:\ArchiveRoot\1.2.840.113619.2.1075997\1.3.12.2.1107.5.1.7.123161.30000024073109044472200000734\1.3.12.2.1107.5.1.7.123161.30000024073109044472200003896.dcm
2026-10-05 08:06:46,623 [DEBUG] pynetdicom.dsutils - pydicom.read_dataset() TransferSyntax="Little Endian Implicit"
2026-10-05 08:06:46,625 [INFO] pynetdicom._handlers - Received Store Request
2026-10-05 08:06:46,626 [DEBUG] pynetdicom._handlers - ========================== INCOMING DIMSE MESSAGE ==========================
2026-10-05 08:06:46,626 [DEBUG] pynetdicom._handlers - Message Type                  : C-STORE RQ
2026-10-05 08:06:46,626 [DEBUG] pynetdicom._handlers - Presentation Context ID       : 21
2026-10-05 08:06:46,626 [DEBUG] pynetdicom._handlers - Message ID                    : 2276
2026-10-05 08:06:46,626 [DEBUG] pynetdicom._handlers - Affected SOP Class UID        : CT Image Storage
2026-10-05 08:06:46,626 [DEBUG] pynetdicom._handlers - Affected SOP Instance UID     : 1.3.12.2.1107.5.1.7.123161.30000024073109044472200002674
2026-10-05 08:06:46,626 [DEBUG] pynetdicom._handlers - Data Set                      : Present
2026-10-05 08:06:46,627 [DEBUG] pynetdicom._handlers - Priority                      : Medium
2026-10-05 08:06:46,627 [DEBUG] pynetdicom._handlers - ============================ END DIMSE MESSAGE =============================
2026-10-05 08:06:46,627 [DEBUG] pynetdicom.dsutils - pydicom.read_dataset() TransferSyntax="Little Endian Implicit"
2026-10-05 08:06:46,630 [INFO] HealthPACS - Utility: Directory esistente verificata: G:\ArchiveRoot\1.2.840.113619.2.1075997
2026-10-05 08:06:46,632 [INFO] HealthPACS - Utility: Directory esistente verificata: G:\ArchiveRoot\1.2.840.113619.2.1075997\1.3.12.2.1107.5.1.7.123161.30000024073109044472200000734
2026-10-05 08:06:46,636 [INFO] HealthPACS - [InstancesRepo] Creata nuova istanza [SOP: 1.3.12.2.1107.5.1.7.123161.30000024073109044472200002674]
2026-10-05 08:06:46,639 [INFO] HealthPACS - C-STORE: Salvata Istanza [ID: 6374, SOP: 1.3.12.2.1107.5.1.7.123161.30000024073109044472200002674] | Dim: 528820 B | Path: G:\ArchiveRoot\1.2.840.113619.2.1075997\1.3.12.2.1107.5.1.7.123161.30000024073109044472200000734\1.3.12.2.1107.5.1.7.123161.30000024073109044472200002674.dcm
2026-10-05 08:06:46,701 [DEBUG] pynetdicom.dsutils - pydicom.read_dataset() TransferSyntax="Little Endian Implicit"
2026-10-05 08:06:46,703 [INFO] pynetdicom._handlers - Received Store Request
2026-10-05 08:06:46,703 [DEBUG] pynetdicom._handlers - ========================== INCOMING DIMSE MESSAGE ==========================
2026-10-05 08:06:46,703 [DEBUG] pynetdicom._handlers - Message Type                  : C-STORE RQ
2026-10-05 08:06:46,703 [DEBUG] pynetdicom._handlers - Presentation Context ID       : 21
2026-10-05 08:06:46,703 [DEBUG] pynetdicom._handlers - Message ID                    : 2277
2026-10-05 08:06:46,704 [DEBUG] pynetdicom._handlers - Affected SOP Class UID        : CT Image Storage
2026-10-05 08:06:46,704 [DEBUG] pynetdicom._handlers - Affected SOP Instance UID     : 1.3.12.2.1107.5.1.7.123161.30000024073109044472200003897
2026-10-05 08:06:46,704 [DEBUG] pynetdicom._handlers - Data Set                      : Present
2026-10-05 08:06:46,704 [DEBUG] pynetdicom._handlers - Priority                      : Medium
2026-10-05 08:06:46,704 [DEBUG] pynetdicom._handlers - ============================ END DIMSE MESSAGE =============================
2026-10-05 08:06:46,704 [DEBUG] pynetdicom.dsutils - pydicom.read_dataset() TransferSyntax="Little Endian Implicit"
2026-10-05 08:06:46,708 [INFO] HealthPACS - Utility: Directory esistente verificata: G:\ArchiveRoot\1.2.840.113619.2.1075997
2026-10-05 08:06:46,709 [INFO] HealthPACS - Utility: Directory esistente verificata: G:\ArchiveRoot\1.2.840.113619.2.1075997\1.3.12.2.1107.5.1.7.123161.30000024073109044472200000734
2026-10-05 08:06:46,713 [INFO] HealthPACS - [InstancesRepo] Creata nuova istanza [SOP: 1.3.12.2.1107.5.1.7.123161.30000024073109044472200003897]
2026-10-05 08:06:46,717 [INFO] HealthPACS - C-STORE: Salvata Istanza [ID: 6375, SOP: 1.3.12.2.1107.5.1.7.123161.30000024073109044472200003897] | Dim: 528812 B | Path: G:\ArchiveRoot\1.2.840.113619.2.1075997\1.3.12.2.1107.5.1.7.123161.30000024073109044472200000734\1.3.12.2.1107.5.1.7.123161.30000024073109044472200003897.dcm
2026-10-05 08:06:46,787 [DEBUG] pynetdicom.dsutils - pydicom.read_dataset() TransferSyntax="Little Endian Implicit"
2026-10-05 08:06:46,790 [INFO] pynetdicom._handlers - Received Store Request
2026-10-05 08:06:46,790 [DEBUG] pynetdicom._handlers - ========================== INCOMING DIMSE MESSAGE ==========================
2026-10-05 08:06:46,790 [DEBUG] pynetdicom._handlers - Message Type                  : C-STORE RQ
2026-10-05 08:06:46,790 [DEBUG] pynetdicom._handlers - Presentation Context ID       : 21
2026-10-05 08:06:46,791 [DEBUG] pynetdicom._handlers - Message ID                    : 2278
2026-10-05 08:06:46,791 [DEBUG] pynetdicom._handlers - Affected SOP Class UID        : CT Image Storage
2026-10-05 08:06:46,791 [DEBUG] pynetdicom._handlers - Affected SOP Instance UID     : 1.3.12.2.1107.5.1.7.123161.30000024073109044472200003898
2026-10-05 08:06:46,791 [DEBUG] pynetdicom._handlers - Data Set                      : Present
2026-10-05 08:06:46,791 [DEBUG] pynetdicom._handlers - Priority                      : Medium
2026-10-05 08:06:46,791 [DEBUG] pynetdicom._handlers - ============================ END DIMSE MESSAGE =============================
2026-10-05 08:06:46,792 [DEBUG] pynetdicom.dsutils - pydicom.read_dataset() TransferSyntax="Little Endian Implicit"
2026-10-05 08:06:46,796 [INFO] HealthPACS - Utility: Directory esistente verificata: G:\ArchiveRoot\1.2.840.113619.2.1075997
2026-10-05 08:06:46,798 [INFO] HealthPACS - Utility: Directory esistente verificata: G:\ArchiveRoot\1.2.840.113619.2.1075997\1.3.12.2.1107.5.1.7.123161.30000024073109044472200000734
2026-10-05 08:06:46,801 [INFO] HealthPACS - [InstancesRepo] Creata nuova istanza [SOP: 1.3.12.2.1107.5.1.7.123161.30000024073109044472200003898]
2026-10-05 08:06:46,804 [INFO] HealthPACS - C-STORE: Salvata Istanza [ID: 6376, SOP: 1.3.12.2.1107.5.1.7.123161.30000024073109044472200003898] | Dim: 528812 B | Path: G:\ArchiveRoot\1.2.840.113619.2.1075997\1.3.12.2.1107.5.1.7.123161.30000024073109044472200000734\1.3.12.2.1107.5.1.7.123161.30000024073109044472200003898.dcm
2026-10-05 08:06:46,877 [DEBUG] pynetdicom.dsutils - pydicom.read_dataset() TransferSyntax="Little Endian Implicit"
2026-10-05 08:06:46,881 [INFO] pynetdicom._handlers - Received Store Request
2026-10-05 08:06:46,881 [DEBUG] pynetdicom._handlers - ========================== INCOMING DIMSE MESSAGE ==========================
2026-10-05 08:06:46,881 [DEBUG] pynetdicom._handlers - Message Type                  : C-STORE RQ
2026-10-05 08:06:46,881 [DEBUG] pynetdicom._handlers - Presentation Context ID       : 21
2026-10-05 08:06:46,881 [DEBUG] pynetdicom._handlers - Message ID                    : 2279
2026-10-05 08:06:46,882 [DEBUG] pynetdicom._handlers - Affected SOP Class UID        : CT Image Storage
2026-10-05 08:06:46,882 [DEBUG] pynetdicom._handlers - Affected SOP Instance UID     : 1.3.12.2.1107.5.1.7.123161.30000024073109044472200003899
2026-10-05 08:06:46,882 [DEBUG] pynetdicom._handlers - Data Set                      : Present
2026-10-05 08:06:46,882 [DEBUG] pynetdicom._handlers - Priority                      : Medium
2026-10-05 08:06:46,882 [DEBUG] pynetdicom._handlers - ============================ END DIMSE MESSAGE =============================
2026-10-05 08:06:46,883 [DEBUG] pynetdicom.dsutils - pydicom.read_dataset() TransferSyntax="Little Endian Implicit"
2026-10-05 08:06:46,886 [INFO] HealthPACS - Utility: Directory esistente verificata: G:\ArchiveRoot\1.2.840.113619.2.1075997
2026-10-05 08:06:46,887 [INFO] HealthPACS - Utility: Directory esistente verificata: G:\ArchiveRoot\1.2.840.113619.2.1075997\1.3.12.2.1107.5.1.7.123161.30000024073109044472200000734
2026-10-05 08:06:46,891 [INFO] HealthPACS - [InstancesRepo] Creata nuova istanza [SOP: 1.3.12.2.1107.5.1.7.123161.30000024073109044472200003899]
2026-10-05 08:06:46,894 [INFO] HealthPACS - C-STORE: Salvata Istanza [ID: 6377, SOP: 1.3.12.2.1107.5.1.7.123161.30000024073109044472200003899] | Dim: 528812 B | Path: G:\ArchiveRoot\1.2.840.113619.2.1075997\1.3.12.2.1107.5.1.7.123161.30000024073109044472200000734\1.3.12.2.1107.5.1.7.123161.30000024073109044472200003899.dcm
2026-10-05 08:06:46,972 [DEBUG] pynetdicom.dsutils - pydicom.read_dataset() TransferSyntax="Little Endian Implicit"
2026-10-05 08:06:46,974 [INFO] pynetdicom._handlers - Received Store Request
2026-10-05 08:06:46,974 [DEBUG] pynetdicom._handlers - ========================== INCOMING DIMSE MESSAGE ==========================
2026-10-05 08:06:46,974 [DEBUG] pynetdicom._handlers - Message Type                  : C-STORE RQ
2026-10-05 08:06:46,975 [DEBUG] pynetdicom._handlers - Presentation Context ID       : 21
2026-10-05 08:06:46,975 [DEBUG] pynetdicom._handlers - Message ID                    : 2280
2026-10-05 08:06:46,975 [DEBUG] pynetdicom._handlers - Affected SOP Class UID        : CT Image Storage
2026-10-05 08:06:46,975 [DEBUG] pynetdicom._handlers - Affected SOP Instance UID     : 1.3.12.2.1107.5.1.7.123161.30000024073109044472200003900
2026-10-05 08:06:46,975 [DEBUG] pynetdicom._handlers - Data Set                      : Present
2026-10-05 08:06:46,975 [DEBUG] pynetdicom._handlers - Priority                      : Medium
2026-10-05 08:06:46,975 [DEBUG] pynetdicom._handlers - ============================ END DIMSE MESSAGE =============================
2026-10-05 08:06:46,976 [DEBUG] pynetdicom.dsutils - pydicom.read_dataset() TransferSyntax="Little Endian Implicit"
2026-10-05 08:06:46,979 [INFO] HealthPACS - Utility: Directory esistente verificata: G:\ArchiveRoot\1.2.840.113619.2.1075997
2026-10-05 08:06:46,981 [INFO] HealthPACS - Utility: Directory esistente verificata: G:\ArchiveRoot\1.2.840.113619.2.1075997\1.3.12.2.1107.5.1.7.123161.30000024073109044472200000734
2026-10-05 08:06:46,984 [INFO] HealthPACS - [InstancesRepo] Creata nuova istanza [SOP: 1.3.12.2.1107.5.1.7.123161.30000024073109044472200003900]
2026-10-05 08:06:46,987 [INFO] HealthPACS - C-STORE: Salvata Istanza [ID: 6378, SOP: 1.3.12.2.1107.5.1.7.123161.30000024073109044472200003900] | Dim: 528812 B | Path: G:\ArchiveRoot\1.2.840.113619.2.1075997\1.3.12.2.1107.5.1.7.123161.30000024073109044472200000734\1.3.12.2.1107.5.1.7.123161.30000024073109044472200003900.dcm
2026-10-05 08:06:47,069 [DEBUG] pynetdicom.dsutils - pydicom.read_dataset() TransferSyntax="Little Endian Implicit"
2026-10-05 08:06:47,073 [INFO] pynetdicom._handlers - Received Store Request
2026-10-05 08:06:47,074 [DEBUG] pynetdicom._handlers - ========================== INCOMING DIMSE MESSAGE ==========================
2026-10-05 08:06:47,074 [DEBUG] pynetdicom._handlers - Message Type                  : C-STORE RQ
2026-10-05 08:06:47,074 [DEBUG] pynetdicom._handlers - Presentation Context ID       : 21
2026-10-05 08:06:47,074 [DEBUG] pynetdicom._handlers - Message ID                    : 2281
2026-10-05 08:06:47,074 [DEBUG] pynetdicom._handlers - Affected SOP Class UID        : CT Image Storage
2026-10-05 08:06:47,074 [DEBUG] pynetdicom._handlers - Affected SOP Instance UID     : 1.3.12.2.1107.5.1.7.123161.30000024073109044472200003901
2026-10-05 08:06:47,074 [DEBUG] pynetdicom._handlers - Data Set                      : Present
2026-10-05 08:06:47,074 [DEBUG] pynetdicom._handlers - Priority                      : Medium
2026-10-05 08:06:47,074 [DEBUG] pynetdicom._handlers - ============================ END DIMSE MESSAGE =============================
2026-10-05 08:06:47,076 [DEBUG] pynetdicom.dsutils - pydicom.read_dataset() TransferSyntax="Little Endian Implicit"
2026-10-05 08:06:47,080 [INFO] HealthPACS - Utility: Directory esistente verificata: G:\ArchiveRoot\1.2.840.113619.2.1075997
2026-10-05 08:06:47,081 [INFO] HealthPACS - Utility: Directory esistente verificata: G:\ArchiveRoot\1.2.840.113619.2.1075997\1.3.12.2.1107.5.1.7.123161.30000024073109044472200000734
2026-10-05 08:06:47,085 [INFO] HealthPACS - [InstancesRepo] Creata nuova istanza [SOP: 1.3.12.2.1107.5.1.7.123161.30000024073109044472200003901]
2026-10-05 08:06:47,088 [INFO] HealthPACS - C-STORE: Salvata Istanza [ID: 6379, SOP: 1.3.12.2.1107.5.1.7.123161.30000024073109044472200003901] | Dim: 528812 B | Path: G:\ArchiveRoot\1.2.840.113619.2.1075997\1.3.12.2.1107.5.1.7.123161.30000024073109044472200000734\1.3.12.2.1107.5.1.7.123161.30000024073109044472200003901.dcm
2026-10-05 08:06:47,178 [DEBUG] pynetdicom.dsutils - pydicom.read_dataset() TransferSyntax="Little Endian Implicit"
2026-10-05 08:06:47,180 [INFO] pynetdicom._handlers - Received Store Request
2026-10-05 08:06:47,181 [DEBUG] pynetdicom._handlers - ========================== INCOMING DIMSE MESSAGE ==========================
2026-10-05 08:06:47,181 [DEBUG] pynetdicom._handlers - Message Type                  : C-STORE RQ
2026-10-05 08:06:47,181 [DEBUG] pynetdicom._handlers - Presentation Context ID       : 21
2026-10-05 08:06:47,181 [DEBUG] pynetdicom._handlers - Message ID                    : 2282
2026-10-05 08:06:47,181 [DEBUG] pynetdicom._handlers - Affected SOP Class UID        : CT Image Storage
2026-10-05 08:06:47,181 [DEBUG] pynetdicom._handlers - Affected SOP Instance UID     : 1.3.12.2.1107.5.1.7.123161.30000024073109044472200003902
2026-10-05 08:06:47,181 [DEBUG] pynetdicom._handlers - Data Set                      : Present
2026-10-05 08:06:47,181 [DEBUG] pynetdicom._handlers - Priority                      : Medium
2026-10-05 08:06:47,181 [DEBUG] pynetdicom._handlers - ============================ END DIMSE MESSAGE =============================
2026-10-05 08:06:47,182 [DEBUG] pynetdicom.dsutils - pydicom.read_dataset() TransferSyntax="Little Endian Implicit"
2026-10-05 08:06:47,186 [INFO] HealthPACS - Utility: Directory esistente verificata: G:\ArchiveRoot\1.2.840.113619.2.1075997
2026-10-05 08:06:47,187 [INFO] HealthPACS - Utility: Directory esistente verificata: G:\ArchiveRoot\1.2.840.113619.2.1075997\1.3.12.2.1107.5.1.7.123161.30000024073109044472200000734
2026-10-05 08:06:47,191 [INFO] HealthPACS - [InstancesRepo] Creata nuova istanza [SOP: 1.3.12.2.1107.5.1.7.123161.30000024073109044472200003902]
2026-10-05 08:06:47,194 [INFO] HealthPACS - C-STORE: Salvata Istanza [ID: 6380, SOP: 1.3.12.2.1107.5.1.7.123161.30000024073109044472200003902] | Dim: 528812 B | Path: G:\ArchiveRoot\1.2.840.113619.2.1075997\1.3.12.2.1107.5.1.7.123161.30000024073109044472200000734\1.3.12.2.1107.5.1.7.123161.30000024073109044472200003902.dcm
2026-10-05 08:06:47,285 [DEBUG] pynetdicom.dsutils - pydicom.read_dataset() TransferSyntax="Little Endian Implicit"
2026-10-05 08:06:47,287 [INFO] pynetdicom._handlers - Received Store Request
2026-10-05 08:06:47,287 [DEBUG] pynetdicom._handlers - ========================== INCOMING DIMSE MESSAGE ==========================
2026-10-05 08:06:47,287 [DEBUG] pynetdicom._handlers - Message Type                  : C-STORE RQ
2026-10-05 08:06:47,288 [DEBUG] pynetdicom._handlers - Presentation Context ID       : 21
2026-10-05 08:06:47,288 [DEBUG] pynetdicom._handlers - Message ID                    : 2283
2026-10-05 08:06:47,288 [DEBUG] pynetdicom._handlers - Affected SOP Class UID        : CT Image Storage
2026-10-05 08:06:47,288 [DEBUG] pynetdicom._handlers - Affected SOP Instance UID     : 1.3.12.2.1107.5.1.7.123161.30000024073109044472200003903
2026-10-05 08:06:47,288 [DEBUG] pynetdicom._handlers - Data Set                      : Present
2026-10-05 08:06:47,288 [DEBUG] pynetdicom._handlers - Priority                      : Medium
2026-10-05 08:06:47,288 [DEBUG] pynetdicom._handlers - ============================ END DIMSE MESSAGE =============================
2026-10-05 08:06:47,289 [DEBUG] pynetdicom.dsutils - pydicom.read_dataset() TransferSyntax="Little Endian Implicit"
2026-10-05 08:06:47,292 [INFO] HealthPACS - Utility: Directory esistente verificata: G:\ArchiveRoot\1.2.840.113619.2.1075997
2026-10-05 08:06:47,294 [INFO] HealthPACS - Utility: Directory esistente verificata: G:\ArchiveRoot\1.2.840.113619.2.1075997\1.3.12.2.1107.5.1.7.123161.30000024073109044472200000734
2026-10-05 08:06:47,298 [INFO] HealthPACS - [InstancesRepo] Creata nuova istanza [SOP: 1.3.12.2.1107.5.1.7.123161.30000024073109044472200003903]
2026-10-05 08:06:47,301 [INFO] HealthPACS - C-STORE: Salvata Istanza [ID: 6381, SOP: 1.3.12.2.1107.5.1.7.123161.30000024073109044472200003903] | Dim: 528812 B | Path: G:\ArchiveRoot\1.2.840.113619.2.1075997\1.3.12.2.1107.5.1.7.123161.30000024073109044472200000734\1.3.12.2.1107.5.1.7.123161.30000024073109044472200003903.dcm
2026-10-05 08:06:47,395 [DEBUG] pynetdicom.dsutils - pydicom.read_dataset() TransferSyntax="Little Endian Implicit"
2026-10-05 08:06:47,398 [INFO] pynetdicom._handlers - Received Store Request
2026-10-05 08:06:47,398 [DEBUG] pynetdicom._handlers - ========================== INCOMING DIMSE MESSAGE ==========================
2026-10-05 08:06:47,399 [DEBUG] pynetdicom._handlers - Message Type                  : C-STORE RQ
2026-10-05 08:06:47,399 [DEBUG] pynetdicom._handlers - Presentation Context ID       : 21
2026-10-05 08:06:47,399 [DEBUG] pynetdicom._handlers - Message ID                    : 2284
2026-10-05 08:06:47,399 [DEBUG] pynetdicom._handlers - Affected SOP Class UID        : CT Image Storage
2026-10-05 08:06:47,399 [DEBUG] pynetdicom._handlers - Affected SOP Instance UID     : 1.3.12.2.1107.5.1.7.123161.30000024073109044472200003904
2026-10-05 08:06:47,399 [DEBUG] pynetdicom._handlers - Data Set                      : Present
2026-10-05 08:06:47,399 [DEBUG] pynetdicom._handlers - Priority                      : Medium
2026-10-05 08:06:47,399 [DEBUG] pynetdicom._handlers - ============================ END DIMSE MESSAGE =============================
2026-10-05 08:06:47,400 [DEBUG] pynetdicom.dsutils - pydicom.read_dataset() TransferSyntax="Little Endian Implicit"
2026-10-05 08:06:47,403 [INFO] HealthPACS - Utility: Directory esistente verificata: G:\ArchiveRoot\1.2.840.113619.2.1075997
2026-10-05 08:06:47,404 [INFO] HealthPACS - Utility: Directory esistente verificata: G:\ArchiveRoot\1.2.840.113619.2.1075997\1.3.12.2.1107.5.1.7.123161.30000024073109044472200000734
2026-10-05 08:06:47,409 [INFO] HealthPACS - [InstancesRepo] Creata nuova istanza [SOP: 1.3.12.2.1107.5.1.7.123161.30000024073109044472200003904]
2026-10-05 08:06:47,412 [INFO] HealthPACS - C-STORE: Salvata Istanza [ID: 6382, SOP: 1.3.12.2.1107.5.1.7.123161.30000024073109044472200003904] | Dim: 528812 B | Path: G:\ArchiveRoot\1.2.840.113619.2.1075997\1.3.12.2.1107.5.1.7.123161.30000024073109044472200000734\1.3.12.2.1107.5.1.7.123161.30000024073109044472200003904.dcm
2026-10-05 08:06:47,465 [DEBUG] pynetdicom.dsutils - pydicom.read_dataset() TransferSyntax="Little Endian Implicit"
2026-10-05 08:06:47,468 [INFO] pynetdicom._handlers - Received Store Request
2026-10-05 08:06:47,468 [DEBUG] pynetdicom._handlers - ========================== INCOMING DIMSE MESSAGE ==========================
2026-10-05 08:06:47,469 [DEBUG] pynetdicom._handlers - Message Type                  : C-STORE RQ
2026-10-05 08:06:47,469 [DEBUG] pynetdicom._handlers - Presentation Context ID       : 21
2026-10-05 08:06:47,469 [DEBUG] pynetdicom._handlers - Message ID                    : 2285
2026-10-05 08:06:47,469 [DEBUG] pynetdicom._handlers - Affected SOP Class UID        : CT Image Storage
2026-10-05 08:06:47,469 [DEBUG] pynetdicom._handlers - Affected SOP Instance UID     : 1.3.12.2.1107.5.1.7.123161.30000024073109044472200003905
2026-10-05 08:06:47,469 [DEBUG] pynetdicom._handlers - Data Set                      : Present
2026-10-05 08:06:47,469 [DEBUG] pynetdicom._handlers - Priority                      : Medium
2026-10-05 08:06:47,469 [DEBUG] pynetdicom._handlers - ============================ END DIMSE MESSAGE =============================
2026-10-05 08:06:47,470 [DEBUG] pynetdicom.dsutils - pydicom.read_dataset() TransferSyntax="Little Endian Implicit"
2026-10-05 08:06:47,473 [INFO] HealthPACS - Utility: Directory esistente verificata: G:\ArchiveRoot\1.2.840.113619.2.1075997
2026-10-05 08:06:47,475 [INFO] HealthPACS - Utility: Directory esistente verificata: G:\ArchiveRoot\1.2.840.113619.2.1075997\1.3.12.2.1107.5.1.7.123161.30000024073109044472200000734
2026-10-05 08:06:47,479 [INFO] HealthPACS - [InstancesRepo] Creata nuova istanza [SOP: 1.3.12.2.1107.5.1.7.123161.30000024073109044472200003905]
2026-10-05 08:06:47,482 [INFO] HealthPACS - C-STORE: Salvata Istanza [ID: 6383, SOP: 1.3.12.2.1107.5.1.7.123161.30000024073109044472200003905] | Dim: 528812 B | Path: G:\ArchiveRoot\1.2.840.113619.2.1075997\1.3.12.2.1107.5.1.7.123161.30000024073109044472200000734\1.3.12.2.1107.5.1.7.123161.30000024073109044472200003905.dcm
2026-10-05 08:06:47,507 [DEBUG] pynetdicom.dsutils - pydicom.read_dataset() TransferSyntax="Little Endian Implicit"
2026-10-05 08:06:47,510 [INFO] pynetdicom._handlers - Received Store Request
2026-10-05 08:06:47,510 [DEBUG] pynetdicom._handlers - ========================== INCOMING DIMSE MESSAGE ==========================
2026-10-05 08:06:47,510 [DEBUG] pynetdicom._handlers - Message Type                  : C-STORE RQ
2026-10-05 08:06:47,510 [DEBUG] pynetdicom._handlers - Presentation Context ID       : 21
2026-10-05 08:06:47,510 [DEBUG] pynetdicom._handlers - Message ID                    : 2286
2026-10-05 08:06:47,510 [DEBUG] pynetdicom._handlers - Affected SOP Class UID        : CT Image Storage
2026-10-05 08:06:47,510 [DEBUG] pynetdicom._handlers - Affected SOP Instance UID     : 1.3.12.2.1107.5.1.7.123161.30000024073109044472200003906
2026-10-05 08:06:47,510 [DEBUG] pynetdicom._handlers - Data Set                      : Present
2026-10-05 08:06:47,511 [DEBUG] pynetdicom._handlers - Priority                      : Medium
2026-10-05 08:06:47,511 [DEBUG] pynetdicom._handlers - ============================ END DIMSE MESSAGE =============================
2026-10-05 08:06:47,511 [DEBUG] pynetdicom.dsutils - pydicom.read_dataset() TransferSyntax="Little Endian Implicit"
2026-10-05 08:06:47,514 [INFO] HealthPACS - Utility: Directory esistente verificata: G:\ArchiveRoot\1.2.840.113619.2.1075997
2026-10-05 08:06:47,516 [INFO] HealthPACS - Utility: Directory esistente verificata: G:\ArchiveRoot\1.2.840.113619.2.1075997\1.3.12.2.1107.5.1.7.123161.30000024073109044472200000734
2026-10-05 08:06:47,519 [INFO] HealthPACS - [InstancesRepo] Creata nuova istanza [SOP: 1.3.12.2.1107.5.1.7.123161.30000024073109044472200003906]
2026-10-05 08:06:47,522 [INFO] HealthPACS - C-STORE: Salvata Istanza [ID: 6384, SOP: 1.3.12.2.1107.5.1.7.123161.30000024073109044472200003906] | Dim: 528812 B | Path: G:\ArchiveRoot\1.2.840.113619.2.1075997\1.3.12.2.1107.5.1.7.123161.30000024073109044472200000734\1.3.12.2.1107.5.1.7.123161.30000024073109044472200003906.dcm
2026-10-05 08:06:47,552 [DEBUG] pynetdicom.dsutils - pydicom.read_dataset() TransferSyntax="Little Endian Implicit"
2026-10-05 08:06:47,555 [INFO] pynetdicom._handlers - Received Store Request
2026-10-05 08:06:47,555 [DEBUG] pynetdicom._handlers - ========================== INCOMING DIMSE MESSAGE ==========================
2026-10-05 08:06:47,556 [DEBUG] pynetdicom._handlers - Message Type                  : C-STORE RQ
2026-10-05 08:06:47,556 [DEBUG] pynetdicom._handlers - Presentation Context ID       : 21
2026-10-05 08:06:47,556 [DEBUG] pynetdicom._handlers - Message ID                    : 2287
2026-10-05 08:06:47,556 [DEBUG] pynetdicom._handlers - Affected SOP Class UID        : CT Image Storage
2026-10-05 08:06:47,556 [DEBUG] pynetdicom._handlers - Affected SOP Instance UID     : 1.3.12.2.1107.5.1.7.123161.30000024073109044472200002675
2026-10-05 08:06:47,556 [DEBUG] pynetdicom._handlers - Data Set                      : Present
2026-10-05 08:06:47,556 [DEBUG] pynetdicom._handlers - Priority                      : Medium
2026-10-05 08:06:47,556 [DEBUG] pynetdicom._handlers - ============================ END DIMSE MESSAGE =============================
2026-10-05 08:06:47,558 [DEBUG] pynetdicom.dsutils - pydicom.read_dataset() TransferSyntax="Little Endian Implicit"
2026-10-05 08:06:47,561 [INFO] HealthPACS - Utility: Directory esistente verificata: G:\ArchiveRoot\1.2.840.113619.2.1075997
2026-10-05 08:06:47,563 [INFO] HealthPACS - Utility: Directory esistente verificata: G:\ArchiveRoot\1.2.840.113619.2.1075997\1.3.12.2.1107.5.1.7.123161.30000024073109044472200000734
2026-10-05 08:06:47,567 [INFO] HealthPACS - [InstancesRepo] Creata nuova istanza [SOP: 1.3.12.2.1107.5.1.7.123161.30000024073109044472200002675]
2026-10-05 08:06:47,570 [INFO] HealthPACS - C-STORE: Salvata Istanza [ID: 6385, SOP: 1.3.12.2.1107.5.1.7.123161.30000024073109044472200002675] | Dim: 528820 B | Path: G:\ArchiveRoot\1.2.840.113619.2.1075997\1.3.12.2.1107.5.1.7.123161.30000024073109044472200000734\1.3.12.2.1107.5.1.7.123161.30000024073109044472200002675.dcm
2026-10-05 08:06:47,606 [DEBUG] pynetdicom.dsutils - pydicom.read_dataset() TransferSyntax="Little Endian Implicit"
2026-10-05 08:06:47,608 [INFO] pynetdicom._handlers - Received Store Request
2026-10-05 08:06:47,609 [DEBUG] pynetdicom._handlers - ========================== INCOMING DIMSE MESSAGE ==========================
2026-10-05 08:06:47,609 [DEBUG] pynetdicom._handlers - Message Type                  : C-STORE RQ
2026-10-05 08:06:47,609 [DEBUG] pynetdicom._handlers - Presentation Context ID       : 21
2026-10-05 08:06:47,609 [DEBUG] pynetdicom._handlers - Message ID                    : 2288
2026-10-05 08:06:47,609 [DEBUG] pynetdicom._handlers - Affected SOP Class UID        : CT Image Storage
2026-10-05 08:06:47,609 [DEBUG] pynetdicom._handlers - Affected SOP Instance UID     : 1.3.12.2.1107.5.1.7.123161.30000024073109044472200003907
2026-10-05 08:06:47,609 [DEBUG] pynetdicom._handlers - Data Set                      : Present
2026-10-05 08:06:47,609 [DEBUG] pynetdicom._handlers - Priority                      : Medium
2026-10-05 08:06:47,609 [DEBUG] pynetdicom._handlers - ============================ END DIMSE MESSAGE =============================
2026-10-05 08:06:47,610 [DEBUG] pynetdicom.dsutils - pydicom.read_dataset() TransferSyntax="Little Endian Implicit"
2026-10-05 08:06:47,614 [INFO] HealthPACS - Utility: Directory esistente verificata: G:\ArchiveRoot\1.2.840.113619.2.1075997
2026-10-05 08:06:47,616 [INFO] HealthPACS - Utility: Directory esistente verificata: G:\ArchiveRoot\1.2.840.113619.2.1075997\1.3.12.2.1107.5.1.7.123161.30000024073109044472200000734
2026-10-05 08:06:47,619 [INFO] HealthPACS - [InstancesRepo] Creata nuova istanza [SOP: 1.3.12.2.1107.5.1.7.123161.30000024073109044472200003907]
2026-10-05 08:06:47,622 [INFO] HealthPACS - C-STORE: Salvata Istanza [ID: 6386, SOP: 1.3.12.2.1107.5.1.7.123161.30000024073109044472200003907] | Dim: 528812 B | Path: G:\ArchiveRoot\1.2.840.113619.2.1075997\1.3.12.2.1107.5.1.7.123161.30000024073109044472200000734\1.3.12.2.1107.5.1.7.123161.30000024073109044472200003907.dcm
2026-10-05 08:06:47,665 [DEBUG] pynetdicom.dsutils - pydicom.read_dataset() TransferSyntax="Little Endian Implicit"
2026-10-05 08:06:47,667 [INFO] pynetdicom._handlers - Received Store Request
2026-10-05 08:06:47,668 [DEBUG] pynetdicom._handlers - ========================== INCOMING DIMSE MESSAGE ==========================
2026-10-05 08:06:47,668 [DEBUG] pynetdicom._handlers - Message Type                  : C-STORE RQ
2026-10-05 08:06:47,668 [DEBUG] pynetdicom._handlers - Presentation Context ID       : 21
2026-10-05 08:06:47,668 [DEBUG] pynetdicom._handlers - Message ID                    : 2289
2026-10-05 08:06:47,668 [DEBUG] pynetdicom._handlers - Affected SOP Class UID        : CT Image Storage
2026-10-05 08:06:47,668 [DEBUG] pynetdicom._handlers - Affected SOP Instance UID     : 1.3.12.2.1107.5.1.7.123161.30000024073109044472200003908
2026-10-05 08:06:47,668 [DEBUG] pynetdicom._handlers - Data Set                      : Present
2026-10-05 08:06:47,668 [DEBUG] pynetdicom._handlers - Priority                      : Medium
2026-10-05 08:06:47,669 [DEBUG] pynetdicom._handlers - ============================ END DIMSE MESSAGE =============================
2026-10-05 08:06:47,670 [DEBUG] pynetdicom.dsutils - pydicom.read_dataset() TransferSyntax="Little Endian Implicit"
2026-10-05 08:06:47,673 [INFO] HealthPACS - Utility: Directory esistente verificata: G:\ArchiveRoot\1.2.840.113619.2.1075997
2026-10-05 08:06:47,675 [INFO] HealthPACS - Utility: Directory esistente verificata: G:\ArchiveRoot\1.2.840.113619.2.1075997\1.3.12.2.1107.5.1.7.123161.30000024073109044472200000734
2026-10-05 08:06:47,679 [INFO] HealthPACS - [InstancesRepo] Creata nuova istanza [SOP: 1.3.12.2.1107.5.1.7.123161.30000024073109044472200003908]
2026-10-05 08:06:47,682 [INFO] HealthPACS - C-STORE: Salvata Istanza [ID: 6387, SOP: 1.3.12.2.1107.5.1.7.123161.30000024073109044472200003908] | Dim: 528812 B | Path: G:\ArchiveRoot\1.2.840.113619.2.1075997\1.3.12.2.1107.5.1.7.123161.30000024073109044472200000734\1.3.12.2.1107.5.1.7.123161.30000024073109044472200003908.dcm
2026-10-05 08:06:47,727 [DEBUG] pynetdicom.dsutils - pydicom.read_dataset() TransferSyntax="Little Endian Implicit"
2026-10-05 08:06:47,731 [INFO] pynetdicom._handlers - Received Store Request
2026-10-05 08:06:47,731 [DEBUG] pynetdicom._handlers - ========================== INCOMING DIMSE MESSAGE ==========================
2026-10-05 08:06:47,731 [DEBUG] pynetdicom._handlers - Message Type                  : C-STORE RQ
2026-10-05 08:06:47,731 [DEBUG] pynetdicom._handlers - Presentation Context ID       : 21
2026-10-05 08:06:47,731 [DEBUG] pynetdicom._handlers - Message ID                    : 2290
2026-10-05 08:06:47,731 [DEBUG] pynetdicom._handlers - Affected SOP Class UID        : CT Image Storage
2026-10-05 08:06:47,731 [DEBUG] pynetdicom._handlers - Affected SOP Instance UID     : 1.3.12.2.1107.5.1.7.123161.30000024073109044472200003909
2026-10-05 08:06:47,731 [DEBUG] pynetdicom._handlers - Data Set                      : Present
2026-10-05 08:06:47,732 [DEBUG] pynetdicom._handlers - Priority                      : Medium
2026-10-05 08:06:47,732 [DEBUG] pynetdicom._handlers - ============================ END DIMSE MESSAGE =============================
2026-10-05 08:06:47,733 [DEBUG] pynetdicom.dsutils - pydicom.read_dataset() TransferSyntax="Little Endian Implicit"
2026-10-05 08:06:47,736 [INFO] HealthPACS - Utility: Directory esistente verificata: G:\ArchiveRoot\1.2.840.113619.2.1075997
2026-10-05 08:06:47,737 [INFO] HealthPACS - Utility: Directory esistente verificata: G:\ArchiveRoot\1.2.840.113619.2.1075997\1.3.12.2.1107.5.1.7.123161.30000024073109044472200000734
2026-10-05 08:06:47,742 [INFO] HealthPACS - [InstancesRepo] Creata nuova istanza [SOP: 1.3.12.2.1107.5.1.7.123161.30000024073109044472200003909]
2026-10-05 08:06:47,744 [INFO] HealthPACS - C-STORE: Salvata Istanza [ID: 6388, SOP: 1.3.12.2.1107.5.1.7.123161.30000024073109044472200003909] | Dim: 528812 B | Path: G:\ArchiveRoot\1.2.840.113619.2.1075997\1.3.12.2.1107.5.1.7.123161.30000024073109044472200000734\1.3.12.2.1107.5.1.7.123161.30000024073109044472200003909.dcm
2026-10-05 08:06:47,794 [DEBUG] pynetdicom.dsutils - pydicom.read_dataset() TransferSyntax="Little Endian Implicit"
2026-10-05 08:06:47,797 [INFO] pynetdicom._handlers - Received Store Request
2026-10-05 08:06:47,797 [DEBUG] pynetdicom._handlers - ========================== INCOMING DIMSE MESSAGE ==========================
2026-10-05 08:06:47,797 [DEBUG] pynetdicom._handlers - Message Type                  : C-STORE RQ
2026-10-05 08:06:47,797 [DEBUG] pynetdicom._handlers - Presentation Context ID       : 21
2026-10-05 08:06:47,797 [DEBUG] pynetdicom._handlers - Message ID                    : 2291
2026-10-05 08:06:47,797 [DEBUG] pynetdicom._handlers - Affected SOP Class UID        : CT Image Storage
2026-10-05 08:06:47,797 [DEBUG] pynetdicom._handlers - Affected SOP Instance UID     : 1.3.12.2.1107.5.1.7.123161.30000024073109044472200003910
2026-10-05 08:06:47,797 [DEBUG] pynetdicom._handlers - Data Set                      : Present
2026-10-05 08:06:47,797 [DEBUG] pynetdicom._handlers - Priority                      : Medium
2026-10-05 08:06:47,798 [DEBUG] pynetdicom._handlers - ============================ END DIMSE MESSAGE =============================
2026-10-05 08:06:47,798 [DEBUG] pynetdicom.dsutils - pydicom.read_dataset() TransferSyntax="Little Endian Implicit"
2026-10-05 08:06:47,802 [INFO] HealthPACS - Utility: Directory esistente verificata: G:\ArchiveRoot\1.2.840.113619.2.1075997
2026-10-05 08:06:47,803 [INFO] HealthPACS - Utility: Directory esistente verificata: G:\ArchiveRoot\1.2.840.113619.2.1075997\1.3.12.2.1107.5.1.7.123161.30000024073109044472200000734
2026-10-05 08:06:47,807 [INFO] HealthPACS - [InstancesRepo] Creata nuova istanza [SOP: 1.3.12.2.1107.5.1.7.123161.30000024073109044472200003910]
2026-10-05 08:06:47,810 [INFO] HealthPACS - C-STORE: Salvata Istanza [ID: 6389, SOP: 1.3.12.2.1107.5.1.7.123161.30000024073109044472200003910] | Dim: 528812 B | Path: G:\ArchiveRoot\1.2.840.113619.2.1075997\1.3.12.2.1107.5.1.7.123161.30000024073109044472200000734\1.3.12.2.1107.5.1.7.123161.30000024073109044472200003910.dcm
2026-10-05 08:06:47,865 [DEBUG] pynetdicom.dsutils - pydicom.read_dataset() TransferSyntax="Little Endian Implicit"
2026-10-05 08:06:47,867 [INFO] pynetdicom._handlers - Received Store Request
2026-10-05 08:06:47,867 [DEBUG] pynetdicom._handlers - ========================== INCOMING DIMSE MESSAGE ==========================
2026-10-05 08:06:47,867 [DEBUG] pynetdicom._handlers - Message Type                  : C-STORE RQ
2026-10-05 08:06:47,867 [DEBUG] pynetdicom._handlers - Presentation Context ID       : 21
2026-10-05 08:06:47,867 [DEBUG] pynetdicom._handlers - Message ID                    : 2292
2026-10-05 08:06:47,868 [DEBUG] pynetdicom._handlers - Affected SOP Class UID        : CT Image Storage
2026-10-05 08:06:47,868 [DEBUG] pynetdicom._handlers - Affected SOP Instance UID     : 1.3.12.2.1107.5.1.7.123161.30000024073109044472200003911
2026-10-05 08:06:47,868 [DEBUG] pynetdicom._handlers - Data Set                      : Present
2026-10-05 08:06:47,868 [DEBUG] pynetdicom._handlers - Priority                      : Medium
2026-10-05 08:06:47,868 [DEBUG] pynetdicom._handlers - ============================ END DIMSE MESSAGE =============================
2026-10-05 08:06:47,869 [DEBUG] pynetdicom.dsutils - pydicom.read_dataset() TransferSyntax="Little Endian Implicit"
2026-10-05 08:06:47,873 [INFO] HealthPACS - Utility: Directory esistente verificata: G:\ArchiveRoot\1.2.840.113619.2.1075997
2026-10-05 08:06:47,875 [INFO] HealthPACS - Utility: Directory esistente verificata: G:\ArchiveRoot\1.2.840.113619.2.1075997\1.3.12.2.1107.5.1.7.123161.30000024073109044472200000734
2026-10-05 08:06:47,879 [INFO] HealthPACS - [InstancesRepo] Creata nuova istanza [SOP: 1.3.12.2.1107.5.1.7.123161.30000024073109044472200003911]
2026-10-05 08:06:47,882 [INFO] HealthPACS - C-STORE: Salvata Istanza [ID: 6390, SOP: 1.3.12.2.1107.5.1.7.123161.30000024073109044472200003911] | Dim: 528812 B | Path: G:\ArchiveRoot\1.2.840.113619.2.1075997\1.3.12.2.1107.5.1.7.123161.30000024073109044472200000734\1.3.12.2.1107.5.1.7.123161.30000024073109044472200003911.dcm
2026-10-05 08:06:47,938 [DEBUG] pynetdicom.dsutils - pydicom.read_dataset() TransferSyntax="Little Endian Implicit"
2026-10-05 08:06:47,941 [INFO] pynetdicom._handlers - Received Store Request
2026-10-05 08:06:47,941 [DEBUG] pynetdicom._handlers - ========================== INCOMING DIMSE MESSAGE ==========================
2026-10-05 08:06:47,941 [DEBUG] pynetdicom._handlers - Message Type                  : C-STORE RQ
2026-10-05 08:06:47,941 [DEBUG] pynetdicom._handlers - Presentation Context ID       : 21
2026-10-05 08:06:47,941 [DEBUG] pynetdicom._handlers - Message ID                    : 2293
2026-10-05 08:06:47,941 [DEBUG] pynetdicom._handlers - Affected SOP Class UID        : CT Image Storage
2026-10-05 08:06:47,941 [DEBUG] pynetdicom._handlers - Affected SOP Instance UID     : 1.3.12.2.1107.5.1.7.123161.30000024073109044472200003912
2026-10-05 08:06:47,941 [DEBUG] pynetdicom._handlers - Data Set                      : Present
2026-10-05 08:06:47,942 [DEBUG] pynetdicom._handlers - Priority                      : Medium
2026-10-05 08:06:47,942 [DEBUG] pynetdicom._handlers - ============================ END DIMSE MESSAGE =============================
2026-10-05 08:06:47,942 [DEBUG] pynetdicom.dsutils - pydicom.read_dataset() TransferSyntax="Little Endian Implicit"
2026-10-05 08:06:47,946 [INFO] HealthPACS - Utility: Directory esistente verificata: G:\ArchiveRoot\1.2.840.113619.2.1075997
2026-10-05 08:06:47,947 [INFO] HealthPACS - Utility: Directory esistente verificata: G:\ArchiveRoot\1.2.840.113619.2.1075997\1.3.12.2.1107.5.1.7.123161.30000024073109044472200000734
2026-10-05 08:06:47,951 [INFO] HealthPACS - [InstancesRepo] Creata nuova istanza [SOP: 1.3.12.2.1107.5.1.7.123161.30000024073109044472200003912]
2026-10-05 08:06:47,954 [INFO] HealthPACS - C-STORE: Salvata Istanza [ID: 6391, SOP: 1.3.12.2.1107.5.1.7.123161.30000024073109044472200003912] | Dim: 528812 B | Path: G:\ArchiveRoot\1.2.840.113619.2.1075997\1.3.12.2.1107.5.1.7.123161.30000024073109044472200000734\1.3.12.2.1107.5.1.7.123161.30000024073109044472200003912.dcm
2026-10-05 08:06:48,015 [DEBUG] pynetdicom.dsutils - pydicom.read_dataset() TransferSyntax="Little Endian Implicit"
2026-10-05 08:06:48,016 [INFO] pynetdicom._handlers - Received Store Request
2026-10-05 08:06:48,016 [DEBUG] pynetdicom._handlers - ========================== INCOMING DIMSE MESSAGE ==========================
2026-10-05 08:06:48,016 [DEBUG] pynetdicom._handlers - Message Type                  : C-STORE RQ
2026-10-05 08:06:48,017 [DEBUG] pynetdicom._handlers - Presentation Context ID       : 21
2026-10-05 08:06:48,017 [DEBUG] pynetdicom._handlers - Message ID                    : 2294
2026-10-05 08:06:48,017 [DEBUG] pynetdicom._handlers - Affected SOP Class UID        : CT Image Storage
2026-10-05 08:06:48,017 [DEBUG] pynetdicom._handlers - Affected SOP Instance UID     : 1.3.12.2.1107.5.1.7.123161.30000024073109044472200003913
2026-10-05 08:06:48,017 [DEBUG] pynetdicom._handlers - Data Set                      : Present
2026-10-05 08:06:48,017 [DEBUG] pynetdicom._handlers - Priority                      : Medium
2026-10-05 08:06:48,017 [DEBUG] pynetdicom._handlers - ============================ END DIMSE MESSAGE =============================
2026-10-05 08:06:48,018 [DEBUG] pynetdicom.dsutils - pydicom.read_dataset() TransferSyntax="Little Endian Implicit"
2026-10-05 08:06:48,021 [INFO] HealthPACS - Utility: Directory esistente verificata: G:\ArchiveRoot\1.2.840.113619.2.1075997
2026-10-05 08:06:48,023 [INFO] HealthPACS - Utility: Directory esistente verificata: G:\ArchiveRoot\1.2.840.113619.2.1075997\1.3.12.2.1107.5.1.7.123161.30000024073109044472200000734
2026-10-05 08:06:48,027 [INFO] HealthPACS - [InstancesRepo] Creata nuova istanza [SOP: 1.3.12.2.1107.5.1.7.123161.30000024073109044472200003913]
2026-10-05 08:06:48,030 [INFO] HealthPACS - C-STORE: Salvata Istanza [ID: 6392, SOP: 1.3.12.2.1107.5.1.7.123161.30000024073109044472200003913] | Dim: 528812 B | Path: G:\ArchiveRoot\1.2.840.113619.2.1075997\1.3.12.2.1107.5.1.7.123161.30000024073109044472200000734\1.3.12.2.1107.5.1.7.123161.30000024073109044472200003913.dcm
2026-10-05 08:06:48,100 [DEBUG] pynetdicom.dsutils - pydicom.read_dataset() TransferSyntax="Little Endian Implicit"
2026-10-05 08:06:48,102 [INFO] pynetdicom._handlers - Received Store Request
2026-10-05 08:06:48,102 [DEBUG] pynetdicom._handlers - ========================== INCOMING DIMSE MESSAGE ==========================
2026-10-05 08:06:48,102 [DEBUG] pynetdicom._handlers - Message Type                  : C-STORE RQ
2026-10-05 08:06:48,102 [DEBUG] pynetdicom._handlers - Presentation Context ID       : 21
2026-10-05 08:06:48,102 [DEBUG] pynetdicom._handlers - Message ID                    : 2295
2026-10-05 08:06:48,102 [DEBUG] pynetdicom._handlers - Affected SOP Class UID        : CT Image Storage
2026-10-05 08:06:48,103 [DEBUG] pynetdicom._handlers - Affected SOP Instance UID     : 1.3.12.2.1107.5.1.7.123161.30000024073109044472200003914
2026-10-05 08:06:48,103 [DEBUG] pynetdicom._handlers - Data Set                      : Present
2026-10-05 08:06:48,103 [DEBUG] pynetdicom._handlers - Priority                      : Medium
2026-10-05 08:06:48,103 [DEBUG] pynetdicom._handlers - ============================ END DIMSE MESSAGE =============================
2026-10-05 08:06:48,104 [DEBUG] pynetdicom.dsutils - pydicom.read_dataset() TransferSyntax="Little Endian Implicit"
2026-10-05 08:06:48,107 [INFO] HealthPACS - Utility: Directory esistente verificata: G:\ArchiveRoot\1.2.840.113619.2.1075997
2026-10-05 08:06:48,109 [INFO] HealthPACS - Utility: Directory esistente verificata: G:\ArchiveRoot\1.2.840.113619.2.1075997\1.3.12.2.1107.5.1.7.123161.30000024073109044472200000734
2026-10-05 08:06:48,113 [INFO] HealthPACS - [InstancesRepo] Creata nuova istanza [SOP: 1.3.12.2.1107.5.1.7.123161.30000024073109044472200003914]
2026-10-05 08:06:48,116 [INFO] HealthPACS - C-STORE: Salvata Istanza [ID: 6393, SOP: 1.3.12.2.1107.5.1.7.123161.30000024073109044472200003914] | Dim: 528812 B | Path: G:\ArchiveRoot\1.2.840.113619.2.1075997\1.3.12.2.1107.5.1.7.123161.30000024073109044472200000734\1.3.12.2.1107.5.1.7.123161.30000024073109044472200003914.dcm
2026-10-05 08:06:48,193 [DEBUG] pynetdicom.dsutils - pydicom.read_dataset() TransferSyntax="Little Endian Implicit"
2026-10-05 08:06:48,196 [INFO] pynetdicom._handlers - Received Store Request
2026-10-05 08:06:48,196 [DEBUG] pynetdicom._handlers - ========================== INCOMING DIMSE MESSAGE ==========================
2026-10-05 08:06:48,196 [DEBUG] pynetdicom._handlers - Message Type                  : C-STORE RQ
2026-10-05 08:06:48,197 [DEBUG] pynetdicom._handlers - Presentation Context ID       : 21
2026-10-05 08:06:48,197 [DEBUG] pynetdicom._handlers - Message ID                    : 2296
2026-10-05 08:06:48,197 [DEBUG] pynetdicom._handlers - Affected SOP Class UID        : CT Image Storage
2026-10-05 08:06:48,197 [DEBUG] pynetdicom._handlers - Affected SOP Instance UID     : 1.3.12.2.1107.5.1.7.123161.30000024073109044472200003915
2026-10-05 08:06:48,197 [DEBUG] pynetdicom._handlers - Data Set                      : Present
2026-10-05 08:06:48,197 [DEBUG] pynetdicom._handlers - Priority                      : Medium
2026-10-05 08:06:48,197 [DEBUG] pynetdicom._handlers - ============================ END DIMSE MESSAGE =============================
2026-10-05 08:06:48,199 [DEBUG] pynetdicom.dsutils - pydicom.read_dataset() TransferSyntax="Little Endian Implicit"
2026-10-05 08:06:48,202 [INFO] HealthPACS - Utility: Directory esistente verificata: G:\ArchiveRoot\1.2.840.113619.2.1075997
2026-10-05 08:06:48,204 [INFO] HealthPACS - Utility: Directory esistente verificata: G:\ArchiveRoot\1.2.840.113619.2.1075997\1.3.12.2.1107.5.1.7.123161.30000024073109044472200000734
2026-10-05 08:06:48,208 [INFO] HealthPACS - [InstancesRepo] Creata nuova istanza [SOP: 1.3.12.2.1107.5.1.7.123161.30000024073109044472200003915]
2026-10-05 08:06:48,211 [INFO] HealthPACS - C-STORE: Salvata Istanza [ID: 6394, SOP: 1.3.12.2.1107.5.1.7.123161.30000024073109044472200003915] | Dim: 528812 B | Path: G:\ArchiveRoot\1.2.840.113619.2.1075997\1.3.12.2.1107.5.1.7.123161.30000024073109044472200000734\1.3.12.2.1107.5.1.7.123161.30000024073109044472200003915.dcm
2026-10-05 08:06:48,297 [DEBUG] pynetdicom.dsutils - pydicom.read_dataset() TransferSyntax="Little Endian Implicit"
2026-10-05 08:06:48,299 [INFO] pynetdicom._handlers - Received Store Request
2026-10-05 08:06:48,300 [DEBUG] pynetdicom._handlers - ========================== INCOMING DIMSE MESSAGE ==========================
2026-10-05 08:06:48,300 [DEBUG] pynetdicom._handlers - Message Type                  : C-STORE RQ
2026-10-05 08:06:48,300 [DEBUG] pynetdicom._handlers - Presentation Context ID       : 21
2026-10-05 08:06:48,300 [DEBUG] pynetdicom._handlers - Message ID                    : 2297
2026-10-05 08:06:48,300 [DEBUG] pynetdicom._handlers - Affected SOP Class UID        : CT Image Storage
2026-10-05 08:06:48,300 [DEBUG] pynetdicom._handlers - Affected SOP Instance UID     : 1.3.12.2.1107.5.1.7.123161.30000024073109044472200003916
2026-10-05 08:06:48,300 [DEBUG] pynetdicom._handlers - Data Set                      : Present
2026-10-05 08:06:48,300 [DEBUG] pynetdicom._handlers - Priority                      : Medium
2026-10-05 08:06:48,300 [DEBUG] pynetdicom._handlers - ============================ END DIMSE MESSAGE =============================
2026-10-05 08:06:48,301 [DEBUG] pynetdicom.dsutils - pydicom.read_dataset() TransferSyntax="Little Endian Implicit"
2026-10-05 08:06:48,305 [INFO] HealthPACS - Utility: Directory esistente verificata: G:\ArchiveRoot\1.2.840.113619.2.1075997
2026-10-05 08:06:48,306 [INFO] HealthPACS - Utility: Directory esistente verificata: G:\ArchiveRoot\1.2.840.113619.2.1075997\1.3.12.2.1107.5.1.7.123161.30000024073109044472200000734
2026-10-05 08:06:48,310 [INFO] HealthPACS - [InstancesRepo] Creata nuova istanza [SOP: 1.3.12.2.1107.5.1.7.123161.30000024073109044472200003916]
2026-10-05 08:06:48,314 [INFO] HealthPACS - C-STORE: Salvata Istanza [ID: 6395, SOP: 1.3.12.2.1107.5.1.7.123161.30000024073109044472200003916] | Dim: 528812 B | Path: G:\ArchiveRoot\1.2.840.113619.2.1075997\1.3.12.2.1107.5.1.7.123161.30000024073109044472200000734\1.3.12.2.1107.5.1.7.123161.30000024073109044472200003916.dcm
2026-10-05 08:06:48,389 [DEBUG] pynetdicom.dsutils - pydicom.read_dataset() TransferSyntax="Little Endian Implicit"
2026-10-05 08:06:48,392 [INFO] pynetdicom._handlers - Received Store Request
2026-10-05 08:06:48,393 [DEBUG] pynetdicom._handlers - ========================== INCOMING DIMSE MESSAGE ==========================
2026-10-05 08:06:48,393 [DEBUG] pynetdicom._handlers - Message Type                  : C-STORE RQ
2026-10-05 08:06:48,393 [DEBUG] pynetdicom._handlers - Presentation Context ID       : 21
2026-10-05 08:06:48,393 [DEBUG] pynetdicom._handlers - Message ID                    : 2298
2026-10-05 08:06:48,393 [DEBUG] pynetdicom._handlers - Affected SOP Class UID        : CT Image Storage
2026-10-05 08:06:48,393 [DEBUG] pynetdicom._handlers - Affected SOP Instance UID     : 1.3.12.2.1107.5.1.7.123161.30000024073109044472200002676
2026-10-05 08:06:48,393 [DEBUG] pynetdicom._handlers - Data Set                      : Present
2026-10-05 08:06:48,393 [DEBUG] pynetdicom._handlers - Priority                      : Medium
2026-10-05 08:06:48,394 [DEBUG] pynetdicom._handlers - ============================ END DIMSE MESSAGE =============================
2026-10-05 08:06:48,395 [DEBUG] pynetdicom.dsutils - pydicom.read_dataset() TransferSyntax="Little Endian Implicit"
2026-10-05 08:06:48,399 [INFO] HealthPACS - Utility: Directory esistente verificata: G:\ArchiveRoot\1.2.840.113619.2.1075997
2026-10-05 08:06:48,400 [INFO] HealthPACS - Utility: Directory esistente verificata: G:\ArchiveRoot\1.2.840.113619.2.1075997\1.3.12.2.1107.5.1.7.123161.30000024073109044472200000734
2026-10-05 08:06:48,404 [INFO] HealthPACS - [InstancesRepo] Creata nuova istanza [SOP: 1.3.12.2.1107.5.1.7.123161.30000024073109044472200002676]
2026-10-05 08:06:48,407 [INFO] HealthPACS - C-STORE: Salvata Istanza [ID: 6396, SOP: 1.3.12.2.1107.5.1.7.123161.30000024073109044472200002676] | Dim: 528820 B | Path: G:\ArchiveRoot\1.2.840.113619.2.1075997\1.3.12.2.1107.5.1.7.123161.30000024073109044472200000734\1.3.12.2.1107.5.1.7.123161.30000024073109044472200002676.dcm
2026-10-05 08:06:48,486 [DEBUG] pynetdicom.dsutils - pydicom.read_dataset() TransferSyntax="Little Endian Implicit"
2026-10-05 08:06:48,489 [INFO] pynetdicom._handlers - Received Store Request
2026-10-05 08:06:48,489 [DEBUG] pynetdicom._handlers - ========================== INCOMING DIMSE MESSAGE ==========================
2026-10-05 08:06:48,489 [DEBUG] pynetdicom._handlers - Message Type                  : C-STORE RQ
2026-10-05 08:06:48,489 [DEBUG] pynetdicom._handlers - Presentation Context ID       : 21
2026-10-05 08:06:48,489 [DEBUG] pynetdicom._handlers - Message ID                    : 2299
2026-10-05 08:06:48,490 [DEBUG] pynetdicom._handlers - Affected SOP Class UID        : CT Image Storage
2026-10-05 08:06:48,490 [DEBUG] pynetdicom._handlers - Affected SOP Instance UID     : 1.3.12.2.1107.5.1.7.123161.30000024073109044472200003917
2026-10-05 08:06:48,490 [DEBUG] pynetdicom._handlers - Data Set                      : Present
2026-10-05 08:06:48,490 [DEBUG] pynetdicom._handlers - Priority                      : Medium
2026-10-05 08:06:48,490 [DEBUG] pynetdicom._handlers - ============================ END DIMSE MESSAGE =============================
2026-10-05 08:06:48,491 [DEBUG] pynetdicom.dsutils - pydicom.read_dataset() TransferSyntax="Little Endian Implicit"
2026-10-05 08:06:48,495 [INFO] HealthPACS - Utility: Directory esistente verificata: G:\ArchiveRoot\1.2.840.113619.2.1075997
2026-10-05 08:06:48,496 [INFO] HealthPACS - Utility: Directory esistente verificata: G:\ArchiveRoot\1.2.840.113619.2.1075997\1.3.12.2.1107.5.1.7.123161.30000024073109044472200000734
2026-10-05 08:06:48,501 [INFO] HealthPACS - [InstancesRepo] Creata nuova istanza [SOP: 1.3.12.2.1107.5.1.7.123161.30000024073109044472200003917]
2026-10-05 08:06:48,504 [INFO] HealthPACS - C-STORE: Salvata Istanza [ID: 6397, SOP: 1.3.12.2.1107.5.1.7.123161.30000024073109044472200003917] | Dim: 528812 B | Path: G:\ArchiveRoot\1.2.840.113619.2.1075997\1.3.12.2.1107.5.1.7.123161.30000024073109044472200000734\1.3.12.2.1107.5.1.7.123161.30000024073109044472200003917.dcm
2026-10-05 08:06:48,590 [DEBUG] pynetdicom.dsutils - pydicom.read_dataset() TransferSyntax="Little Endian Implicit"
2026-10-05 08:06:48,592 [INFO] pynetdicom._handlers - Received Store Request
2026-10-05 08:06:48,593 [DEBUG] pynetdicom._handlers - ========================== INCOMING DIMSE MESSAGE ==========================
2026-10-05 08:06:48,593 [DEBUG] pynetdicom._handlers - Message Type                  : C-STORE RQ
2026-10-05 08:06:48,593 [DEBUG] pynetdicom._handlers - Presentation Context ID       : 21
2026-10-05 08:06:48,593 [DEBUG] pynetdicom._handlers - Message ID                    : 2300
2026-10-05 08:06:48,593 [DEBUG] pynetdicom._handlers - Affected SOP Class UID        : CT Image Storage
2026-10-05 08:06:48,593 [DEBUG] pynetdicom._handlers - Affected SOP Instance UID     : 1.3.12.2.1107.5.1.7.123161.30000024073109044472200003918
2026-10-05 08:06:48,593 [DEBUG] pynetdicom._handlers - Data Set                      : Present
2026-10-05 08:06:48,593 [DEBUG] pynetdicom._handlers - Priority                      : Medium
2026-10-05 08:06:48,593 [DEBUG] pynetdicom._handlers - ============================ END DIMSE MESSAGE =============================
2026-10-05 08:06:48,594 [DEBUG] pynetdicom.dsutils - pydicom.read_dataset() TransferSyntax="Little Endian Implicit"
2026-10-05 08:06:48,597 [INFO] HealthPACS - Utility: Directory esistente verificata: G:\ArchiveRoot\1.2.840.113619.2.1075997
2026-10-05 08:06:48,599 [INFO] HealthPACS - Utility: Directory esistente verificata: G:\ArchiveRoot\1.2.840.113619.2.1075997\1.3.12.2.1107.5.1.7.123161.30000024073109044472200000734
2026-10-05 08:06:48,602 [INFO] HealthPACS - [InstancesRepo] Creata nuova istanza [SOP: 1.3.12.2.1107.5.1.7.123161.30000024073109044472200003918]
2026-10-05 08:06:48,605 [INFO] HealthPACS - C-STORE: Salvata Istanza [ID: 6398, SOP: 1.3.12.2.1107.5.1.7.123161.30000024073109044472200003918] | Dim: 528812 B | Path: G:\ArchiveRoot\1.2.840.113619.2.1075997\1.3.12.2.1107.5.1.7.123161.30000024073109044472200000734\1.3.12.2.1107.5.1.7.123161.30000024073109044472200003918.dcm
2026-10-05 08:06:48,690 [DEBUG] pynetdicom.dsutils - pydicom.read_dataset() TransferSyntax="Little Endian Implicit"
2026-10-05 08:06:48,693 [INFO] pynetdicom._handlers - Received Store Request
2026-10-05 08:06:48,694 [DEBUG] pynetdicom._handlers - ========================== INCOMING DIMSE MESSAGE ==========================
2026-10-05 08:06:48,694 [DEBUG] pynetdicom._handlers - Message Type                  : C-STORE RQ
2026-10-05 08:06:48,694 [DEBUG] pynetdicom._handlers - Presentation Context ID       : 21
2026-10-05 08:06:48,694 [DEBUG] pynetdicom._handlers - Message ID                    : 2301
2026-10-05 08:06:48,694 [DEBUG] pynetdicom._handlers - Affected SOP Class UID        : CT Image Storage
2026-10-05 08:06:48,694 [DEBUG] pynetdicom._handlers - Affected SOP Instance UID     : 1.3.12.2.1107.5.1.7.123161.30000024073109044472200003919
2026-10-05 08:06:48,694 [DEBUG] pynetdicom._handlers - Data Set                      : Present
2026-10-05 08:06:48,694 [DEBUG] pynetdicom._handlers - Priority                      : Medium
2026-10-05 08:06:48,694 [DEBUG] pynetdicom._handlers - ============================ END DIMSE MESSAGE =============================
2026-10-05 08:06:48,695 [DEBUG] pynetdicom.dsutils - pydicom.read_dataset() TransferSyntax="Little Endian Implicit"
2026-10-05 08:06:48,699 [INFO] HealthPACS - Utility: Directory esistente verificata: G:\ArchiveRoot\1.2.840.113619.2.1075997
2026-10-05 08:06:48,700 [INFO] HealthPACS - Utility: Directory esistente verificata: G:\ArchiveRoot\1.2.840.113619.2.1075997\1.3.12.2.1107.5.1.7.123161.30000024073109044472200000734
2026-10-05 08:06:48,704 [INFO] HealthPACS - [InstancesRepo] Creata nuova istanza [SOP: 1.3.12.2.1107.5.1.7.123161.30000024073109044472200003919]
2026-10-05 08:06:48,707 [INFO] HealthPACS - C-STORE: Salvata Istanza [ID: 6399, SOP: 1.3.12.2.1107.5.1.7.123161.30000024073109044472200003919] | Dim: 528812 B | Path: G:\ArchiveRoot\1.2.840.113619.2.1075997\1.3.12.2.1107.5.1.7.123161.30000024073109044472200000734\1.3.12.2.1107.5.1.7.123161.30000024073109044472200003919.dcm
2026-10-05 08:06:48,797 [DEBUG] pynetdicom.dsutils - pydicom.read_dataset() TransferSyntax="Little Endian Implicit"
2026-10-05 08:06:48,799 [INFO] pynetdicom._handlers - Received Store Request
2026-10-05 08:06:48,800 [DEBUG] pynetdicom._handlers - ========================== INCOMING DIMSE MESSAGE ==========================
2026-10-05 08:06:48,800 [DEBUG] pynetdicom._handlers - Message Type                  : C-STORE RQ
2026-10-05 08:06:48,800 [DEBUG] pynetdicom._handlers - Presentation Context ID       : 21
2026-10-05 08:06:48,800 [DEBUG] pynetdicom._handlers - Message ID                    : 2302
2026-10-05 08:06:48,800 [DEBUG] pynetdicom._handlers - Affected SOP Class UID        : CT Image Storage
2026-10-05 08:06:48,800 [DEBUG] pynetdicom._handlers - Affected SOP Instance UID     : 1.3.12.2.1107.5.1.7.123161.30000024073109044472200003920
2026-10-05 08:06:48,800 [DEBUG] pynetdicom._handlers - Data Set                      : Present
2026-10-05 08:06:48,800 [DEBUG] pynetdicom._handlers - Priority                      : Medium
2026-10-05 08:06:48,800 [DEBUG] pynetdicom._handlers - ============================ END DIMSE MESSAGE =============================
2026-10-05 08:06:48,801 [DEBUG] pynetdicom.dsutils - pydicom.read_dataset() TransferSyntax="Little Endian Implicit"
2026-10-05 08:06:48,805 [INFO] HealthPACS - Utility: Directory esistente verificata: G:\ArchiveRoot\1.2.840.113619.2.1075997
2026-10-05 08:06:48,806 [INFO] HealthPACS - Utility: Directory esistente verificata: G:\ArchiveRoot\1.2.840.113619.2.1075997\1.3.12.2.1107.5.1.7.123161.30000024073109044472200000734
2026-10-05 08:06:48,810 [INFO] HealthPACS - [InstancesRepo] Creata nuova istanza [SOP: 1.3.12.2.1107.5.1.7.123161.30000024073109044472200003920]
2026-10-05 08:06:48,813 [INFO] HealthPACS - C-STORE: Salvata Istanza [ID: 6400, SOP: 1.3.12.2.1107.5.1.7.123161.30000024073109044472200003920] | Dim: 528812 B | Path: G:\ArchiveRoot\1.2.840.113619.2.1075997\1.3.12.2.1107.5.1.7.123161.30000024073109044472200000734\1.3.12.2.1107.5.1.7.123161.30000024073109044472200003920.dcm
2026-10-05 08:06:48,867 [DEBUG] pynetdicom.dsutils - pydicom.read_dataset() TransferSyntax="Little Endian Implicit"
2026-10-05 08:06:48,869 [INFO] pynetdicom._handlers - Received Store Request
2026-10-05 08:06:48,869 [DEBUG] pynetdicom._handlers - ========================== INCOMING DIMSE MESSAGE ==========================
2026-10-05 08:06:48,869 [DEBUG] pynetdicom._handlers - Message Type                  : C-STORE RQ
2026-10-05 08:06:48,869 [DEBUG] pynetdicom._handlers - Presentation Context ID       : 21
2026-10-05 08:06:48,869 [DEBUG] pynetdicom._handlers - Message ID                    : 2303
2026-10-05 08:06:48,870 [DEBUG] pynetdicom._handlers - Affected SOP Class UID        : CT Image Storage
2026-10-05 08:06:48,870 [DEBUG] pynetdicom._handlers - Affected SOP Instance UID     : 1.3.12.2.1107.5.1.7.123161.30000024073109044472200003921
2026-10-05 08:06:48,870 [DEBUG] pynetdicom._handlers - Data Set                      : Present
2026-10-05 08:06:48,870 [DEBUG] pynetdicom._handlers - Priority                      : Medium
2026-10-05 08:06:48,870 [DEBUG] pynetdicom._handlers - ============================ END DIMSE MESSAGE =============================
2026-10-05 08:06:48,870 [DEBUG] pynetdicom.dsutils - pydicom.read_dataset() TransferSyntax="Little Endian Implicit"
2026-10-05 08:06:48,874 [INFO] HealthPACS - Utility: Directory esistente verificata: G:\ArchiveRoot\1.2.840.113619.2.1075997
2026-10-05 08:06:48,876 [INFO] HealthPACS - Utility: Directory esistente verificata: G:\ArchiveRoot\1.2.840.113619.2.1075997\1.3.12.2.1107.5.1.7.123161.30000024073109044472200000734
2026-10-05 08:06:48,880 [INFO] HealthPACS - [InstancesRepo] Creata nuova istanza [SOP: 1.3.12.2.1107.5.1.7.123161.30000024073109044472200003921]
2026-10-05 08:06:48,883 [INFO] HealthPACS - C-STORE: Salvata Istanza [ID: 6401, SOP: 1.3.12.2.1107.5.1.7.123161.30000024073109044472200003921] | Dim: 528812 B | Path: G:\ArchiveRoot\1.2.840.113619.2.1075997\1.3.12.2.1107.5.1.7.123161.30000024073109044472200000734\1.3.12.2.1107.5.1.7.123161.30000024073109044472200003921.dcm
2026-10-05 08:06:48,910 [DEBUG] pynetdicom.dsutils - pydicom.read_dataset() TransferSyntax="Little Endian Implicit"
2026-10-05 08:06:48,913 [INFO] pynetdicom._handlers - Received Store Request
2026-10-05 08:06:48,913 [DEBUG] pynetdicom._handlers - ========================== INCOMING DIMSE MESSAGE ==========================
2026-10-05 08:06:48,914 [DEBUG] pynetdicom._handlers - Message Type                  : C-STORE RQ
2026-10-05 08:06:48,914 [DEBUG] pynetdicom._handlers - Presentation Context ID       : 21
2026-10-05 08:06:48,914 [DEBUG] pynetdicom._handlers - Message ID                    : 2304
2026-10-05 08:06:48,914 [DEBUG] pynetdicom._handlers - Affected SOP Class UID        : CT Image Storage
2026-10-05 08:06:48,914 [DEBUG] pynetdicom._handlers - Affected SOP Instance UID     : 1.3.12.2.1107.5.1.7.123161.30000024073109044472200003922
2026-10-05 08:06:48,914 [DEBUG] pynetdicom._handlers - Data Set                      : Present
2026-10-05 08:06:48,914 [DEBUG] pynetdicom._handlers - Priority                      : Medium
2026-10-05 08:06:48,914 [DEBUG] pynetdicom._handlers - ============================ END DIMSE MESSAGE =============================
2026-10-05 08:06:48,915 [DEBUG] pynetdicom.dsutils - pydicom.read_dataset() TransferSyntax="Little Endian Implicit"
2026-10-05 08:06:48,919 [INFO] HealthPACS - Utility: Directory esistente verificata: G:\ArchiveRoot\1.2.840.113619.2.1075997
2026-10-05 08:06:48,920 [INFO] HealthPACS - Utility: Directory esistente verificata: G:\ArchiveRoot\1.2.840.113619.2.1075997\1.3.12.2.1107.5.1.7.123161.30000024073109044472200000734
2026-10-05 08:06:48,926 [INFO] HealthPACS - [InstancesRepo] Creata nuova istanza [SOP: 1.3.12.2.1107.5.1.7.123161.30000024073109044472200003922]
2026-10-05 08:06:48,930 [INFO] HealthPACS - C-STORE: Salvata Istanza [ID: 6402, SOP: 1.3.12.2.1107.5.1.7.123161.30000024073109044472200003922] | Dim: 528812 B | Path: G:\ArchiveRoot\1.2.840.113619.2.1075997\1.3.12.2.1107.5.1.7.123161.30000024073109044472200000734\1.3.12.2.1107.5.1.7.123161.30000024073109044472200003922.dcm
2026-10-05 08:06:48,959 [DEBUG] pynetdicom.dsutils - pydicom.read_dataset() TransferSyntax="Little Endian Implicit"
2026-10-05 08:06:48,961 [INFO] pynetdicom._handlers - Received Store Request
2026-10-05 08:06:48,961 [DEBUG] pynetdicom._handlers - ========================== INCOMING DIMSE MESSAGE ==========================
2026-10-05 08:06:48,961 [DEBUG] pynetdicom._handlers - Message Type                  : C-STORE RQ
2026-10-05 08:06:48,961 [DEBUG] pynetdicom._handlers - Presentation Context ID       : 21
2026-10-05 08:06:48,962 [DEBUG] pynetdicom._handlers - Message ID                    : 2305
2026-10-05 08:06:48,962 [DEBUG] pynetdicom._handlers - Affected SOP Class UID        : CT Image Storage
2026-10-05 08:06:48,962 [DEBUG] pynetdicom._handlers - Affected SOP Instance UID     : 1.3.12.2.1107.5.1.7.123161.30000024073109044472200003923
2026-10-05 08:06:48,962 [DEBUG] pynetdicom._handlers - Data Set                      : Present
2026-10-05 08:06:48,962 [DEBUG] pynetdicom._handlers - Priority                      : Medium
2026-10-05 08:06:48,962 [DEBUG] pynetdicom._handlers - ============================ END DIMSE MESSAGE =============================
2026-10-05 08:06:48,962 [DEBUG] pynetdicom.dsutils - pydicom.read_dataset() TransferSyntax="Little Endian Implicit"
2026-10-05 08:06:48,967 [INFO] HealthPACS - Utility: Directory esistente verificata: G:\ArchiveRoot\1.2.840.113619.2.1075997
2026-10-05 08:06:48,968 [INFO] HealthPACS - Utility: Directory esistente verificata: G:\ArchiveRoot\1.2.840.113619.2.1075997\1.3.12.2.1107.5.1.7.123161.30000024073109044472200000734
2026-10-05 08:06:48,973 [INFO] HealthPACS - [InstancesRepo] Creata nuova istanza [SOP: 1.3.12.2.1107.5.1.7.123161.30000024073109044472200003923]
2026-10-05 08:06:48,977 [INFO] HealthPACS - C-STORE: Salvata Istanza [ID: 6403, SOP: 1.3.12.2.1107.5.1.7.123161.30000024073109044472200003923] | Dim: 528812 B | Path: G:\ArchiveRoot\1.2.840.113619.2.1075997\1.3.12.2.1107.5.1.7.123161.30000024073109044472200000734\1.3.12.2.1107.5.1.7.123161.30000024073109044472200003923.dcm
2026-10-05 08:06:49,017 [DEBUG] pynetdicom.dsutils - pydicom.read_dataset() TransferSyntax="Little Endian Implicit"
2026-10-05 08:06:49,020 [INFO] pynetdicom._handlers - Received Store Request
2026-10-05 08:06:49,021 [DEBUG] pynetdicom._handlers - ========================== INCOMING DIMSE MESSAGE ==========================
2026-10-05 08:06:49,021 [DEBUG] pynetdicom._handlers - Message Type                  : C-STORE RQ
2026-10-05 08:06:49,021 [DEBUG] pynetdicom._handlers - Presentation Context ID       : 21
2026-10-05 08:06:49,021 [DEBUG] pynetdicom._handlers - Message ID                    : 2306
2026-10-05 08:06:49,021 [DEBUG] pynetdicom._handlers - Affected SOP Class UID        : CT Image Storage
2026-10-05 08:06:49,021 [DEBUG] pynetdicom._handlers - Affected SOP Instance UID     : 1.3.12.2.1107.5.1.7.123161.30000024073109044472200003924
2026-10-05 08:06:49,021 [DEBUG] pynetdicom._handlers - Data Set                      : Present
2026-10-05 08:06:49,021 [DEBUG] pynetdicom._handlers - Priority                      : Medium
2026-10-05 08:06:49,021 [DEBUG] pynetdicom._handlers - ============================ END DIMSE MESSAGE =============================
2026-10-05 08:06:49,022 [DEBUG] pynetdicom.dsutils - pydicom.read_dataset() TransferSyntax="Little Endian Implicit"
2026-10-05 08:06:49,026 [INFO] HealthPACS - Utility: Directory esistente verificata: G:\ArchiveRoot\1.2.840.113619.2.1075997
2026-10-05 08:06:49,027 [INFO] HealthPACS - Utility: Directory esistente verificata: G:\ArchiveRoot\1.2.840.113619.2.1075997\1.3.12.2.1107.5.1.7.123161.30000024073109044472200000734
2026-10-05 08:06:49,032 [INFO] HealthPACS - [InstancesRepo] Creata nuova istanza [SOP: 1.3.12.2.1107.5.1.7.123161.30000024073109044472200003924]
2026-10-05 08:06:49,035 [INFO] HealthPACS - C-STORE: Salvata Istanza [ID: 6404, SOP: 1.3.12.2.1107.5.1.7.123161.30000024073109044472200003924] | Dim: 528812 B | Path: G:\ArchiveRoot\1.2.840.113619.2.1075997\1.3.12.2.1107.5.1.7.123161.30000024073109044472200000734\1.3.12.2.1107.5.1.7.123161.30000024073109044472200003924.dcm
2026-10-05 08:06:51,001 [INFO] pynetdicom.association - Association Released
2026-10-05 08:06:51,001 [INFO] HealthPACS - [ASSOC] Connessione rilasciata da: PACS1
2026-10-05 08:21:22,220 [INFO] HealthPACS - Avvio di HealthPACS...
2026-10-05 08:21:22,439 [INFO] HealthPACS - DatabaseManager: Engine ORM e Pool di connessioni inizializzati con successo.
2026-10-05 08:21:22,449 [INFO] HealthPACS - RepositoryContainer: Caricato 'AppPermissionsRepo' come 'repos.apppermissionsrepo'
2026-10-05 08:21:22,449 [INFO] HealthPACS - RepositoryContainer: Caricato 'AppUsersRepo' come 'repos.appusersrepo'
2026-10-05 08:21:22,449 [INFO] HealthPACS - RepositoryContainer: Caricato 'AppUsersRolesPermissionsRepo' come 'repos.appusersrolespermissionsrepo'
2026-10-05 08:21:22,450 [INFO] HealthPACS - RepositoryContainer: Caricato 'AppUsersRolesRepo' come 'repos.appusersrolesrepo'
2026-10-05 08:21:22,450 [INFO] HealthPACS - RepositoryContainer: Caricato 'AppUsersSessionsRepo' come 'repos.appuserssessionsrepo'
2026-10-05 08:21:22,451 [INFO] HealthPACS - RepositoryContainer: Caricato 'DicomEquipmentRepo' come 'repos.dicomequipmentrepo'
2026-10-05 08:21:22,451 [INFO] HealthPACS - RepositoryContainer: Caricato 'DicomInstancesRepo' come 'repos.dicominstancesrepo'
2026-10-05 08:21:22,452 [INFO] HealthPACS - RepositoryContainer: Caricato 'DicomScpRepo' come 'repos.dicomscprepo'
2026-10-05 08:21:22,453 [INFO] HealthPACS - RepositoryContainer: Caricato 'DicomSCURepo' come 'repos.dicomscurepo'
2026-10-05 08:21:22,454 [INFO] HealthPACS - RepositoryContainer: Caricato 'DicomSeriesRepo' come 'repos.dicomseriesrepo'
2026-10-05 08:21:22,454 [INFO] HealthPACS - RepositoryContainer: Caricato 'DicomStudiesRepo' come 'repos.dicomstudiesrepo'
2026-10-05 08:21:22,455 [INFO] HealthPACS - RepositoryContainer: Caricato 'ScuSopTransferSyntaxRepo' come 'repos.scusoptransfersyntaxrepo'
2026-10-05 08:21:22,455 [INFO] HealthPACS - RepositoryContainer: Caricato 'SessioniWebRepo' come 'repos.sessioniwebrepo'
2026-10-05 08:21:22,457 [INFO] HealthPACS - RepositoryContainer: Caricato 'SopClassUidRepo' come 'repos.sopclassuidrepo'
2026-10-05 08:21:22,457 [INFO] HealthPACS - RepositoryContainer: Caricato 'StorageUnitsRepo' come 'repos.storageunitsrepo'
2026-10-05 08:21:22,458 [INFO] HealthPACS - RepositoryContainer: Caricato 'TransferSyntaxUidRepo' come 'repos.transfersyntaxuidrepo'
2026-10-05 08:21:22,458 [INFO] HealthPACS - Avvio Server HealthPACS...
2026-10-05 08:21:22,534 [INFO] HealthPACS - Utility: Directory esistente verificata: G:\ArchiveRoot
2026-10-05 08:21:22,535 [INFO] HealthPACS - DicomServer: Unità di archiviazione pronta all'uso su G:\ArchiveRoot
2026-10-05 08:21:22,549 [INFO] HealthPACS - Avvio DICOM Server 'HEALTHPACS' su 0.0.0.0:104...
2026-10-05 08:21:22,551 [INFO] HealthPACS - DICOM Server 'HEALTHPACS' pronto e in ascolto su porta 104.
2026-10-05 08:21:22,551 [INFO] HealthPACS - HealthPACS avviato con successo. In attesa di connessioni...
2026-10-05 08:21:38,519 [DEBUG] pynetdicom._handlers - Request Parameters:
2026-10-05 08:21:38,519 [DEBUG] pynetdicom._handlers - ======================= INCOMING A-ASSOCIATE-RQ PDU ========================
2026-10-05 08:21:38,519 [DEBUG] pynetdicom._handlers - Their Implementation Class UID:      1.2.826.0.1.3680043.2.60.0.1
2026-10-05 08:21:38,519 [DEBUG] pynetdicom._handlers - Their Implementation Version Name:   softlink_jdt103
2026-10-05 08:21:38,519 [DEBUG] pynetdicom._handlers - Application Context Name:    1.2.840.10008.3.1.1.1
2026-10-05 08:21:38,519 [DEBUG] pynetdicom._handlers - Calling Application Name:    PACS1
2026-10-05 08:21:38,519 [DEBUG] pynetdicom._handlers - Called Application Name:     HEALTHPACS
2026-10-05 08:21:38,520 [DEBUG] pynetdicom._handlers - Their Max PDU Receive Size:  32768
2026-10-05 08:21:38,520 [DEBUG] pynetdicom._handlers - Presentation Contexts:
2026-10-05 08:21:38,520 [DEBUG] pynetdicom._handlers -   Context ID:        1 (Proposed)
2026-10-05 08:21:38,520 [DEBUG] pynetdicom._handlers -     Abstract Syntax: =Verification SOP Class
2026-10-05 08:21:38,520 [DEBUG] pynetdicom._handlers -     Proposed SCP/SCU Role: Default
2026-10-05 08:21:38,520 [DEBUG] pynetdicom._handlers -     Proposed Transfer Syntaxes:
2026-10-05 08:21:38,520 [DEBUG] pynetdicom._handlers -       =Explicit VR Little Endian
2026-10-05 08:21:38,520 [DEBUG] pynetdicom._handlers -       =Implicit VR Little Endian
2026-10-05 08:21:38,520 [DEBUG] pynetdicom._handlers -   Context ID:        3 (Proposed)
2026-10-05 08:21:38,520 [DEBUG] pynetdicom._handlers -     Abstract Syntax: =Storage Commitment Push Model SOP Class
2026-10-05 08:21:38,520 [DEBUG] pynetdicom._handlers -     Proposed SCP/SCU Role: Default
2026-10-05 08:21:38,520 [DEBUG] pynetdicom._handlers -     Proposed Transfer Syntaxes:
2026-10-05 08:21:38,520 [DEBUG] pynetdicom._handlers -       =Explicit VR Little Endian
2026-10-05 08:21:38,520 [DEBUG] pynetdicom._handlers -       =Implicit VR Little Endian
2026-10-05 08:21:38,521 [DEBUG] pynetdicom._handlers -   Context ID:        5 (Proposed)
2026-10-05 08:21:38,521 [DEBUG] pynetdicom._handlers -     Abstract Syntax: =Grayscale Softcopy Presentation State Storage
2026-10-05 08:21:38,521 [DEBUG] pynetdicom._handlers -     Proposed SCP/SCU Role: Default
2026-10-05 08:21:38,521 [DEBUG] pynetdicom._handlers -     Proposed Transfer Syntaxes:
2026-10-05 08:21:38,521 [DEBUG] pynetdicom._handlers -       =Explicit VR Little Endian
2026-10-05 08:21:38,521 [DEBUG] pynetdicom._handlers -       =Implicit VR Little Endian
2026-10-05 08:21:38,521 [DEBUG] pynetdicom._handlers -   Context ID:        7 (Proposed)
2026-10-05 08:21:38,521 [DEBUG] pynetdicom._handlers -     Abstract Syntax: =Basic Text SR Storage
2026-10-05 08:21:38,521 [DEBUG] pynetdicom._handlers -     Proposed SCP/SCU Role: Default
2026-10-05 08:21:38,521 [DEBUG] pynetdicom._handlers -     Proposed Transfer Syntaxes:
2026-10-05 08:21:38,521 [DEBUG] pynetdicom._handlers -       =Explicit VR Little Endian
2026-10-05 08:21:38,521 [DEBUG] pynetdicom._handlers -       =Implicit VR Little Endian
2026-10-05 08:21:38,521 [DEBUG] pynetdicom._handlers -   Context ID:        9 (Proposed)
2026-10-05 08:21:38,521 [DEBUG] pynetdicom._handlers -     Abstract Syntax: =Enhanced SR Storage
2026-10-05 08:21:38,522 [DEBUG] pynetdicom._handlers -     Proposed SCP/SCU Role: Default
2026-10-05 08:21:38,522 [DEBUG] pynetdicom._handlers -     Proposed Transfer Syntaxes:
2026-10-05 08:21:38,522 [DEBUG] pynetdicom._handlers -       =Explicit VR Little Endian
2026-10-05 08:21:38,522 [DEBUG] pynetdicom._handlers -       =Implicit VR Little Endian
2026-10-05 08:21:38,522 [DEBUG] pynetdicom._handlers -   Context ID:        11 (Proposed)
2026-10-05 08:21:38,522 [DEBUG] pynetdicom._handlers -     Abstract Syntax: =Comprehensive SR Storage
2026-10-05 08:21:38,522 [DEBUG] pynetdicom._handlers -     Proposed SCP/SCU Role: Default
2026-10-05 08:21:38,522 [DEBUG] pynetdicom._handlers -     Proposed Transfer Syntaxes:
2026-10-05 08:21:38,522 [DEBUG] pynetdicom._handlers -       =Explicit VR Little Endian
2026-10-05 08:21:38,522 [DEBUG] pynetdicom._handlers -       =Implicit VR Little Endian
2026-10-05 08:21:38,522 [DEBUG] pynetdicom._handlers -   Context ID:        13 (Proposed)
2026-10-05 08:21:38,522 [DEBUG] pynetdicom._handlers -     Abstract Syntax: =Key Object Selection Document Storage
2026-10-05 08:21:38,522 [DEBUG] pynetdicom._handlers -     Proposed SCP/SCU Role: Default
2026-10-05 08:21:38,522 [DEBUG] pynetdicom._handlers -     Proposed Transfer Syntaxes:
2026-10-05 08:21:38,522 [DEBUG] pynetdicom._handlers -       =Explicit VR Little Endian
2026-10-05 08:21:38,522 [DEBUG] pynetdicom._handlers -       =Implicit VR Little Endian
2026-10-05 08:21:38,522 [DEBUG] pynetdicom._handlers -   Context ID:        15 (Proposed)
2026-10-05 08:21:38,522 [DEBUG] pynetdicom._handlers -     Abstract Syntax: =Raw Data Storage
2026-10-05 08:21:38,522 [DEBUG] pynetdicom._handlers -     Proposed SCP/SCU Role: Default
2026-10-05 08:21:38,522 [DEBUG] pynetdicom._handlers -     Proposed Transfer Syntaxes:
2026-10-05 08:21:38,523 [DEBUG] pynetdicom._handlers -       =Explicit VR Little Endian
2026-10-05 08:21:38,523 [DEBUG] pynetdicom._handlers -       =Implicit VR Little Endian
2026-10-05 08:21:38,523 [DEBUG] pynetdicom._handlers -   Context ID:        17 (Proposed)
2026-10-05 08:21:38,523 [DEBUG] pynetdicom._handlers -     Abstract Syntax: =1.2.826.0.1.3680043.2.242.1.1
2026-10-05 08:21:38,523 [DEBUG] pynetdicom._handlers -     Proposed SCP/SCU Role: Default
2026-10-05 08:21:38,523 [DEBUG] pynetdicom._handlers -     Proposed Transfer Syntaxes:
2026-10-05 08:21:38,523 [DEBUG] pynetdicom._handlers -       =Explicit VR Little Endian
2026-10-05 08:21:38,523 [DEBUG] pynetdicom._handlers -       =Implicit VR Little Endian
2026-10-05 08:21:38,523 [DEBUG] pynetdicom._handlers -   Context ID:        19 (Proposed)
2026-10-05 08:21:38,523 [DEBUG] pynetdicom._handlers -     Abstract Syntax: =Computed Radiography Image Storage
2026-10-05 08:21:38,523 [DEBUG] pynetdicom._handlers -     Proposed SCP/SCU Role: Default
2026-10-05 08:21:38,523 [DEBUG] pynetdicom._handlers -     Proposed Transfer Syntaxes:
2026-10-05 08:21:38,523 [DEBUG] pynetdicom._handlers -       =Explicit VR Little Endian
2026-10-05 08:21:38,523 [DEBUG] pynetdicom._handlers -       =Implicit VR Little Endian
2026-10-05 08:21:38,523 [DEBUG] pynetdicom._handlers -   Context ID:        21 (Proposed)
2026-10-05 08:21:38,523 [DEBUG] pynetdicom._handlers -     Abstract Syntax: =CT Image Storage
2026-10-05 08:21:38,523 [DEBUG] pynetdicom._handlers -     Proposed SCP/SCU Role: Default
2026-10-05 08:21:38,523 [DEBUG] pynetdicom._handlers -     Proposed Transfer Syntaxes:
2026-10-05 08:21:38,524 [DEBUG] pynetdicom._handlers -       =Explicit VR Little Endian
2026-10-05 08:21:38,524 [DEBUG] pynetdicom._handlers -       =Implicit VR Little Endian
2026-10-05 08:21:38,524 [DEBUG] pynetdicom._handlers -   Context ID:        23 (Proposed)
2026-10-05 08:21:38,524 [DEBUG] pynetdicom._handlers -     Abstract Syntax: =Ultrasound Multi-frame Image Storage
2026-10-05 08:21:38,524 [DEBUG] pynetdicom._handlers -     Proposed SCP/SCU Role: Default
2026-10-05 08:21:38,524 [DEBUG] pynetdicom._handlers -     Proposed Transfer Syntaxes:
2026-10-05 08:21:38,524 [DEBUG] pynetdicom._handlers -       =Explicit VR Little Endian
2026-10-05 08:21:38,524 [DEBUG] pynetdicom._handlers -       =Implicit VR Little Endian
2026-10-05 08:21:38,524 [DEBUG] pynetdicom._handlers -   Context ID:        25 (Proposed)
2026-10-05 08:21:38,524 [DEBUG] pynetdicom._handlers -     Abstract Syntax: =MR Image Storage
2026-10-05 08:21:38,524 [DEBUG] pynetdicom._handlers -     Proposed SCP/SCU Role: Default
2026-10-05 08:21:38,524 [DEBUG] pynetdicom._handlers -     Proposed Transfer Syntaxes:
2026-10-05 08:21:38,524 [DEBUG] pynetdicom._handlers -       =Explicit VR Little Endian
2026-10-05 08:21:38,524 [DEBUG] pynetdicom._handlers -       =Implicit VR Little Endian
2026-10-05 08:21:38,524 [DEBUG] pynetdicom._handlers -   Context ID:        27 (Proposed)
2026-10-05 08:21:38,524 [DEBUG] pynetdicom._handlers -     Abstract Syntax: =Ultrasound Image Storage
2026-10-05 08:21:38,524 [DEBUG] pynetdicom._handlers -     Proposed SCP/SCU Role: Default
2026-10-05 08:21:38,525 [DEBUG] pynetdicom._handlers -     Proposed Transfer Syntaxes:
2026-10-05 08:21:38,525 [DEBUG] pynetdicom._handlers -       =Explicit VR Little Endian
2026-10-05 08:21:38,525 [DEBUG] pynetdicom._handlers -       =Implicit VR Little Endian
2026-10-05 08:21:38,525 [DEBUG] pynetdicom._handlers -   Context ID:        29 (Proposed)
2026-10-05 08:21:38,525 [DEBUG] pynetdicom._handlers -     Abstract Syntax: =Secondary Capture Image Storage
2026-10-05 08:21:38,525 [DEBUG] pynetdicom._handlers -     Proposed SCP/SCU Role: Default
2026-10-05 08:21:38,525 [DEBUG] pynetdicom._handlers -     Proposed Transfer Syntaxes:
2026-10-05 08:21:38,525 [DEBUG] pynetdicom._handlers -       =Explicit VR Little Endian
2026-10-05 08:21:38,525 [DEBUG] pynetdicom._handlers -       =Implicit VR Little Endian
2026-10-05 08:21:38,525 [DEBUG] pynetdicom._handlers -   Context ID:        31 (Proposed)
2026-10-05 08:21:38,525 [DEBUG] pynetdicom._handlers -     Abstract Syntax: =X-Ray Angiographic Image Storage
2026-10-05 08:21:38,525 [DEBUG] pynetdicom._handlers -     Proposed SCP/SCU Role: Default
2026-10-05 08:21:38,525 [DEBUG] pynetdicom._handlers -     Proposed Transfer Syntaxes:
2026-10-05 08:21:38,525 [DEBUG] pynetdicom._handlers -       =Explicit VR Little Endian
2026-10-05 08:21:38,525 [DEBUG] pynetdicom._handlers -       =Implicit VR Little Endian
2026-10-05 08:21:38,525 [DEBUG] pynetdicom._handlers -   Context ID:        33 (Proposed)
2026-10-05 08:21:38,525 [DEBUG] pynetdicom._handlers -     Abstract Syntax: =X-Ray Radiofluoroscopic Image Storage
2026-10-05 08:21:38,525 [DEBUG] pynetdicom._handlers -     Proposed SCP/SCU Role: Default
2026-10-05 08:21:38,526 [DEBUG] pynetdicom._handlers -     Proposed Transfer Syntaxes:
2026-10-05 08:21:38,526 [DEBUG] pynetdicom._handlers -       =Explicit VR Little Endian
2026-10-05 08:21:38,526 [DEBUG] pynetdicom._handlers -       =Implicit VR Little Endian
2026-10-05 08:21:38,526 [DEBUG] pynetdicom._handlers -   Context ID:        35 (Proposed)
2026-10-05 08:21:38,526 [DEBUG] pynetdicom._handlers -     Abstract Syntax: =X-Ray Angiographic Bi-Plane Image Storage
2026-10-05 08:21:38,526 [DEBUG] pynetdicom._handlers -     Proposed SCP/SCU Role: Default
2026-10-05 08:21:38,526 [DEBUG] pynetdicom._handlers -     Proposed Transfer Syntaxes:
2026-10-05 08:21:38,526 [DEBUG] pynetdicom._handlers -       =Explicit VR Little Endian
2026-10-05 08:21:38,526 [DEBUG] pynetdicom._handlers -       =Implicit VR Little Endian
2026-10-05 08:21:38,526 [DEBUG] pynetdicom._handlers -   Context ID:        37 (Proposed)
2026-10-05 08:21:38,526 [DEBUG] pynetdicom._handlers -     Abstract Syntax: =Nuclear Medicine Image Storage
2026-10-05 08:21:38,526 [DEBUG] pynetdicom._handlers -     Proposed SCP/SCU Role: Default
2026-10-05 08:21:38,526 [DEBUG] pynetdicom._handlers -     Proposed Transfer Syntaxes:
2026-10-05 08:21:38,526 [DEBUG] pynetdicom._handlers -       =Explicit VR Little Endian
2026-10-05 08:21:38,526 [DEBUG] pynetdicom._handlers -       =Implicit VR Little Endian
2026-10-05 08:21:38,526 [DEBUG] pynetdicom._handlers -   Context ID:        39 (Proposed)
2026-10-05 08:21:38,526 [DEBUG] pynetdicom._handlers -     Abstract Syntax: =Hardcopy Grayscale Image Storage SOP Class
2026-10-05 08:21:38,526 [DEBUG] pynetdicom._handlers -     Proposed SCP/SCU Role: Default
2026-10-05 08:21:38,527 [DEBUG] pynetdicom._handlers -     Proposed Transfer Syntaxes:
2026-10-05 08:21:38,527 [DEBUG] pynetdicom._handlers -       =Explicit VR Little Endian
2026-10-05 08:21:38,527 [DEBUG] pynetdicom._handlers -       =Implicit VR Little Endian
2026-10-05 08:21:38,527 [DEBUG] pynetdicom._handlers -   Context ID:        41 (Proposed)
2026-10-05 08:21:38,527 [DEBUG] pynetdicom._handlers -     Abstract Syntax: =Hardcopy Color Image Storage SOP Class
2026-10-05 08:21:38,527 [DEBUG] pynetdicom._handlers -     Proposed SCP/SCU Role: Default
2026-10-05 08:21:38,527 [DEBUG] pynetdicom._handlers -     Proposed Transfer Syntaxes:
2026-10-05 08:21:38,527 [DEBUG] pynetdicom._handlers -       =Explicit VR Little Endian
2026-10-05 08:21:38,527 [DEBUG] pynetdicom._handlers -       =Implicit VR Little Endian
2026-10-05 08:21:38,527 [DEBUG] pynetdicom._handlers -   Context ID:        43 (Proposed)
2026-10-05 08:21:38,527 [DEBUG] pynetdicom._handlers -     Abstract Syntax: =Positron Emission Tomography Image Storage
2026-10-05 08:21:38,527 [DEBUG] pynetdicom._handlers -     Proposed SCP/SCU Role: Default
2026-10-05 08:21:38,527 [DEBUG] pynetdicom._handlers -     Proposed Transfer Syntaxes:
2026-10-05 08:21:38,527 [DEBUG] pynetdicom._handlers -       =Explicit VR Little Endian
2026-10-05 08:21:38,527 [DEBUG] pynetdicom._handlers -       =Implicit VR Little Endian
2026-10-05 08:21:38,527 [DEBUG] pynetdicom._handlers -   Context ID:        45 (Proposed)
2026-10-05 08:21:38,527 [DEBUG] pynetdicom._handlers -     Abstract Syntax: =RT Image Storage
2026-10-05 08:21:38,528 [DEBUG] pynetdicom._handlers -     Proposed SCP/SCU Role: Default
2026-10-05 08:21:38,528 [DEBUG] pynetdicom._handlers -     Proposed Transfer Syntaxes:
2026-10-05 08:21:38,528 [DEBUG] pynetdicom._handlers -       =Explicit VR Little Endian
2026-10-05 08:21:38,528 [DEBUG] pynetdicom._handlers -       =Implicit VR Little Endian
2026-10-05 08:21:38,528 [DEBUG] pynetdicom._handlers -   Context ID:        47 (Proposed)
2026-10-05 08:21:38,528 [DEBUG] pynetdicom._handlers -     Abstract Syntax: =Ultrasound Multi-frame Image Storage
2026-10-05 08:21:38,528 [DEBUG] pynetdicom._handlers -     Proposed SCP/SCU Role: Default
2026-10-05 08:21:38,528 [DEBUG] pynetdicom._handlers -     Proposed Transfer Syntaxes:
2026-10-05 08:21:38,528 [DEBUG] pynetdicom._handlers -       =Explicit VR Little Endian
2026-10-05 08:21:38,528 [DEBUG] pynetdicom._handlers -       =Implicit VR Little Endian
2026-10-05 08:21:38,528 [DEBUG] pynetdicom._handlers -   Context ID:        49 (Proposed)
2026-10-05 08:21:38,528 [DEBUG] pynetdicom._handlers -     Abstract Syntax: =Nuclear Medicine Image Storage
2026-10-05 08:21:38,528 [DEBUG] pynetdicom._handlers -     Proposed SCP/SCU Role: Default
2026-10-05 08:21:38,528 [DEBUG] pynetdicom._handlers -     Proposed Transfer Syntaxes:
2026-10-05 08:21:38,528 [DEBUG] pynetdicom._handlers -       =Explicit VR Little Endian
2026-10-05 08:21:38,529 [DEBUG] pynetdicom._handlers -       =Implicit VR Little Endian
2026-10-05 08:21:38,529 [DEBUG] pynetdicom._handlers -   Context ID:        51 (Proposed)
2026-10-05 08:21:38,529 [DEBUG] pynetdicom._handlers -     Abstract Syntax: =Ultrasound Image Storage
2026-10-05 08:21:38,529 [DEBUG] pynetdicom._handlers -     Proposed SCP/SCU Role: Default
2026-10-05 08:21:38,529 [DEBUG] pynetdicom._handlers -     Proposed Transfer Syntaxes:
2026-10-05 08:21:38,530 [DEBUG] pynetdicom._handlers -       =Explicit VR Little Endian
2026-10-05 08:21:38,530 [DEBUG] pynetdicom._handlers -       =Implicit VR Little Endian
2026-10-05 08:21:38,530 [DEBUG] pynetdicom._handlers -   Context ID:        53 (Proposed)
2026-10-05 08:21:38,530 [DEBUG] pynetdicom._handlers -     Abstract Syntax: =VL Endoscopic Image Storage
2026-10-05 08:21:38,530 [DEBUG] pynetdicom._handlers -     Proposed SCP/SCU Role: Default
2026-10-05 08:21:38,530 [DEBUG] pynetdicom._handlers -     Proposed Transfer Syntaxes:
2026-10-05 08:21:38,530 [DEBUG] pynetdicom._handlers -       =Explicit VR Little Endian
2026-10-05 08:21:38,530 [DEBUG] pynetdicom._handlers -       =Implicit VR Little Endian
2026-10-05 08:21:38,530 [DEBUG] pynetdicom._handlers -   Context ID:        55 (Proposed)
2026-10-05 08:21:38,530 [DEBUG] pynetdicom._handlers -     Abstract Syntax: =VL Microscopic Image Storage
2026-10-05 08:21:38,531 [DEBUG] pynetdicom._handlers -     Proposed SCP/SCU Role: Default
2026-10-05 08:21:38,531 [DEBUG] pynetdicom._handlers -     Proposed Transfer Syntaxes:
2026-10-05 08:21:38,531 [DEBUG] pynetdicom._handlers -       =Explicit VR Little Endian
2026-10-05 08:21:38,531 [DEBUG] pynetdicom._handlers -       =Implicit VR Little Endian
2026-10-05 08:21:38,531 [DEBUG] pynetdicom._handlers -   Context ID:        57 (Proposed)
2026-10-05 08:21:38,531 [DEBUG] pynetdicom._handlers -     Abstract Syntax: =VL Slide-Coordinates Microscopic Image Storage
2026-10-05 08:21:38,531 [DEBUG] pynetdicom._handlers -     Proposed SCP/SCU Role: Default
2026-10-05 08:21:38,531 [DEBUG] pynetdicom._handlers -     Proposed Transfer Syntaxes:
2026-10-05 08:21:38,531 [DEBUG] pynetdicom._handlers -       =Explicit VR Little Endian
2026-10-05 08:21:38,531 [DEBUG] pynetdicom._handlers -       =Implicit VR Little Endian
2026-10-05 08:21:38,531 [DEBUG] pynetdicom._handlers -   Context ID:        59 (Proposed)
2026-10-05 08:21:38,531 [DEBUG] pynetdicom._handlers -     Abstract Syntax: =VL Photographic Image Storage
2026-10-05 08:21:38,531 [DEBUG] pynetdicom._handlers -     Proposed SCP/SCU Role: Default
2026-10-05 08:21:38,531 [DEBUG] pynetdicom._handlers -     Proposed Transfer Syntaxes:
2026-10-05 08:21:38,531 [DEBUG] pynetdicom._handlers -       =Explicit VR Little Endian
2026-10-05 08:21:38,531 [DEBUG] pynetdicom._handlers -       =Implicit VR Little Endian
2026-10-05 08:21:38,531 [DEBUG] pynetdicom._handlers -   Context ID:        61 (Proposed)
2026-10-05 08:21:38,531 [DEBUG] pynetdicom._handlers -     Abstract Syntax: =Digital X-Ray Image Storage - For Presentation
2026-10-05 08:21:38,531 [DEBUG] pynetdicom._handlers -     Proposed SCP/SCU Role: Default
2026-10-05 08:21:38,531 [DEBUG] pynetdicom._handlers -     Proposed Transfer Syntaxes:
2026-10-05 08:21:38,531 [DEBUG] pynetdicom._handlers -       =Explicit VR Little Endian
2026-10-05 08:21:38,531 [DEBUG] pynetdicom._handlers -       =Implicit VR Little Endian
2026-10-05 08:21:38,531 [DEBUG] pynetdicom._handlers -   Context ID:        63 (Proposed)
2026-10-05 08:21:38,531 [DEBUG] pynetdicom._handlers -     Abstract Syntax: =Digital X-Ray Image Storage - For Processing
2026-10-05 08:21:38,532 [DEBUG] pynetdicom._handlers -     Proposed SCP/SCU Role: Default
2026-10-05 08:21:38,532 [DEBUG] pynetdicom._handlers -     Proposed Transfer Syntaxes:
2026-10-05 08:21:38,532 [DEBUG] pynetdicom._handlers -       =Explicit VR Little Endian
2026-10-05 08:21:38,532 [DEBUG] pynetdicom._handlers -       =Implicit VR Little Endian
2026-10-05 08:21:38,532 [DEBUG] pynetdicom._handlers -   Context ID:        65 (Proposed)
2026-10-05 08:21:38,532 [DEBUG] pynetdicom._handlers -     Abstract Syntax: =Digital Mammography X-Ray Image Storage - For Presentation
2026-10-05 08:21:38,532 [DEBUG] pynetdicom._handlers -     Proposed SCP/SCU Role: Default
2026-10-05 08:21:38,532 [DEBUG] pynetdicom._handlers -     Proposed Transfer Syntaxes:
2026-10-05 08:21:38,532 [DEBUG] pynetdicom._handlers -       =Explicit VR Little Endian
2026-10-05 08:21:38,532 [DEBUG] pynetdicom._handlers -       =Implicit VR Little Endian
2026-10-05 08:21:38,532 [DEBUG] pynetdicom._handlers -   Context ID:        67 (Proposed)
2026-10-05 08:21:38,532 [DEBUG] pynetdicom._handlers -     Abstract Syntax: =Digital Mammography X-Ray Image Storage - For Processing
2026-10-05 08:21:38,532 [DEBUG] pynetdicom._handlers -     Proposed SCP/SCU Role: Default
2026-10-05 08:21:38,532 [DEBUG] pynetdicom._handlers -     Proposed Transfer Syntaxes:
2026-10-05 08:21:38,532 [DEBUG] pynetdicom._handlers -       =Explicit VR Little Endian
2026-10-05 08:21:38,532 [DEBUG] pynetdicom._handlers -       =Implicit VR Little Endian
2026-10-05 08:21:38,532 [DEBUG] pynetdicom._handlers -   Context ID:        69 (Proposed)
2026-10-05 08:21:38,532 [DEBUG] pynetdicom._handlers -     Abstract Syntax: =Digital Intra-Oral X-Ray Image Storage - For Presentation
2026-10-05 08:21:38,532 [DEBUG] pynetdicom._handlers -     Proposed SCP/SCU Role: Default
2026-10-05 08:21:38,533 [DEBUG] pynetdicom._handlers -     Proposed Transfer Syntaxes:
2026-10-05 08:21:38,533 [DEBUG] pynetdicom._handlers -       =Explicit VR Little Endian
2026-10-05 08:21:38,533 [DEBUG] pynetdicom._handlers -       =Implicit VR Little Endian
2026-10-05 08:21:38,533 [DEBUG] pynetdicom._handlers -   Context ID:        71 (Proposed)
2026-10-05 08:21:38,533 [DEBUG] pynetdicom._handlers -     Abstract Syntax: =Digital Intra-Oral X-Ray Image Storage - For Processing
2026-10-05 08:21:38,533 [DEBUG] pynetdicom._handlers -     Proposed SCP/SCU Role: Default
2026-10-05 08:21:38,533 [DEBUG] pynetdicom._handlers -     Proposed Transfer Syntaxes:
2026-10-05 08:21:38,533 [DEBUG] pynetdicom._handlers -       =Explicit VR Little Endian
2026-10-05 08:21:38,533 [DEBUG] pynetdicom._handlers -       =Implicit VR Little Endian
2026-10-05 08:21:38,533 [DEBUG] pynetdicom._handlers -   Context ID:        73 (Proposed)
2026-10-05 08:21:38,533 [DEBUG] pynetdicom._handlers -     Abstract Syntax: =Standalone Overlay Storage
2026-10-05 08:21:38,533 [DEBUG] pynetdicom._handlers -     Proposed SCP/SCU Role: Default
2026-10-05 08:21:38,533 [DEBUG] pynetdicom._handlers -     Proposed Transfer Syntaxes:
2026-10-05 08:21:38,533 [DEBUG] pynetdicom._handlers -       =Explicit VR Little Endian
2026-10-05 08:21:38,533 [DEBUG] pynetdicom._handlers -       =Implicit VR Little Endian
2026-10-05 08:21:38,533 [DEBUG] pynetdicom._handlers -   Context ID:        75 (Proposed)
2026-10-05 08:21:38,533 [DEBUG] pynetdicom._handlers -     Abstract Syntax: =Standalone Curve Storage
2026-10-05 08:21:38,533 [DEBUG] pynetdicom._handlers -     Proposed SCP/SCU Role: Default
2026-10-05 08:21:38,533 [DEBUG] pynetdicom._handlers -     Proposed Transfer Syntaxes:
2026-10-05 08:21:38,534 [DEBUG] pynetdicom._handlers -       =Explicit VR Little Endian
2026-10-05 08:21:38,534 [DEBUG] pynetdicom._handlers -       =Implicit VR Little Endian
2026-10-05 08:21:38,534 [DEBUG] pynetdicom._handlers -   Context ID:        77 (Proposed)
2026-10-05 08:21:38,534 [DEBUG] pynetdicom._handlers -     Abstract Syntax: =Standalone Modality LUT Storage
2026-10-05 08:21:38,534 [DEBUG] pynetdicom._handlers -     Proposed SCP/SCU Role: Default
2026-10-05 08:21:38,534 [DEBUG] pynetdicom._handlers -     Proposed Transfer Syntaxes:
2026-10-05 08:21:38,534 [DEBUG] pynetdicom._handlers -       =Explicit VR Little Endian
2026-10-05 08:21:38,534 [DEBUG] pynetdicom._handlers -       =Implicit VR Little Endian
2026-10-05 08:21:38,534 [DEBUG] pynetdicom._handlers -   Context ID:        79 (Proposed)
2026-10-05 08:21:38,534 [DEBUG] pynetdicom._handlers -     Abstract Syntax: =Standalone VOI LUT Storage
2026-10-05 08:21:38,534 [DEBUG] pynetdicom._handlers -     Proposed SCP/SCU Role: Default
2026-10-05 08:21:38,534 [DEBUG] pynetdicom._handlers -     Proposed Transfer Syntaxes:
2026-10-05 08:21:38,534 [DEBUG] pynetdicom._handlers -       =Explicit VR Little Endian
2026-10-05 08:21:38,534 [DEBUG] pynetdicom._handlers -       =Implicit VR Little Endian
2026-10-05 08:21:38,534 [DEBUG] pynetdicom._handlers -   Context ID:        81 (Proposed)
2026-10-05 08:21:38,534 [DEBUG] pynetdicom._handlers -     Abstract Syntax: =Standalone PET Curve Storage
2026-10-05 08:21:38,534 [DEBUG] pynetdicom._handlers -     Proposed SCP/SCU Role: Default
2026-10-05 08:21:38,535 [DEBUG] pynetdicom._handlers -     Proposed Transfer Syntaxes:
2026-10-05 08:21:38,535 [DEBUG] pynetdicom._handlers -       =Explicit VR Little Endian
2026-10-05 08:21:38,535 [DEBUG] pynetdicom._handlers -       =Implicit VR Little Endian
2026-10-05 08:21:38,535 [DEBUG] pynetdicom._handlers -   Context ID:        83 (Proposed)
2026-10-05 08:21:38,535 [DEBUG] pynetdicom._handlers -     Abstract Syntax: =RT Dose Storage
2026-10-05 08:21:38,535 [DEBUG] pynetdicom._handlers -     Proposed SCP/SCU Role: Default
2026-10-05 08:21:38,535 [DEBUG] pynetdicom._handlers -     Proposed Transfer Syntaxes:
2026-10-05 08:21:38,535 [DEBUG] pynetdicom._handlers -       =Explicit VR Little Endian
2026-10-05 08:21:38,535 [DEBUG] pynetdicom._handlers -       =Implicit VR Little Endian
2026-10-05 08:21:38,535 [DEBUG] pynetdicom._handlers -   Context ID:        85 (Proposed)
2026-10-05 08:21:38,535 [DEBUG] pynetdicom._handlers -     Abstract Syntax: =RT Structure Set Storage
2026-10-05 08:21:38,535 [DEBUG] pynetdicom._handlers -     Proposed SCP/SCU Role: Default
2026-10-05 08:21:38,535 [DEBUG] pynetdicom._handlers -     Proposed Transfer Syntaxes:
2026-10-05 08:21:38,535 [DEBUG] pynetdicom._handlers -       =Explicit VR Little Endian
2026-10-05 08:21:38,535 [DEBUG] pynetdicom._handlers -       =Implicit VR Little Endian
2026-10-05 08:21:38,535 [DEBUG] pynetdicom._handlers -   Context ID:        87 (Proposed)
2026-10-05 08:21:38,535 [DEBUG] pynetdicom._handlers -     Abstract Syntax: =RT Plan Storage
2026-10-05 08:21:38,536 [DEBUG] pynetdicom._handlers -     Proposed SCP/SCU Role: Default
2026-10-05 08:21:38,536 [DEBUG] pynetdicom._handlers -     Proposed Transfer Syntaxes:
2026-10-05 08:21:38,536 [DEBUG] pynetdicom._handlers -       =Explicit VR Little Endian
2026-10-05 08:21:38,536 [DEBUG] pynetdicom._handlers -       =Implicit VR Little Endian
2026-10-05 08:21:38,536 [DEBUG] pynetdicom._handlers -   Context ID:        89 (Proposed)
2026-10-05 08:21:38,536 [DEBUG] pynetdicom._handlers -     Abstract Syntax: =RT Beams Treatment Record Storage
2026-10-05 08:21:38,536 [DEBUG] pynetdicom._handlers -     Proposed SCP/SCU Role: Default
2026-10-05 08:21:38,536 [DEBUG] pynetdicom._handlers -     Proposed Transfer Syntaxes:
2026-10-05 08:21:38,536 [DEBUG] pynetdicom._handlers -       =Explicit VR Little Endian
2026-10-05 08:21:38,536 [DEBUG] pynetdicom._handlers -       =Implicit VR Little Endian
2026-10-05 08:21:38,536 [DEBUG] pynetdicom._handlers -   Context ID:        91 (Proposed)
2026-10-05 08:21:38,536 [DEBUG] pynetdicom._handlers -     Abstract Syntax: =RT Brachy Treatment Record Storage
2026-10-05 08:21:38,536 [DEBUG] pynetdicom._handlers -     Proposed SCP/SCU Role: Default
2026-10-05 08:21:38,536 [DEBUG] pynetdicom._handlers -     Proposed Transfer Syntaxes:
2026-10-05 08:21:38,537 [DEBUG] pynetdicom._handlers -       =Explicit VR Little Endian
2026-10-05 08:21:38,537 [DEBUG] pynetdicom._handlers -       =Implicit VR Little Endian
2026-10-05 08:21:38,537 [DEBUG] pynetdicom._handlers -   Context ID:        93 (Proposed)
2026-10-05 08:21:38,537 [DEBUG] pynetdicom._handlers -     Abstract Syntax: =RT Treatment Summary Record Storage
2026-10-05 08:21:38,537 [DEBUG] pynetdicom._handlers -     Proposed SCP/SCU Role: Default
2026-10-05 08:21:38,537 [DEBUG] pynetdicom._handlers -     Proposed Transfer Syntaxes:
2026-10-05 08:21:38,537 [DEBUG] pynetdicom._handlers -       =Explicit VR Little Endian
2026-10-05 08:21:38,537 [DEBUG] pynetdicom._handlers -       =Implicit VR Little Endian
2026-10-05 08:21:38,537 [DEBUG] pynetdicom._handlers -   Context ID:        95 (Proposed)
2026-10-05 08:21:38,537 [DEBUG] pynetdicom._handlers -     Abstract Syntax: =Stored Print Storage SOP Class
2026-10-05 08:21:38,537 [DEBUG] pynetdicom._handlers -     Proposed SCP/SCU Role: Default
2026-10-05 08:21:38,537 [DEBUG] pynetdicom._handlers -     Proposed Transfer Syntaxes:
2026-10-05 08:21:38,537 [DEBUG] pynetdicom._handlers -       =Explicit VR Little Endian
2026-10-05 08:21:38,537 [DEBUG] pynetdicom._handlers -       =Implicit VR Little Endian
2026-10-05 08:21:38,537 [DEBUG] pynetdicom._handlers -   Context ID:        97 (Proposed)
2026-10-05 08:21:38,537 [DEBUG] pynetdicom._handlers -     Abstract Syntax: =Basic Study Content Notification SOP Class
2026-10-05 08:21:38,537 [DEBUG] pynetdicom._handlers -     Proposed SCP/SCU Role: Default
2026-10-05 08:21:38,537 [DEBUG] pynetdicom._handlers -     Proposed Transfer Syntaxes:
2026-10-05 08:21:38,537 [DEBUG] pynetdicom._handlers -       =Explicit VR Little Endian
2026-10-05 08:21:38,538 [DEBUG] pynetdicom._handlers -       =Implicit VR Little Endian
2026-10-05 08:21:38,538 [DEBUG] pynetdicom._handlers -   Context ID:        99 (Proposed)
2026-10-05 08:21:38,538 [DEBUG] pynetdicom._handlers -     Abstract Syntax: =1.2.40.0.13.0.1.9
2026-10-05 08:21:38,538 [DEBUG] pynetdicom._handlers -     Proposed SCP/SCU Role: Default
2026-10-05 08:21:38,538 [DEBUG] pynetdicom._handlers -     Proposed Transfer Syntaxes:
2026-10-05 08:21:38,538 [DEBUG] pynetdicom._handlers -       =Explicit VR Little Endian
2026-10-05 08:21:38,538 [DEBUG] pynetdicom._handlers -       =Implicit VR Little Endian
2026-10-05 08:21:38,538 [DEBUG] pynetdicom._handlers - Requested Extended Negotiation: None
2026-10-05 08:21:38,538 [DEBUG] pynetdicom._handlers - Requested Common Extended Negotiation: None
2026-10-05 08:21:38,538 [DEBUG] pynetdicom._handlers - Requested Asynchronous Operations Window Negotiation: None
2026-10-05 08:21:38,538 [DEBUG] pynetdicom._handlers - Requested User Identity Negotiation: None
2026-10-05 08:21:38,538 [DEBUG] pynetdicom._handlers - ========================== END A-ASSOCIATE-RQ PDU ==========================
2026-10-05 08:21:38,540 [INFO] HealthPACS - [REQ] Richiesta associazione da AE Title: 'PACS1' [127.0.0.1]
2026-10-05 08:21:38,550 [INFO] HealthPACS - [REQ] [ACCETTATO] ID: 1 | SOP Class: '1.2.840.10008.1.1'
2026-10-05 08:21:38,550 [WARNING] HealthPACS - [REQ] [RIFIUTATO] ID: 3 | SOP Class: '1.2.840.10008.1.20.1' | Motivo: Non abilitato a DB
2026-10-05 08:21:38,550 [WARNING] HealthPACS - [REQ] [RIFIUTATO] ID: 5 | SOP Class: '1.2.840.10008.5.1.4.1.1.11.1' | Motivo: Non abilitato a DB
2026-10-05 08:21:38,550 [WARNING] HealthPACS - [REQ] [RIFIUTATO] ID: 7 | SOP Class: '1.2.840.10008.5.1.4.1.1.88.11' | Motivo: Non abilitato a DB
2026-10-05 08:21:38,551 [WARNING] HealthPACS - [REQ] [RIFIUTATO] ID: 9 | SOP Class: '1.2.840.10008.5.1.4.1.1.88.22' | Motivo: Non abilitato a DB
2026-10-05 08:21:38,551 [WARNING] HealthPACS - [REQ] [RIFIUTATO] ID: 11 | SOP Class: '1.2.840.10008.5.1.4.1.1.88.33' | Motivo: Non abilitato a DB
2026-10-05 08:21:38,551 [WARNING] HealthPACS - [REQ] [RIFIUTATO] ID: 13 | SOP Class: '1.2.840.10008.5.1.4.1.1.88.59' | Motivo: Non abilitato a DB
2026-10-05 08:21:38,551 [WARNING] HealthPACS - [REQ] [RIFIUTATO] ID: 15 | SOP Class: '1.2.840.10008.5.1.4.1.1.66' | Motivo: Non abilitato a DB
2026-10-05 08:21:38,551 [WARNING] HealthPACS - [REQ] [RIFIUTATO] ID: 17 | SOP Class: '1.2.826.0.1.3680043.2.242.1.1' | Motivo: Non abilitato a DB
2026-10-05 08:21:38,551 [INFO] HealthPACS - [REQ] [ACCETTATO] ID: 19 | SOP Class: '1.2.840.10008.5.1.4.1.1.1'
2026-10-05 08:21:38,551 [INFO] HealthPACS - [REQ] [ACCETTATO] ID: 21 | SOP Class: '1.2.840.10008.5.1.4.1.1.2'
2026-10-05 08:21:38,551 [WARNING] HealthPACS - [REQ] [RIFIUTATO] ID: 23 | SOP Class: '1.2.840.10008.5.1.4.1.1.3.1' | Motivo: Non abilitato a DB
2026-10-05 08:21:38,551 [WARNING] HealthPACS - [REQ] [RIFIUTATO] ID: 25 | SOP Class: '1.2.840.10008.5.1.4.1.1.4' | Motivo: Non abilitato a DB
2026-10-05 08:21:38,551 [WARNING] HealthPACS - [REQ] [RIFIUTATO] ID: 27 | SOP Class: '1.2.840.10008.5.1.4.1.1.6.1' | Motivo: Non abilitato a DB
2026-10-05 08:21:38,551 [WARNING] HealthPACS - [REQ] [RIFIUTATO] ID: 29 | SOP Class: '1.2.840.10008.5.1.4.1.1.7' | Motivo: Non abilitato a DB
2026-10-05 08:21:38,551 [WARNING] HealthPACS - [REQ] [RIFIUTATO] ID: 31 | SOP Class: '1.2.840.10008.5.1.4.1.1.12.1' | Motivo: Non abilitato a DB
2026-10-05 08:21:38,551 [WARNING] HealthPACS - [REQ] [RIFIUTATO] ID: 33 | SOP Class: '1.2.840.10008.5.1.4.1.1.12.2' | Motivo: Non abilitato a DB
2026-10-05 08:21:38,551 [WARNING] HealthPACS - [REQ] [RIFIUTATO] ID: 35 | SOP Class: '1.2.840.10008.5.1.4.1.1.12.3' | Motivo: Non abilitato a DB
2026-10-05 08:21:38,552 [WARNING] HealthPACS - [REQ] [RIFIUTATO] ID: 37 | SOP Class: '1.2.840.10008.5.1.4.1.1.20' | Motivo: Non abilitato a DB
2026-10-05 08:21:38,552 [WARNING] HealthPACS - [REQ] [RIFIUTATO] ID: 39 | SOP Class: '1.2.840.10008.5.1.1.29' | Motivo: Non abilitato a DB
2026-10-05 08:21:38,552 [WARNING] HealthPACS - [REQ] [RIFIUTATO] ID: 41 | SOP Class: '1.2.840.10008.5.1.1.30' | Motivo: Non abilitato a DB
2026-10-05 08:21:38,552 [WARNING] HealthPACS - [REQ] [RIFIUTATO] ID: 43 | SOP Class: '1.2.840.10008.5.1.4.1.1.128' | Motivo: Non abilitato a DB
2026-10-05 08:21:38,552 [WARNING] HealthPACS - [REQ] [RIFIUTATO] ID: 45 | SOP Class: '1.2.840.10008.5.1.4.1.1.481.1' | Motivo: Non abilitato a DB
2026-10-05 08:21:38,552 [WARNING] HealthPACS - [REQ] [RIFIUTATO] ID: 47 | SOP Class: '1.2.840.10008.5.1.4.1.1.3' | Motivo: Non abilitato a DB
2026-10-05 08:21:38,552 [WARNING] HealthPACS - [REQ] [RIFIUTATO] ID: 49 | SOP Class: '1.2.840.10008.5.1.4.1.1.5' | Motivo: Non abilitato a DB
2026-10-05 08:21:38,552 [WARNING] HealthPACS - [REQ] [RIFIUTATO] ID: 51 | SOP Class: '1.2.840.10008.5.1.4.1.1.6' | Motivo: Non abilitato a DB
2026-10-05 08:21:38,552 [WARNING] HealthPACS - [REQ] [RIFIUTATO] ID: 53 | SOP Class: '1.2.840.10008.5.1.4.1.1.77.1.1' | Motivo: Non abilitato a DB
2026-10-05 08:21:38,552 [WARNING] HealthPACS - [REQ] [RIFIUTATO] ID: 55 | SOP Class: '1.2.840.10008.5.1.4.1.1.77.1.2' | Motivo: Non abilitato a DB
2026-10-05 08:21:38,552 [WARNING] HealthPACS - [REQ] [RIFIUTATO] ID: 57 | SOP Class: '1.2.840.10008.5.1.4.1.1.77.1.3' | Motivo: Non abilitato a DB
2026-10-05 08:21:38,552 [WARNING] HealthPACS - [REQ] [RIFIUTATO] ID: 59 | SOP Class: '1.2.840.10008.5.1.4.1.1.77.1.4' | Motivo: Non abilitato a DB
2026-10-05 08:21:38,552 [WARNING] HealthPACS - [REQ] [RIFIUTATO] ID: 61 | SOP Class: '1.2.840.10008.5.1.4.1.1.1.1' | Motivo: Non abilitato a DB
2026-10-05 08:21:38,552 [WARNING] HealthPACS - [REQ] [RIFIUTATO] ID: 63 | SOP Class: '1.2.840.10008.5.1.4.1.1.1.1.1' | Motivo: Non abilitato a DB
2026-10-05 08:21:38,552 [WARNING] HealthPACS - [REQ] [RIFIUTATO] ID: 65 | SOP Class: '1.2.840.10008.5.1.4.1.1.1.2' | Motivo: Non abilitato a DB
2026-10-05 08:21:38,552 [WARNING] HealthPACS - [REQ] [RIFIUTATO] ID: 67 | SOP Class: '1.2.840.10008.5.1.4.1.1.1.2.1' | Motivo: Non abilitato a DB
2026-10-05 08:21:38,552 [WARNING] HealthPACS - [REQ] [RIFIUTATO] ID: 69 | SOP Class: '1.2.840.10008.5.1.4.1.1.1.3' | Motivo: Non abilitato a DB
2026-10-05 08:21:38,552 [WARNING] HealthPACS - [REQ] [RIFIUTATO] ID: 71 | SOP Class: '1.2.840.10008.5.1.4.1.1.1.3.1' | Motivo: Non abilitato a DB
2026-10-05 08:21:38,552 [WARNING] HealthPACS - [REQ] [RIFIUTATO] ID: 73 | SOP Class: '1.2.840.10008.5.1.4.1.1.8' | Motivo: Non abilitato a DB
2026-10-05 08:21:38,553 [WARNING] HealthPACS - [REQ] [RIFIUTATO] ID: 75 | SOP Class: '1.2.840.10008.5.1.4.1.1.9' | Motivo: Non abilitato a DB
2026-10-05 08:21:38,553 [WARNING] HealthPACS - [REQ] [RIFIUTATO] ID: 77 | SOP Class: '1.2.840.10008.5.1.4.1.1.10' | Motivo: Non abilitato a DB
2026-10-05 08:21:38,553 [WARNING] HealthPACS - [REQ] [RIFIUTATO] ID: 79 | SOP Class: '1.2.840.10008.5.1.4.1.1.11' | Motivo: Non abilitato a DB
2026-10-05 08:21:38,553 [WARNING] HealthPACS - [REQ] [RIFIUTATO] ID: 81 | SOP Class: '1.2.840.10008.5.1.4.1.1.129' | Motivo: Non abilitato a DB
2026-10-05 08:21:38,553 [WARNING] HealthPACS - [REQ] [RIFIUTATO] ID: 83 | SOP Class: '1.2.840.10008.5.1.4.1.1.481.2' | Motivo: Non abilitato a DB
2026-10-05 08:21:38,553 [WARNING] HealthPACS - [REQ] [RIFIUTATO] ID: 85 | SOP Class: '1.2.840.10008.5.1.4.1.1.481.3' | Motivo: Non abilitato a DB
2026-10-05 08:21:38,553 [WARNING] HealthPACS - [REQ] [RIFIUTATO] ID: 87 | SOP Class: '1.2.840.10008.5.1.4.1.1.481.5' | Motivo: Non abilitato a DB
2026-10-05 08:21:38,553 [WARNING] HealthPACS - [REQ] [RIFIUTATO] ID: 89 | SOP Class: '1.2.840.10008.5.1.4.1.1.481.4' | Motivo: Non abilitato a DB
2026-10-05 08:21:38,553 [WARNING] HealthPACS - [REQ] [RIFIUTATO] ID: 91 | SOP Class: '1.2.840.10008.5.1.4.1.1.481.6' | Motivo: Non abilitato a DB
2026-10-05 08:21:38,553 [WARNING] HealthPACS - [REQ] [RIFIUTATO] ID: 93 | SOP Class: '1.2.840.10008.5.1.4.1.1.481.7' | Motivo: Non abilitato a DB
2026-10-05 08:21:38,553 [WARNING] HealthPACS - [REQ] [RIFIUTATO] ID: 95 | SOP Class: '1.2.840.10008.5.1.1.27' | Motivo: Non abilitato a DB
2026-10-05 08:21:38,553 [WARNING] HealthPACS - [REQ] [RIFIUTATO] ID: 97 | SOP Class: '1.2.840.10008.1.9' | Motivo: Non abilitato a DB
2026-10-05 08:21:38,553 [WARNING] HealthPACS - [REQ] [RIFIUTATO] ID: 99 | SOP Class: '1.2.40.0.13.0.1.9' | Motivo: Non abilitato a DB
2026-10-05 08:21:38,553 [INFO] HealthPACS - [REQ] Negoziazione completata per 'PACS1'. Contesti autorizzati caricati: 3/50
2026-10-05 08:21:38,554 [INFO] pynetdicom.acse - Accepting Association
2026-10-05 08:21:38,554 [INFO] HealthPACS - [ASSOC] Max PDU Size negoziata: 32768 bytes
2026-10-05 08:21:38,554 [INFO] HealthPACS - [ASSOC] Connessione accettata da: PACS1 [127.0.0.1]
2026-10-05 08:21:38,555 [DEBUG] pynetdicom._handlers - Accept Parameters:
2026-10-05 08:21:38,556 [DEBUG] pynetdicom._handlers - ======================= OUTGOING A-ASSOCIATE-AC PDU ========================
2026-10-05 08:21:38,556 [DEBUG] pynetdicom._handlers - Our Implementation Class UID:      1.3.6.1.4.1.57025.1.1
2026-10-05 08:21:38,556 [DEBUG] pynetdicom._handlers - Our Implementation Version Name:   HEALTH PACS 1.0
2026-10-05 08:21:38,556 [DEBUG] pynetdicom._handlers - Application Context Name:    1.2.840.10008.3.1.1.1
2026-10-05 08:21:38,556 [DEBUG] pynetdicom._handlers - Responding Application Name: resp. AE Title
2026-10-05 08:21:38,556 [DEBUG] pynetdicom._handlers - Our Max PDU Receive Size:    32768
2026-10-05 08:21:38,556 [DEBUG] pynetdicom._handlers - Presentation Contexts:
2026-10-05 08:21:38,556 [DEBUG] pynetdicom._handlers -   Context ID:        1 (Accepted)
2026-10-05 08:21:38,556 [DEBUG] pynetdicom._handlers -     Abstract Syntax: =Verification SOP Class
2026-10-05 08:21:38,556 [DEBUG] pynetdicom._handlers -     Accepted SCP/SCU Role: Default
2026-10-05 08:21:38,557 [DEBUG] pynetdicom._handlers -     Accepted Transfer Syntax: =Explicit VR Little Endian
2026-10-05 08:21:38,557 [DEBUG] pynetdicom._handlers -   Context ID:        3 (Rejected - Abstract Syntax Not Supported)
2026-10-05 08:21:38,557 [DEBUG] pynetdicom._handlers -     Abstract Syntax: =Storage Commitment Push Model SOP Class
2026-10-05 08:21:38,557 [DEBUG] pynetdicom._handlers -   Context ID:        5 (Rejected - Abstract Syntax Not Supported)
2026-10-05 08:21:38,557 [DEBUG] pynetdicom._handlers -     Abstract Syntax: =Grayscale Softcopy Presentation State Storage
2026-10-05 08:21:38,557 [DEBUG] pynetdicom._handlers -   Context ID:        7 (Rejected - Abstract Syntax Not Supported)
2026-10-05 08:21:38,557 [DEBUG] pynetdicom._handlers -     Abstract Syntax: =Basic Text SR Storage
2026-10-05 08:21:38,558 [DEBUG] pynetdicom._handlers -   Context ID:        9 (Rejected - Abstract Syntax Not Supported)
2026-10-05 08:21:38,558 [DEBUG] pynetdicom._handlers -     Abstract Syntax: =Enhanced SR Storage
2026-10-05 08:21:38,558 [DEBUG] pynetdicom._handlers -   Context ID:        11 (Rejected - Abstract Syntax Not Supported)
2026-10-05 08:21:38,558 [DEBUG] pynetdicom._handlers -     Abstract Syntax: =Comprehensive SR Storage
2026-10-05 08:21:38,558 [DEBUG] pynetdicom._handlers -   Context ID:        13 (Rejected - Abstract Syntax Not Supported)
2026-10-05 08:21:38,558 [DEBUG] pynetdicom._handlers -     Abstract Syntax: =Key Object Selection Document Storage
2026-10-05 08:21:38,558 [DEBUG] pynetdicom._handlers -   Context ID:        15 (Rejected - Abstract Syntax Not Supported)
2026-10-05 08:21:38,558 [DEBUG] pynetdicom._handlers -     Abstract Syntax: =Raw Data Storage
2026-10-05 08:21:38,558 [DEBUG] pynetdicom._handlers -   Context ID:        17 (Rejected - Abstract Syntax Not Supported)
2026-10-05 08:21:38,559 [DEBUG] pynetdicom._handlers -     Abstract Syntax: =1.2.826.0.1.3680043.2.242.1.1
2026-10-05 08:21:38,559 [DEBUG] pynetdicom._handlers -   Context ID:        19 (Accepted)
2026-10-05 08:21:38,559 [DEBUG] pynetdicom._handlers -     Abstract Syntax: =Computed Radiography Image Storage
2026-10-05 08:21:38,559 [DEBUG] pynetdicom._handlers -     Accepted SCP/SCU Role: Default
2026-10-05 08:21:38,559 [DEBUG] pynetdicom._handlers -     Accepted Transfer Syntax: =Explicit VR Little Endian
2026-10-05 08:21:38,559 [DEBUG] pynetdicom._handlers -   Context ID:        21 (Accepted)
2026-10-05 08:21:38,559 [DEBUG] pynetdicom._handlers -     Abstract Syntax: =CT Image Storage
2026-10-05 08:21:38,559 [DEBUG] pynetdicom._handlers -     Accepted SCP/SCU Role: Default
2026-10-05 08:21:38,559 [DEBUG] pynetdicom._handlers -     Accepted Transfer Syntax: =Implicit VR Little Endian
2026-10-05 08:21:38,559 [DEBUG] pynetdicom._handlers -   Context ID:        23 (Rejected - Abstract Syntax Not Supported)
2026-10-05 08:21:38,560 [DEBUG] pynetdicom._handlers -     Abstract Syntax: =Ultrasound Multi-frame Image Storage
2026-10-05 08:21:38,560 [DEBUG] pynetdicom._handlers -   Context ID:        25 (Rejected - Abstract Syntax Not Supported)
2026-10-05 08:21:38,560 [DEBUG] pynetdicom._handlers -     Abstract Syntax: =MR Image Storage
2026-10-05 08:21:38,560 [DEBUG] pynetdicom._handlers -   Context ID:        27 (Rejected - Abstract Syntax Not Supported)
2026-10-05 08:21:38,560 [DEBUG] pynetdicom._handlers -     Abstract Syntax: =Ultrasound Image Storage
2026-10-05 08:21:38,560 [DEBUG] pynetdicom._handlers -   Context ID:        29 (Rejected - Abstract Syntax Not Supported)
2026-10-05 08:21:38,560 [DEBUG] pynetdicom._handlers -     Abstract Syntax: =Secondary Capture Image Storage
2026-10-05 08:21:38,560 [DEBUG] pynetdicom._handlers -   Context ID:        31 (Rejected - Abstract Syntax Not Supported)
2026-10-05 08:21:38,560 [DEBUG] pynetdicom._handlers -     Abstract Syntax: =X-Ray Angiographic Image Storage
2026-10-05 08:21:38,560 [DEBUG] pynetdicom._handlers -   Context ID:        33 (Rejected - Abstract Syntax Not Supported)
2026-10-05 08:21:38,560 [DEBUG] pynetdicom._handlers -     Abstract Syntax: =X-Ray Radiofluoroscopic Image Storage
2026-10-05 08:21:38,560 [DEBUG] pynetdicom._handlers -   Context ID:        35 (Rejected - Abstract Syntax Not Supported)
2026-10-05 08:21:38,561 [DEBUG] pynetdicom._handlers -     Abstract Syntax: =X-Ray Angiographic Bi-Plane Image Storage
2026-10-05 08:21:38,561 [DEBUG] pynetdicom._handlers -   Context ID:        37 (Rejected - Abstract Syntax Not Supported)
2026-10-05 08:21:38,561 [DEBUG] pynetdicom._handlers -     Abstract Syntax: =Nuclear Medicine Image Storage
2026-10-05 08:21:38,561 [DEBUG] pynetdicom._handlers -   Context ID:        39 (Rejected - Abstract Syntax Not Supported)
2026-10-05 08:21:38,562 [DEBUG] pynetdicom._handlers -     Abstract Syntax: =Hardcopy Grayscale Image Storage SOP Class
2026-10-05 08:21:38,562 [DEBUG] pynetdicom._handlers -   Context ID:        41 (Rejected - Abstract Syntax Not Supported)
2026-10-05 08:21:38,562 [DEBUG] pynetdicom._handlers -     Abstract Syntax: =Hardcopy Color Image Storage SOP Class
2026-10-05 08:21:38,562 [DEBUG] pynetdicom._handlers -   Context ID:        43 (Rejected - Abstract Syntax Not Supported)
2026-10-05 08:21:38,562 [DEBUG] pynetdicom._handlers -     Abstract Syntax: =Positron Emission Tomography Image Storage
2026-10-05 08:21:38,562 [DEBUG] pynetdicom._handlers -   Context ID:        45 (Rejected - Abstract Syntax Not Supported)
2026-10-05 08:21:38,562 [DEBUG] pynetdicom._handlers -     Abstract Syntax: =RT Image Storage
2026-10-05 08:21:38,562 [DEBUG] pynetdicom._handlers -   Context ID:        47 (Rejected - Abstract Syntax Not Supported)
2026-10-05 08:21:38,562 [DEBUG] pynetdicom._handlers -     Abstract Syntax: =Ultrasound Multi-frame Image Storage
2026-10-05 08:21:38,563 [DEBUG] pynetdicom._handlers -   Context ID:        49 (Rejected - Abstract Syntax Not Supported)
2026-10-05 08:21:38,564 [DEBUG] pynetdicom._handlers -     Abstract Syntax: =Nuclear Medicine Image Storage
2026-10-05 08:21:38,564 [DEBUG] pynetdicom._handlers -   Context ID:        51 (Rejected - Abstract Syntax Not Supported)
2026-10-05 08:21:38,564 [DEBUG] pynetdicom._handlers -     Abstract Syntax: =Ultrasound Image Storage
2026-10-05 08:21:38,564 [DEBUG] pynetdicom._handlers -   Context ID:        53 (Rejected - Abstract Syntax Not Supported)
2026-10-05 08:21:38,564 [DEBUG] pynetdicom._handlers -     Abstract Syntax: =VL Endoscopic Image Storage
2026-10-05 08:21:38,565 [DEBUG] pynetdicom._handlers -   Context ID:        55 (Rejected - Abstract Syntax Not Supported)
2026-10-05 08:21:38,565 [DEBUG] pynetdicom._handlers -     Abstract Syntax: =VL Microscopic Image Storage
2026-10-05 08:21:38,565 [DEBUG] pynetdicom._handlers -   Context ID:        57 (Rejected - Abstract Syntax Not Supported)
2026-10-05 08:21:38,565 [DEBUG] pynetdicom._handlers -     Abstract Syntax: =VL Slide-Coordinates Microscopic Image Storage
2026-10-05 08:21:38,566 [DEBUG] pynetdicom._handlers -   Context ID:        59 (Rejected - Abstract Syntax Not Supported)
2026-10-05 08:21:38,566 [DEBUG] pynetdicom._handlers -     Abstract Syntax: =VL Photographic Image Storage
2026-10-05 08:21:38,566 [DEBUG] pynetdicom._handlers -   Context ID:        61 (Rejected - Abstract Syntax Not Supported)
2026-10-05 08:21:38,566 [DEBUG] pynetdicom._handlers -     Abstract Syntax: =Digital X-Ray Image Storage - For Presentation
2026-10-05 08:21:38,566 [DEBUG] pynetdicom._handlers -   Context ID:        63 (Rejected - Abstract Syntax Not Supported)
2026-10-05 08:21:38,566 [DEBUG] pynetdicom._handlers -     Abstract Syntax: =Digital X-Ray Image Storage - For Processing
2026-10-05 08:21:38,566 [DEBUG] pynetdicom._handlers -   Context ID:        65 (Rejected - Abstract Syntax Not Supported)
2026-10-05 08:21:38,566 [DEBUG] pynetdicom._handlers -     Abstract Syntax: =Digital Mammography X-Ray Image Storage - For Presentation
2026-10-05 08:21:38,566 [DEBUG] pynetdicom._handlers -   Context ID:        67 (Rejected - Abstract Syntax Not Supported)
2026-10-05 08:21:38,566 [DEBUG] pynetdicom._handlers -     Abstract Syntax: =Digital Mammography X-Ray Image Storage - For Processing
2026-10-05 08:21:38,566 [DEBUG] pynetdicom._handlers -   Context ID:        69 (Rejected - Abstract Syntax Not Supported)
2026-10-05 08:21:38,566 [DEBUG] pynetdicom._handlers -     Abstract Syntax: =Digital Intra-Oral X-Ray Image Storage - For Presentation
2026-10-05 08:21:38,566 [DEBUG] pynetdicom._handlers -   Context ID:        71 (Rejected - Abstract Syntax Not Supported)
2026-10-05 08:21:38,566 [DEBUG] pynetdicom._handlers -     Abstract Syntax: =Digital Intra-Oral X-Ray Image Storage - For Processing
2026-10-05 08:21:38,566 [DEBUG] pynetdicom._handlers -   Context ID:        73 (Rejected - Abstract Syntax Not Supported)
2026-10-05 08:21:38,566 [DEBUG] pynetdicom._handlers -     Abstract Syntax: =Standalone Overlay Storage
2026-10-05 08:21:38,567 [DEBUG] pynetdicom._handlers -   Context ID:        75 (Rejected - Abstract Syntax Not Supported)
2026-10-05 08:21:38,567 [DEBUG] pynetdicom._handlers -     Abstract Syntax: =Standalone Curve Storage
2026-10-05 08:21:38,567 [DEBUG] pynetdicom._handlers -   Context ID:        77 (Rejected - Abstract Syntax Not Supported)
2026-10-05 08:21:38,567 [DEBUG] pynetdicom._handlers -     Abstract Syntax: =Standalone Modality LUT Storage
2026-10-05 08:21:38,567 [DEBUG] pynetdicom._handlers -   Context ID:        79 (Rejected - Abstract Syntax Not Supported)
2026-10-05 08:21:38,567 [DEBUG] pynetdicom._handlers -     Abstract Syntax: =Standalone VOI LUT Storage
2026-10-05 08:21:38,567 [DEBUG] pynetdicom._handlers -   Context ID:        81 (Rejected - Abstract Syntax Not Supported)
2026-10-05 08:21:38,567 [DEBUG] pynetdicom._handlers -     Abstract Syntax: =Standalone PET Curve Storage
2026-10-05 08:21:38,567 [DEBUG] pynetdicom._handlers -   Context ID:        83 (Rejected - Abstract Syntax Not Supported)
2026-10-05 08:21:38,567 [DEBUG] pynetdicom._handlers -     Abstract Syntax: =RT Dose Storage
2026-10-05 08:21:38,567 [DEBUG] pynetdicom._handlers -   Context ID:        85 (Rejected - Abstract Syntax Not Supported)
2026-10-05 08:21:38,567 [DEBUG] pynetdicom._handlers -     Abstract Syntax: =RT Structure Set Storage
2026-10-05 08:21:38,568 [DEBUG] pynetdicom._handlers -   Context ID:        87 (Rejected - Abstract Syntax Not Supported)
2026-10-05 08:21:38,568 [DEBUG] pynetdicom._handlers -     Abstract Syntax: =RT Plan Storage
2026-10-05 08:21:38,568 [DEBUG] pynetdicom._handlers -   Context ID:        89 (Rejected - Abstract Syntax Not Supported)
2026-10-05 08:21:38,568 [DEBUG] pynetdicom._handlers -     Abstract Syntax: =RT Beams Treatment Record Storage
2026-10-05 08:21:38,568 [DEBUG] pynetdicom._handlers -   Context ID:        91 (Rejected - Abstract Syntax Not Supported)
2026-10-05 08:21:38,568 [DEBUG] pynetdicom._handlers -     Abstract Syntax: =RT Brachy Treatment Record Storage
2026-10-05 08:21:38,568 [DEBUG] pynetdicom._handlers -   Context ID:        93 (Rejected - Abstract Syntax Not Supported)
2026-10-05 08:21:38,568 [DEBUG] pynetdicom._handlers -     Abstract Syntax: =RT Treatment Summary Record Storage
2026-10-05 08:21:38,568 [DEBUG] pynetdicom._handlers -   Context ID:        95 (Rejected - Abstract Syntax Not Supported)
2026-10-05 08:21:38,568 [DEBUG] pynetdicom._handlers -     Abstract Syntax: =Stored Print Storage SOP Class
2026-10-05 08:21:38,568 [DEBUG] pynetdicom._handlers -   Context ID:        97 (Rejected - Abstract Syntax Not Supported)
2026-10-05 08:21:38,568 [DEBUG] pynetdicom._handlers -     Abstract Syntax: =Basic Study Content Notification SOP Class
2026-10-05 08:21:38,568 [DEBUG] pynetdicom._handlers -   Context ID:        99 (Rejected - Abstract Syntax Not Supported)
2026-10-05 08:21:38,569 [DEBUG] pynetdicom._handlers -     Abstract Syntax: =1.2.40.0.13.0.1.9
2026-10-05 08:21:38,569 [DEBUG] pynetdicom._handlers - Accepted Extended Negotiation: None
2026-10-05 08:21:38,569 [DEBUG] pynetdicom._handlers - Accepted Asynchronous Operations Window Negotiation: None
2026-10-05 08:21:38,569 [DEBUG] pynetdicom._handlers - User Identity Negotiation Response: None
2026-10-05 08:21:38,569 [DEBUG] pynetdicom._handlers - ========================== END A-ASSOCIATE-AC PDU ==========================
2026-10-05 08:22:02,363 [DEBUG] pynetdicom.dsutils - pydicom.read_dataset() TransferSyntax="Little Endian Implicit"
2026-10-05 08:22:02,440 [INFO] pynetdicom._handlers - Received Store Request
2026-10-05 08:22:02,441 [DEBUG] pynetdicom._handlers - ========================== INCOMING DIMSE MESSAGE ==========================
2026-10-05 08:22:02,441 [DEBUG] pynetdicom._handlers - Message Type                  : C-STORE RQ
2026-10-05 08:22:02,441 [DEBUG] pynetdicom._handlers - Presentation Context ID       : 19
2026-10-05 08:22:02,441 [DEBUG] pynetdicom._handlers - Message ID                    : 1
2026-10-05 08:22:02,441 [DEBUG] pynetdicom._handlers - Affected SOP Class UID        : Computed Radiography Image Storage
2026-10-05 08:22:02,441 [DEBUG] pynetdicom._handlers - Affected SOP Instance UID     : 1.3.12.2.1107.5.3.34.31249.11.202102261237370248
2026-10-05 08:22:02,441 [DEBUG] pynetdicom._handlers - Data Set                      : Present
2026-10-05 08:22:02,442 [DEBUG] pynetdicom._handlers - Priority                      : Medium
2026-10-05 08:22:02,442 [DEBUG] pynetdicom._handlers - ============================ END DIMSE MESSAGE =============================
2026-10-05 08:22:02,443 [DEBUG] pynetdicom.dsutils - pydicom.read_dataset() TransferSyntax="Little Endian Explicit"
2026-10-05 08:22:02,475 [INFO] HealthPACS - Utility: Creata nuova directory: G:\ArchiveRoot\1.2.826.1.1.1.202100097600
2026-10-05 08:22:02,476 [INFO] HealthPACS - C-STORE: Creato nuovo studio [ID: 14, UID: 1.2.826.1.1.1.202100097600] - Path: G:\ArchiveRoot\1.2.826.1.1.1.202100097600
2026-10-05 08:22:02,482 [INFO] HealthPACS - Utility: Creata nuova directory: G:\ArchiveRoot\1.2.826.1.1.1.202100097600\1.3.12.2.1107.5.3.34.31249.2.202102261237370248
2026-10-05 08:22:02,482 [INFO] HealthPACS - C-STORE: Creata nuova serie [ID: 35, UID: 1.3.12.2.1107.5.3.34.31249.2.202102261237370248] - Path: G:\ArchiveRoot\1.2.826.1.1.1.202100097600\1.3.12.2.1107.5.3.34.31249.2.202102261237370248
2026-10-05 08:22:02,502 [INFO] HealthPACS - [InstancesRepo] Creata nuova istanza [SOP: 1.3.12.2.1107.5.3.34.31249.11.202102261237370248]
2026-10-05 08:22:02,514 [INFO] HealthPACS - C-STORE: Salvata Istanza [ID: 6405, SOP: 1.3.12.2.1107.5.3.34.31249.11.202102261237370248] | Dim: 14632090 B | Path: G:\ArchiveRoot\1.2.826.1.1.1.202100097600\1.3.12.2.1107.5.3.34.31249.2.202102261237370248\1.3.12.2.1107.5.3.34.31249.11.202102261237370248.dcm
2026-10-05 08:22:27,226 [INFO] pynetdicom.association - Association Released
2026-10-05 08:22:27,227 [INFO] HealthPACS - [ASSOC] Connessione rilasciata da: PACS1
2026-10-05 08:24:25,190 [INFO] HealthPACS - Avvio di HealthPACS...
2026-10-05 08:24:25,322 [INFO] HealthPACS - DatabaseManager: Engine ORM e Pool di connessioni inizializzati con successo.
2026-10-05 08:24:25,328 [INFO] HealthPACS - RepositoryContainer: Caricato 'AppPermissionsRepo' come 'repos.apppermissionsrepo'
2026-10-05 08:24:25,329 [INFO] HealthPACS - RepositoryContainer: Caricato 'AppUsersRepo' come 'repos.appusersrepo'
2026-10-05 08:24:25,329 [INFO] HealthPACS - RepositoryContainer: Caricato 'AppUsersRolesPermissionsRepo' come 'repos.appusersrolespermissionsrepo'
2026-10-05 08:24:25,330 [INFO] HealthPACS - RepositoryContainer: Caricato 'AppUsersRolesRepo' come 'repos.appusersrolesrepo'
2026-10-05 08:24:25,330 [INFO] HealthPACS - RepositoryContainer: Caricato 'AppUsersSessionsRepo' come 'repos.appuserssessionsrepo'
2026-10-05 08:24:25,330 [INFO] HealthPACS - RepositoryContainer: Caricato 'DicomEquipmentRepo' come 'repos.dicomequipmentrepo'
2026-10-05 08:24:25,331 [INFO] HealthPACS - RepositoryContainer: Caricato 'DicomInstancesRepo' come 'repos.dicominstancesrepo'
2026-10-05 08:24:25,332 [INFO] HealthPACS - RepositoryContainer: Caricato 'DicomScpRepo' come 'repos.dicomscprepo'
2026-10-05 08:24:25,332 [INFO] HealthPACS - RepositoryContainer: Caricato 'DicomSCURepo' come 'repos.dicomscurepo'
2026-10-05 08:24:25,332 [INFO] HealthPACS - RepositoryContainer: Caricato 'DicomSeriesRepo' come 'repos.dicomseriesrepo'
2026-10-05 08:24:25,333 [INFO] HealthPACS - RepositoryContainer: Caricato 'DicomStudiesRepo' come 'repos.dicomstudiesrepo'
2026-10-05 08:24:25,333 [INFO] HealthPACS - RepositoryContainer: Caricato 'ScuSopTransferSyntaxRepo' come 'repos.scusoptransfersyntaxrepo'
2026-10-05 08:24:25,334 [INFO] HealthPACS - RepositoryContainer: Caricato 'SessioniWebRepo' come 'repos.sessioniwebrepo'
2026-10-05 08:24:25,334 [INFO] HealthPACS - RepositoryContainer: Caricato 'SopClassUidRepo' come 'repos.sopclassuidrepo'
2026-10-05 08:24:25,335 [INFO] HealthPACS - RepositoryContainer: Caricato 'StorageUnitsRepo' come 'repos.storageunitsrepo'
2026-10-05 08:24:25,336 [INFO] HealthPACS - RepositoryContainer: Caricato 'TransferSyntaxUidRepo' come 'repos.transfersyntaxuidrepo'
2026-10-05 08:24:25,336 [INFO] HealthPACS - Avvio Server HealthPACS...
2026-10-05 08:24:25,382 [INFO] HealthPACS - Utility: Directory esistente verificata: G:\ArchiveRoot
2026-10-05 08:24:25,382 [INFO] HealthPACS - DicomServer: Unità di archiviazione pronta all'uso su G:\ArchiveRoot
2026-10-05 08:24:25,389 [INFO] HealthPACS - Avvio DICOM Server 'HEALTHPACS' su 0.0.0.0:104...
2026-10-05 08:24:25,390 [INFO] HealthPACS - DICOM Server 'HEALTHPACS' pronto e in ascolto su porta 104.
2026-10-05 08:24:25,390 [INFO] HealthPACS - HealthPACS avviato con successo. In attesa di connessioni...
2026-10-05 08:24:29,478 [DEBUG] HealthPACS.DICOM - Request Parameters:
2026-10-05 08:24:29,479 [DEBUG] HealthPACS.DICOM - ======================= INCOMING A-ASSOCIATE-RQ PDU ========================
2026-10-05 08:24:29,479 [DEBUG] HealthPACS.DICOM - Their Implementation Class UID:      1.2.826.0.1.3680043.2.60.0.1
2026-10-05 08:24:29,479 [DEBUG] HealthPACS.DICOM - Their Implementation Version Name:   softlink_jdt103
2026-10-05 08:24:29,479 [DEBUG] HealthPACS.DICOM - Application Context Name:    1.2.840.10008.3.1.1.1
2026-10-05 08:24:29,479 [DEBUG] HealthPACS.DICOM - Calling Application Name:    PACS1
2026-10-05 08:24:29,479 [DEBUG] HealthPACS.DICOM - Called Application Name:     HEALTHPACS
2026-10-05 08:24:29,480 [DEBUG] HealthPACS.DICOM - Their Max PDU Receive Size:  32768
2026-10-05 08:24:29,480 [DEBUG] HealthPACS.DICOM - Presentation Contexts:
2026-10-05 08:24:29,480 [DEBUG] HealthPACS.DICOM -   Context ID:        1 (Proposed)
2026-10-05 08:24:29,480 [DEBUG] HealthPACS.DICOM -     Abstract Syntax: =Verification SOP Class
2026-10-05 08:24:29,480 [DEBUG] HealthPACS.DICOM -     Proposed SCP/SCU Role: Default
2026-10-05 08:24:29,480 [DEBUG] HealthPACS.DICOM -     Proposed Transfer Syntaxes:
2026-10-05 08:24:29,480 [DEBUG] HealthPACS.DICOM -       =Explicit VR Little Endian
2026-10-05 08:24:29,480 [DEBUG] HealthPACS.DICOM -       =Implicit VR Little Endian
2026-10-05 08:24:29,480 [DEBUG] HealthPACS.DICOM -   Context ID:        3 (Proposed)
2026-10-05 08:24:29,480 [DEBUG] HealthPACS.DICOM -     Abstract Syntax: =Storage Commitment Push Model SOP Class
2026-10-05 08:24:29,481 [DEBUG] HealthPACS.DICOM -     Proposed SCP/SCU Role: Default
2026-10-05 08:24:29,481 [DEBUG] HealthPACS.DICOM -     Proposed Transfer Syntaxes:
2026-10-05 08:24:29,481 [DEBUG] HealthPACS.DICOM -       =Explicit VR Little Endian
2026-10-05 08:24:29,481 [DEBUG] HealthPACS.DICOM -       =Implicit VR Little Endian
2026-10-05 08:24:29,481 [DEBUG] HealthPACS.DICOM -   Context ID:        5 (Proposed)
2026-10-05 08:24:29,481 [DEBUG] HealthPACS.DICOM -     Abstract Syntax: =Grayscale Softcopy Presentation State Storage
2026-10-05 08:24:29,481 [DEBUG] HealthPACS.DICOM -     Proposed SCP/SCU Role: Default
2026-10-05 08:24:29,481 [DEBUG] HealthPACS.DICOM -     Proposed Transfer Syntaxes:
2026-10-05 08:24:29,481 [DEBUG] HealthPACS.DICOM -       =Explicit VR Little Endian
2026-10-05 08:24:29,481 [DEBUG] HealthPACS.DICOM -       =Implicit VR Little Endian
2026-10-05 08:24:29,481 [DEBUG] HealthPACS.DICOM -   Context ID:        7 (Proposed)
2026-10-05 08:24:29,481 [DEBUG] HealthPACS.DICOM -     Abstract Syntax: =Basic Text SR Storage
2026-10-05 08:24:29,481 [DEBUG] HealthPACS.DICOM -     Proposed SCP/SCU Role: Default
2026-10-05 08:24:29,482 [DEBUG] HealthPACS.DICOM -     Proposed Transfer Syntaxes:
2026-10-05 08:24:29,482 [DEBUG] HealthPACS.DICOM -       =Explicit VR Little Endian
2026-10-05 08:24:29,482 [DEBUG] HealthPACS.DICOM -       =Implicit VR Little Endian
2026-10-05 08:24:29,482 [DEBUG] HealthPACS.DICOM -   Context ID:        9 (Proposed)
2026-10-05 08:24:29,482 [DEBUG] HealthPACS.DICOM -     Abstract Syntax: =Enhanced SR Storage
2026-10-05 08:24:29,482 [DEBUG] HealthPACS.DICOM -     Proposed SCP/SCU Role: Default
2026-10-05 08:24:29,482 [DEBUG] HealthPACS.DICOM -     Proposed Transfer Syntaxes:
2026-10-05 08:24:29,482 [DEBUG] HealthPACS.DICOM -       =Explicit VR Little Endian
2026-10-05 08:24:29,482 [DEBUG] HealthPACS.DICOM -       =Implicit VR Little Endian
2026-10-05 08:24:29,482 [DEBUG] HealthPACS.DICOM -   Context ID:        11 (Proposed)
2026-10-05 08:24:29,482 [DEBUG] HealthPACS.DICOM -     Abstract Syntax: =Comprehensive SR Storage
2026-10-05 08:24:29,482 [DEBUG] HealthPACS.DICOM -     Proposed SCP/SCU Role: Default
2026-10-05 08:24:29,482 [DEBUG] HealthPACS.DICOM -     Proposed Transfer Syntaxes:
2026-10-05 08:24:29,482 [DEBUG] HealthPACS.DICOM -       =Explicit VR Little Endian
2026-10-05 08:24:29,482 [DEBUG] HealthPACS.DICOM -       =Implicit VR Little Endian
2026-10-05 08:24:29,483 [DEBUG] HealthPACS.DICOM -   Context ID:        13 (Proposed)
2026-10-05 08:24:29,483 [DEBUG] HealthPACS.DICOM -     Abstract Syntax: =Key Object Selection Document Storage
2026-10-05 08:24:29,483 [DEBUG] HealthPACS.DICOM -     Proposed SCP/SCU Role: Default
2026-10-05 08:24:29,483 [DEBUG] HealthPACS.DICOM -     Proposed Transfer Syntaxes:
2026-10-05 08:24:29,483 [DEBUG] HealthPACS.DICOM -       =Explicit VR Little Endian
2026-10-05 08:24:29,483 [DEBUG] HealthPACS.DICOM -       =Implicit VR Little Endian
2026-10-05 08:24:29,483 [DEBUG] HealthPACS.DICOM -   Context ID:        15 (Proposed)
2026-10-05 08:24:29,483 [DEBUG] HealthPACS.DICOM -     Abstract Syntax: =Raw Data Storage
2026-10-05 08:24:29,483 [DEBUG] HealthPACS.DICOM -     Proposed SCP/SCU Role: Default
2026-10-05 08:24:29,483 [DEBUG] HealthPACS.DICOM -     Proposed Transfer Syntaxes:
2026-10-05 08:24:29,483 [DEBUG] HealthPACS.DICOM -       =Explicit VR Little Endian
2026-10-05 08:24:29,483 [DEBUG] HealthPACS.DICOM -       =Implicit VR Little Endian
2026-10-05 08:24:29,483 [DEBUG] HealthPACS.DICOM -   Context ID:        17 (Proposed)
2026-10-05 08:24:29,484 [DEBUG] HealthPACS.DICOM -     Abstract Syntax: =1.2.826.0.1.3680043.2.242.1.1
2026-10-05 08:24:29,484 [DEBUG] HealthPACS.DICOM -     Proposed SCP/SCU Role: Default
2026-10-05 08:24:29,484 [DEBUG] HealthPACS.DICOM -     Proposed Transfer Syntaxes:
2026-10-05 08:24:29,484 [DEBUG] HealthPACS.DICOM -       =Explicit VR Little Endian
2026-10-05 08:24:29,484 [DEBUG] HealthPACS.DICOM -       =Implicit VR Little Endian
2026-10-05 08:24:29,484 [DEBUG] HealthPACS.DICOM -   Context ID:        19 (Proposed)
2026-10-05 08:24:29,484 [DEBUG] HealthPACS.DICOM -     Abstract Syntax: =Computed Radiography Image Storage
2026-10-05 08:24:29,484 [DEBUG] HealthPACS.DICOM -     Proposed SCP/SCU Role: Default
2026-10-05 08:24:29,484 [DEBUG] HealthPACS.DICOM -     Proposed Transfer Syntaxes:
2026-10-05 08:24:29,484 [DEBUG] HealthPACS.DICOM -       =Explicit VR Little Endian
2026-10-05 08:24:29,484 [DEBUG] HealthPACS.DICOM -       =Implicit VR Little Endian
2026-10-05 08:24:29,484 [DEBUG] HealthPACS.DICOM -   Context ID:        21 (Proposed)
2026-10-05 08:24:29,484 [DEBUG] HealthPACS.DICOM -     Abstract Syntax: =CT Image Storage
2026-10-05 08:24:29,484 [DEBUG] HealthPACS.DICOM -     Proposed SCP/SCU Role: Default
2026-10-05 08:24:29,484 [DEBUG] HealthPACS.DICOM -     Proposed Transfer Syntaxes:
2026-10-05 08:24:29,485 [DEBUG] HealthPACS.DICOM -       =Explicit VR Little Endian
2026-10-05 08:24:29,485 [DEBUG] HealthPACS.DICOM -       =Implicit VR Little Endian
2026-10-05 08:24:29,485 [DEBUG] HealthPACS.DICOM -   Context ID:        23 (Proposed)
2026-10-05 08:24:29,485 [DEBUG] HealthPACS.DICOM -     Abstract Syntax: =Ultrasound Multi-frame Image Storage
2026-10-05 08:24:29,485 [DEBUG] HealthPACS.DICOM -     Proposed SCP/SCU Role: Default
2026-10-05 08:24:29,485 [DEBUG] HealthPACS.DICOM -     Proposed Transfer Syntaxes:
2026-10-05 08:24:29,485 [DEBUG] HealthPACS.DICOM -       =Explicit VR Little Endian
2026-10-05 08:24:29,485 [DEBUG] HealthPACS.DICOM -       =Implicit VR Little Endian
2026-10-05 08:24:29,485 [DEBUG] HealthPACS.DICOM -   Context ID:        25 (Proposed)
2026-10-05 08:24:29,485 [DEBUG] HealthPACS.DICOM -     Abstract Syntax: =MR Image Storage
2026-10-05 08:24:29,485 [DEBUG] HealthPACS.DICOM -     Proposed SCP/SCU Role: Default
2026-10-05 08:24:29,485 [DEBUG] HealthPACS.DICOM -     Proposed Transfer Syntaxes:
2026-10-05 08:24:29,485 [DEBUG] HealthPACS.DICOM -       =Explicit VR Little Endian
2026-10-05 08:24:29,485 [DEBUG] HealthPACS.DICOM -       =Implicit VR Little Endian
2026-10-05 08:24:29,486 [DEBUG] HealthPACS.DICOM -   Context ID:        27 (Proposed)
2026-10-05 08:24:29,486 [DEBUG] HealthPACS.DICOM -     Abstract Syntax: =Ultrasound Image Storage
2026-10-05 08:24:29,486 [DEBUG] HealthPACS.DICOM -     Proposed SCP/SCU Role: Default
2026-10-05 08:24:29,486 [DEBUG] HealthPACS.DICOM -     Proposed Transfer Syntaxes:
2026-10-05 08:24:29,486 [DEBUG] HealthPACS.DICOM -       =Explicit VR Little Endian
2026-10-05 08:24:29,486 [DEBUG] HealthPACS.DICOM -       =Implicit VR Little Endian
2026-10-05 08:24:29,486 [DEBUG] HealthPACS.DICOM -   Context ID:        29 (Proposed)
2026-10-05 08:24:29,486 [DEBUG] HealthPACS.DICOM -     Abstract Syntax: =Secondary Capture Image Storage
2026-10-05 08:24:29,486 [DEBUG] HealthPACS.DICOM -     Proposed SCP/SCU Role: Default
2026-10-05 08:24:29,486 [DEBUG] HealthPACS.DICOM -     Proposed Transfer Syntaxes:
2026-10-05 08:24:29,486 [DEBUG] HealthPACS.DICOM -       =Explicit VR Little Endian
2026-10-05 08:24:29,486 [DEBUG] HealthPACS.DICOM -       =Implicit VR Little Endian
2026-10-05 08:24:29,486 [DEBUG] HealthPACS.DICOM -   Context ID:        31 (Proposed)
2026-10-05 08:24:29,486 [DEBUG] HealthPACS.DICOM -     Abstract Syntax: =X-Ray Angiographic Image Storage
2026-10-05 08:24:29,486 [DEBUG] HealthPACS.DICOM -     Proposed SCP/SCU Role: Default
2026-10-05 08:24:29,486 [DEBUG] HealthPACS.DICOM -     Proposed Transfer Syntaxes:
2026-10-05 08:24:29,486 [DEBUG] HealthPACS.DICOM -       =Explicit VR Little Endian
2026-10-05 08:24:29,486 [DEBUG] HealthPACS.DICOM -       =Implicit VR Little Endian
2026-10-05 08:24:29,486 [DEBUG] HealthPACS.DICOM -   Context ID:        33 (Proposed)
2026-10-05 08:24:29,486 [DEBUG] HealthPACS.DICOM -     Abstract Syntax: =X-Ray Radiofluoroscopic Image Storage
2026-10-05 08:24:29,487 [DEBUG] HealthPACS.DICOM -     Proposed SCP/SCU Role: Default
2026-10-05 08:24:29,487 [DEBUG] HealthPACS.DICOM -     Proposed Transfer Syntaxes:
2026-10-05 08:24:29,487 [DEBUG] HealthPACS.DICOM -       =Explicit VR Little Endian
2026-10-05 08:24:29,487 [DEBUG] HealthPACS.DICOM -       =Implicit VR Little Endian
2026-10-05 08:24:29,487 [DEBUG] HealthPACS.DICOM -   Context ID:        35 (Proposed)
2026-10-05 08:24:29,487 [DEBUG] HealthPACS.DICOM -     Abstract Syntax: =X-Ray Angiographic Bi-Plane Image Storage
2026-10-05 08:24:29,487 [DEBUG] HealthPACS.DICOM -     Proposed SCP/SCU Role: Default
2026-10-05 08:24:29,487 [DEBUG] HealthPACS.DICOM -     Proposed Transfer Syntaxes:
2026-10-05 08:24:29,487 [DEBUG] HealthPACS.DICOM -       =Explicit VR Little Endian
2026-10-05 08:24:29,487 [DEBUG] HealthPACS.DICOM -       =Implicit VR Little Endian
2026-10-05 08:24:29,487 [DEBUG] HealthPACS.DICOM -   Context ID:        37 (Proposed)
2026-10-05 08:24:29,488 [DEBUG] HealthPACS.DICOM -     Abstract Syntax: =Nuclear Medicine Image Storage
2026-10-05 08:24:29,488 [DEBUG] HealthPACS.DICOM -     Proposed SCP/SCU Role: Default
2026-10-05 08:24:29,488 [DEBUG] HealthPACS.DICOM -     Proposed Transfer Syntaxes:
2026-10-05 08:24:29,488 [DEBUG] HealthPACS.DICOM -       =Explicit VR Little Endian
2026-10-05 08:24:29,488 [DEBUG] HealthPACS.DICOM -       =Implicit VR Little Endian
2026-10-05 08:24:29,488 [DEBUG] HealthPACS.DICOM -   Context ID:        39 (Proposed)
2026-10-05 08:24:29,488 [DEBUG] HealthPACS.DICOM -     Abstract Syntax: =Hardcopy Grayscale Image Storage SOP Class
2026-10-05 08:24:29,488 [DEBUG] HealthPACS.DICOM -     Proposed SCP/SCU Role: Default
2026-10-05 08:24:29,488 [DEBUG] HealthPACS.DICOM -     Proposed Transfer Syntaxes:
2026-10-05 08:24:29,488 [DEBUG] HealthPACS.DICOM -       =Explicit VR Little Endian
2026-10-05 08:24:29,488 [DEBUG] HealthPACS.DICOM -       =Implicit VR Little Endian
2026-10-05 08:24:29,488 [DEBUG] HealthPACS.DICOM -   Context ID:        41 (Proposed)
2026-10-05 08:24:29,488 [DEBUG] HealthPACS.DICOM -     Abstract Syntax: =Hardcopy Color Image Storage SOP Class
2026-10-05 08:24:29,488 [DEBUG] HealthPACS.DICOM -     Proposed SCP/SCU Role: Default
2026-10-05 08:24:29,488 [DEBUG] HealthPACS.DICOM -     Proposed Transfer Syntaxes:
2026-10-05 08:24:29,489 [DEBUG] HealthPACS.DICOM -       =Explicit VR Little Endian
2026-10-05 08:24:29,489 [DEBUG] HealthPACS.DICOM -       =Implicit VR Little Endian
2026-10-05 08:24:29,489 [DEBUG] HealthPACS.DICOM -   Context ID:        43 (Proposed)
2026-10-05 08:24:29,489 [DEBUG] HealthPACS.DICOM -     Abstract Syntax: =Positron Emission Tomography Image Storage
2026-10-05 08:24:29,489 [DEBUG] HealthPACS.DICOM -     Proposed SCP/SCU Role: Default
2026-10-05 08:24:29,489 [DEBUG] HealthPACS.DICOM -     Proposed Transfer Syntaxes:
2026-10-05 08:24:29,489 [DEBUG] HealthPACS.DICOM -       =Explicit VR Little Endian
2026-10-05 08:24:29,489 [DEBUG] HealthPACS.DICOM -       =Implicit VR Little Endian
2026-10-05 08:24:29,489 [DEBUG] HealthPACS.DICOM -   Context ID:        45 (Proposed)
2026-10-05 08:24:29,489 [DEBUG] HealthPACS.DICOM -     Abstract Syntax: =RT Image Storage
2026-10-05 08:24:29,489 [DEBUG] HealthPACS.DICOM -     Proposed SCP/SCU Role: Default
2026-10-05 08:24:29,489 [DEBUG] HealthPACS.DICOM -     Proposed Transfer Syntaxes:
2026-10-05 08:24:29,489 [DEBUG] HealthPACS.DICOM -       =Explicit VR Little Endian
2026-10-05 08:24:29,489 [DEBUG] HealthPACS.DICOM -       =Implicit VR Little Endian
2026-10-05 08:24:29,489 [DEBUG] HealthPACS.DICOM -   Context ID:        47 (Proposed)
2026-10-05 08:24:29,489 [DEBUG] HealthPACS.DICOM -     Abstract Syntax: =Ultrasound Multi-frame Image Storage
2026-10-05 08:24:29,490 [DEBUG] HealthPACS.DICOM -     Proposed SCP/SCU Role: Default
2026-10-05 08:24:29,490 [DEBUG] HealthPACS.DICOM -     Proposed Transfer Syntaxes:
2026-10-05 08:24:29,490 [DEBUG] HealthPACS.DICOM -       =Explicit VR Little Endian
2026-10-05 08:24:29,490 [DEBUG] HealthPACS.DICOM -       =Implicit VR Little Endian
2026-10-05 08:24:29,490 [DEBUG] HealthPACS.DICOM -   Context ID:        49 (Proposed)
2026-10-05 08:24:29,490 [DEBUG] HealthPACS.DICOM -     Abstract Syntax: =Nuclear Medicine Image Storage
2026-10-05 08:24:29,490 [DEBUG] HealthPACS.DICOM -     Proposed SCP/SCU Role: Default
2026-10-05 08:24:29,490 [DEBUG] HealthPACS.DICOM -     Proposed Transfer Syntaxes:
2026-10-05 08:24:29,490 [DEBUG] HealthPACS.DICOM -       =Explicit VR Little Endian
2026-10-05 08:24:29,490 [DEBUG] HealthPACS.DICOM -       =Implicit VR Little Endian
2026-10-05 08:24:29,490 [DEBUG] HealthPACS.DICOM -   Context ID:        51 (Proposed)
2026-10-05 08:24:29,490 [DEBUG] HealthPACS.DICOM -     Abstract Syntax: =Ultrasound Image Storage
2026-10-05 08:24:29,490 [DEBUG] HealthPACS.DICOM -     Proposed SCP/SCU Role: Default
2026-10-05 08:24:29,490 [DEBUG] HealthPACS.DICOM -     Proposed Transfer Syntaxes:
2026-10-05 08:24:29,490 [DEBUG] HealthPACS.DICOM -       =Explicit VR Little Endian
2026-10-05 08:24:29,490 [DEBUG] HealthPACS.DICOM -       =Implicit VR Little Endian
2026-10-05 08:24:29,490 [DEBUG] HealthPACS.DICOM -   Context ID:        53 (Proposed)
2026-10-05 08:24:29,491 [DEBUG] HealthPACS.DICOM -     Abstract Syntax: =VL Endoscopic Image Storage
2026-10-05 08:24:29,491 [DEBUG] HealthPACS.DICOM -     Proposed SCP/SCU Role: Default
2026-10-05 08:24:29,491 [DEBUG] HealthPACS.DICOM -     Proposed Transfer Syntaxes:
2026-10-05 08:24:29,491 [DEBUG] HealthPACS.DICOM -       =Explicit VR Little Endian
2026-10-05 08:24:29,491 [DEBUG] HealthPACS.DICOM -       =Implicit VR Little Endian
2026-10-05 08:24:29,491 [DEBUG] HealthPACS.DICOM -   Context ID:        55 (Proposed)
2026-10-05 08:24:29,491 [DEBUG] HealthPACS.DICOM -     Abstract Syntax: =VL Microscopic Image Storage
2026-10-05 08:24:29,491 [DEBUG] HealthPACS.DICOM -     Proposed SCP/SCU Role: Default
2026-10-05 08:24:29,491 [DEBUG] HealthPACS.DICOM -     Proposed Transfer Syntaxes:
2026-10-05 08:24:29,491 [DEBUG] HealthPACS.DICOM -       =Explicit VR Little Endian
2026-10-05 08:24:29,491 [DEBUG] HealthPACS.DICOM -       =Implicit VR Little Endian
2026-10-05 08:24:29,491 [DEBUG] HealthPACS.DICOM -   Context ID:        57 (Proposed)
2026-10-05 08:24:29,491 [DEBUG] HealthPACS.DICOM -     Abstract Syntax: =VL Slide-Coordinates Microscopic Image Storage
2026-10-05 08:24:29,491 [DEBUG] HealthPACS.DICOM -     Proposed SCP/SCU Role: Default
2026-10-05 08:24:29,492 [DEBUG] HealthPACS.DICOM -     Proposed Transfer Syntaxes:
2026-10-05 08:24:29,492 [DEBUG] HealthPACS.DICOM -       =Explicit VR Little Endian
2026-10-05 08:24:29,492 [DEBUG] HealthPACS.DICOM -       =Implicit VR Little Endian
2026-10-05 08:24:29,492 [DEBUG] HealthPACS.DICOM -   Context ID:        59 (Proposed)
2026-10-05 08:24:29,492 [DEBUG] HealthPACS.DICOM -     Abstract Syntax: =VL Photographic Image Storage
2026-10-05 08:24:29,492 [DEBUG] HealthPACS.DICOM -     Proposed SCP/SCU Role: Default
2026-10-05 08:24:29,492 [DEBUG] HealthPACS.DICOM -     Proposed Transfer Syntaxes:
2026-10-05 08:24:29,492 [DEBUG] HealthPACS.DICOM -       =Explicit VR Little Endian
2026-10-05 08:24:29,492 [DEBUG] HealthPACS.DICOM -       =Implicit VR Little Endian
2026-10-05 08:24:29,492 [DEBUG] HealthPACS.DICOM -   Context ID:        61 (Proposed)
2026-10-05 08:24:29,492 [DEBUG] HealthPACS.DICOM -     Abstract Syntax: =Digital X-Ray Image Storage - For Presentation
2026-10-05 08:24:29,493 [DEBUG] HealthPACS.DICOM -     Proposed SCP/SCU Role: Default
2026-10-05 08:24:29,493 [DEBUG] HealthPACS.DICOM -     Proposed Transfer Syntaxes:
2026-10-05 08:24:29,493 [DEBUG] HealthPACS.DICOM -       =Explicit VR Little Endian
2026-10-05 08:24:29,493 [DEBUG] HealthPACS.DICOM -       =Implicit VR Little Endian
2026-10-05 08:24:29,493 [DEBUG] HealthPACS.DICOM -   Context ID:        63 (Proposed)
2026-10-05 08:24:29,493 [DEBUG] HealthPACS.DICOM -     Abstract Syntax: =Digital X-Ray Image Storage - For Processing
2026-10-05 08:24:29,493 [DEBUG] HealthPACS.DICOM -     Proposed SCP/SCU Role: Default
2026-10-05 08:24:29,493 [DEBUG] HealthPACS.DICOM -     Proposed Transfer Syntaxes:
2026-10-05 08:24:29,493 [DEBUG] HealthPACS.DICOM -       =Explicit VR Little Endian
2026-10-05 08:24:29,493 [DEBUG] HealthPACS.DICOM -       =Implicit VR Little Endian
2026-10-05 08:24:29,493 [DEBUG] HealthPACS.DICOM -   Context ID:        65 (Proposed)
2026-10-05 08:24:29,493 [DEBUG] HealthPACS.DICOM -     Abstract Syntax: =Digital Mammography X-Ray Image Storage - For Presentation
2026-10-05 08:24:29,493 [DEBUG] HealthPACS.DICOM -     Proposed SCP/SCU Role: Default
2026-10-05 08:24:29,493 [DEBUG] HealthPACS.DICOM -     Proposed Transfer Syntaxes:
2026-10-05 08:24:29,493 [DEBUG] HealthPACS.DICOM -       =Explicit VR Little Endian
2026-10-05 08:24:29,493 [DEBUG] HealthPACS.DICOM -       =Implicit VR Little Endian
2026-10-05 08:24:29,493 [DEBUG] HealthPACS.DICOM -   Context ID:        67 (Proposed)
2026-10-05 08:24:29,494 [DEBUG] HealthPACS.DICOM -     Abstract Syntax: =Digital Mammography X-Ray Image Storage - For Processing
2026-10-05 08:24:29,494 [DEBUG] HealthPACS.DICOM -     Proposed SCP/SCU Role: Default
2026-10-05 08:24:29,494 [DEBUG] HealthPACS.DICOM -     Proposed Transfer Syntaxes:
2026-10-05 08:24:29,494 [DEBUG] HealthPACS.DICOM -       =Explicit VR Little Endian
2026-10-05 08:24:29,494 [DEBUG] HealthPACS.DICOM -       =Implicit VR Little Endian
2026-10-05 08:24:29,494 [DEBUG] HealthPACS.DICOM -   Context ID:        69 (Proposed)
2026-10-05 08:24:29,494 [DEBUG] HealthPACS.DICOM -     Abstract Syntax: =Digital Intra-Oral X-Ray Image Storage - For Presentation
2026-10-05 08:24:29,494 [DEBUG] HealthPACS.DICOM -     Proposed SCP/SCU Role: Default
2026-10-05 08:24:29,494 [DEBUG] HealthPACS.DICOM -     Proposed Transfer Syntaxes:
2026-10-05 08:24:29,494 [DEBUG] HealthPACS.DICOM -       =Explicit VR Little Endian
2026-10-05 08:24:29,494 [DEBUG] HealthPACS.DICOM -       =Implicit VR Little Endian
2026-10-05 08:24:29,494 [DEBUG] HealthPACS.DICOM -   Context ID:        71 (Proposed)
2026-10-05 08:24:29,494 [DEBUG] HealthPACS.DICOM -     Abstract Syntax: =Digital Intra-Oral X-Ray Image Storage - For Processing
2026-10-05 08:24:29,494 [DEBUG] HealthPACS.DICOM -     Proposed SCP/SCU Role: Default
2026-10-05 08:24:29,494 [DEBUG] HealthPACS.DICOM -     Proposed Transfer Syntaxes:
2026-10-05 08:24:29,495 [DEBUG] HealthPACS.DICOM -       =Explicit VR Little Endian
2026-10-05 08:24:29,495 [DEBUG] HealthPACS.DICOM -       =Implicit VR Little Endian
2026-10-05 08:24:29,495 [DEBUG] HealthPACS.DICOM -   Context ID:        73 (Proposed)
2026-10-05 08:24:29,495 [DEBUG] HealthPACS.DICOM -     Abstract Syntax: =Standalone Overlay Storage
2026-10-05 08:24:29,495 [DEBUG] HealthPACS.DICOM -     Proposed SCP/SCU Role: Default
2026-10-05 08:24:29,495 [DEBUG] HealthPACS.DICOM -     Proposed Transfer Syntaxes:
2026-10-05 08:24:29,495 [DEBUG] HealthPACS.DICOM -       =Explicit VR Little Endian
2026-10-05 08:24:29,495 [DEBUG] HealthPACS.DICOM -       =Implicit VR Little Endian
2026-10-05 08:24:29,495 [DEBUG] HealthPACS.DICOM -   Context ID:        75 (Proposed)
2026-10-05 08:24:29,495 [DEBUG] HealthPACS.DICOM -     Abstract Syntax: =Standalone Curve Storage
2026-10-05 08:24:29,495 [DEBUG] HealthPACS.DICOM -     Proposed SCP/SCU Role: Default
2026-10-05 08:24:29,495 [DEBUG] HealthPACS.DICOM -     Proposed Transfer Syntaxes:
2026-10-05 08:24:29,495 [DEBUG] HealthPACS.DICOM -       =Explicit VR Little Endian
2026-10-05 08:24:29,495 [DEBUG] HealthPACS.DICOM -       =Implicit VR Little Endian
2026-10-05 08:24:29,495 [DEBUG] HealthPACS.DICOM -   Context ID:        77 (Proposed)
2026-10-05 08:24:29,495 [DEBUG] HealthPACS.DICOM -     Abstract Syntax: =Standalone Modality LUT Storage
2026-10-05 08:24:29,495 [DEBUG] HealthPACS.DICOM -     Proposed SCP/SCU Role: Default
2026-10-05 08:24:29,496 [DEBUG] HealthPACS.DICOM -     Proposed Transfer Syntaxes:
2026-10-05 08:24:29,496 [DEBUG] HealthPACS.DICOM -       =Explicit VR Little Endian
2026-10-05 08:24:29,496 [DEBUG] HealthPACS.DICOM -       =Implicit VR Little Endian
2026-10-05 08:24:29,496 [DEBUG] HealthPACS.DICOM -   Context ID:        79 (Proposed)
2026-10-05 08:24:29,496 [DEBUG] HealthPACS.DICOM -     Abstract Syntax: =Standalone VOI LUT Storage
2026-10-05 08:24:29,496 [DEBUG] HealthPACS.DICOM -     Proposed SCP/SCU Role: Default
2026-10-05 08:24:29,496 [DEBUG] HealthPACS.DICOM -     Proposed Transfer Syntaxes:
2026-10-05 08:24:29,496 [DEBUG] HealthPACS.DICOM -       =Explicit VR Little Endian
2026-10-05 08:24:29,496 [DEBUG] HealthPACS.DICOM -       =Implicit VR Little Endian
2026-10-05 08:24:29,496 [DEBUG] HealthPACS.DICOM -   Context ID:        81 (Proposed)
2026-10-05 08:24:29,496 [DEBUG] HealthPACS.DICOM -     Abstract Syntax: =Standalone PET Curve Storage
2026-10-05 08:24:29,496 [DEBUG] HealthPACS.DICOM -     Proposed SCP/SCU Role: Default
2026-10-05 08:24:29,496 [DEBUG] HealthPACS.DICOM -     Proposed Transfer Syntaxes:
2026-10-05 08:24:29,496 [DEBUG] HealthPACS.DICOM -       =Explicit VR Little Endian
2026-10-05 08:24:29,496 [DEBUG] HealthPACS.DICOM -       =Implicit VR Little Endian
2026-10-05 08:24:29,496 [DEBUG] HealthPACS.DICOM -   Context ID:        83 (Proposed)
2026-10-05 08:24:29,496 [DEBUG] HealthPACS.DICOM -     Abstract Syntax: =RT Dose Storage
2026-10-05 08:24:29,496 [DEBUG] HealthPACS.DICOM -     Proposed SCP/SCU Role: Default
2026-10-05 08:24:29,497 [DEBUG] HealthPACS.DICOM -     Proposed Transfer Syntaxes:
2026-10-05 08:24:29,497 [DEBUG] HealthPACS.DICOM -       =Explicit VR Little Endian
2026-10-05 08:24:29,497 [DEBUG] HealthPACS.DICOM -       =Implicit VR Little Endian
2026-10-05 08:24:29,497 [DEBUG] HealthPACS.DICOM -   Context ID:        85 (Proposed)
2026-10-05 08:24:29,497 [DEBUG] HealthPACS.DICOM -     Abstract Syntax: =RT Structure Set Storage
2026-10-05 08:24:29,497 [DEBUG] HealthPACS.DICOM -     Proposed SCP/SCU Role: Default
2026-10-05 08:24:29,497 [DEBUG] HealthPACS.DICOM -     Proposed Transfer Syntaxes:
2026-10-05 08:24:29,497 [DEBUG] HealthPACS.DICOM -       =Explicit VR Little Endian
2026-10-05 08:24:29,497 [DEBUG] HealthPACS.DICOM -       =Implicit VR Little Endian
2026-10-05 08:24:29,497 [DEBUG] HealthPACS.DICOM -   Context ID:        87 (Proposed)
2026-10-05 08:24:29,497 [DEBUG] HealthPACS.DICOM -     Abstract Syntax: =RT Plan Storage
2026-10-05 08:24:29,497 [DEBUG] HealthPACS.DICOM -     Proposed SCP/SCU Role: Default
2026-10-05 08:24:29,497 [DEBUG] HealthPACS.DICOM -     Proposed Transfer Syntaxes:
2026-10-05 08:24:29,497 [DEBUG] HealthPACS.DICOM -       =Explicit VR Little Endian
2026-10-05 08:24:29,498 [DEBUG] HealthPACS.DICOM -       =Implicit VR Little Endian
2026-10-05 08:24:29,498 [DEBUG] HealthPACS.DICOM -   Context ID:        89 (Proposed)
2026-10-05 08:24:29,498 [DEBUG] HealthPACS.DICOM -     Abstract Syntax: =RT Beams Treatment Record Storage
2026-10-05 08:24:29,498 [DEBUG] HealthPACS.DICOM -     Proposed SCP/SCU Role: Default
2026-10-05 08:24:29,498 [DEBUG] HealthPACS.DICOM -     Proposed Transfer Syntaxes:
2026-10-05 08:24:29,498 [DEBUG] HealthPACS.DICOM -       =Explicit VR Little Endian
2026-10-05 08:24:29,498 [DEBUG] HealthPACS.DICOM -       =Implicit VR Little Endian
2026-10-05 08:24:29,498 [DEBUG] HealthPACS.DICOM -   Context ID:        91 (Proposed)
2026-10-05 08:24:29,498 [DEBUG] HealthPACS.DICOM -     Abstract Syntax: =RT Brachy Treatment Record Storage
2026-10-05 08:24:29,498 [DEBUG] HealthPACS.DICOM -     Proposed SCP/SCU Role: Default
2026-10-05 08:24:29,498 [DEBUG] HealthPACS.DICOM -     Proposed Transfer Syntaxes:
2026-10-05 08:24:29,498 [DEBUG] HealthPACS.DICOM -       =Explicit VR Little Endian
2026-10-05 08:24:29,498 [DEBUG] HealthPACS.DICOM -       =Implicit VR Little Endian
2026-10-05 08:24:29,498 [DEBUG] HealthPACS.DICOM -   Context ID:        93 (Proposed)
2026-10-05 08:24:29,498 [DEBUG] HealthPACS.DICOM -     Abstract Syntax: =RT Treatment Summary Record Storage
2026-10-05 08:24:29,499 [DEBUG] HealthPACS.DICOM -     Proposed SCP/SCU Role: Default
2026-10-05 08:24:29,499 [DEBUG] HealthPACS.DICOM -     Proposed Transfer Syntaxes:
2026-10-05 08:24:29,499 [DEBUG] HealthPACS.DICOM -       =Explicit VR Little Endian
2026-10-05 08:24:29,499 [DEBUG] HealthPACS.DICOM -       =Implicit VR Little Endian
2026-10-05 08:24:29,499 [DEBUG] HealthPACS.DICOM -   Context ID:        95 (Proposed)
2026-10-05 08:24:29,499 [DEBUG] HealthPACS.DICOM -     Abstract Syntax: =Stored Print Storage SOP Class
2026-10-05 08:24:29,499 [DEBUG] HealthPACS.DICOM -     Proposed SCP/SCU Role: Default
2026-10-05 08:24:29,499 [DEBUG] HealthPACS.DICOM -     Proposed Transfer Syntaxes:
2026-10-05 08:24:29,499 [DEBUG] HealthPACS.DICOM -       =Explicit VR Little Endian
2026-10-05 08:24:29,499 [DEBUG] HealthPACS.DICOM -       =Implicit VR Little Endian
2026-10-05 08:24:29,499 [DEBUG] HealthPACS.DICOM -   Context ID:        97 (Proposed)
2026-10-05 08:24:29,499 [DEBUG] HealthPACS.DICOM -     Abstract Syntax: =Basic Study Content Notification SOP Class
2026-10-05 08:24:29,499 [DEBUG] HealthPACS.DICOM -     Proposed SCP/SCU Role: Default
2026-10-05 08:24:29,499 [DEBUG] HealthPACS.DICOM -     Proposed Transfer Syntaxes:
2026-10-05 08:24:29,499 [DEBUG] HealthPACS.DICOM -       =Explicit VR Little Endian
2026-10-05 08:24:29,499 [DEBUG] HealthPACS.DICOM -       =Implicit VR Little Endian
2026-10-05 08:24:29,499 [DEBUG] HealthPACS.DICOM -   Context ID:        99 (Proposed)
2026-10-05 08:24:29,500 [DEBUG] HealthPACS.DICOM -     Abstract Syntax: =1.2.40.0.13.0.1.9
2026-10-05 08:24:29,500 [DEBUG] HealthPACS.DICOM -     Proposed SCP/SCU Role: Default
2026-10-05 08:24:29,500 [DEBUG] HealthPACS.DICOM -     Proposed Transfer Syntaxes:
2026-10-05 08:24:29,500 [DEBUG] HealthPACS.DICOM -       =Explicit VR Little Endian
2026-10-05 08:24:29,500 [DEBUG] HealthPACS.DICOM -       =Implicit VR Little Endian
2026-10-05 08:24:29,500 [DEBUG] HealthPACS.DICOM - Requested Extended Negotiation: None
2026-10-05 08:24:29,500 [DEBUG] HealthPACS.DICOM - Requested Common Extended Negotiation: None
2026-10-05 08:24:29,500 [DEBUG] HealthPACS.DICOM - Requested Asynchronous Operations Window Negotiation: None
2026-10-05 08:24:29,500 [DEBUG] HealthPACS.DICOM - Requested User Identity Negotiation: None
2026-10-05 08:24:29,500 [DEBUG] HealthPACS.DICOM - ========================== END A-ASSOCIATE-RQ PDU ==========================
2026-10-05 08:24:29,502 [INFO] HealthPACS - [REQ] Richiesta associazione da AE Title: 'PACS1' [127.0.0.1]
2026-10-05 08:24:29,513 [INFO] HealthPACS - [REQ] [ACCETTATO] ID: 1 | SOP Class: '1.2.840.10008.1.1'
2026-10-05 08:24:29,513 [WARNING] HealthPACS - [REQ] [RIFIUTATO] ID: 3 | SOP Class: '1.2.840.10008.1.20.1' | Motivo: Non abilitato a DB
2026-10-05 08:24:29,513 [WARNING] HealthPACS - [REQ] [RIFIUTATO] ID: 5 | SOP Class: '1.2.840.10008.5.1.4.1.1.11.1' | Motivo: Non abilitato a DB
2026-10-05 08:24:29,513 [WARNING] HealthPACS - [REQ] [RIFIUTATO] ID: 7 | SOP Class: '1.2.840.10008.5.1.4.1.1.88.11' | Motivo: Non abilitato a DB
2026-10-05 08:24:29,514 [WARNING] HealthPACS - [REQ] [RIFIUTATO] ID: 9 | SOP Class: '1.2.840.10008.5.1.4.1.1.88.22' | Motivo: Non abilitato a DB
2026-10-05 08:24:29,514 [WARNING] HealthPACS - [REQ] [RIFIUTATO] ID: 11 | SOP Class: '1.2.840.10008.5.1.4.1.1.88.33' | Motivo: Non abilitato a DB
2026-10-05 08:24:29,514 [WARNING] HealthPACS - [REQ] [RIFIUTATO] ID: 13 | SOP Class: '1.2.840.10008.5.1.4.1.1.88.59' | Motivo: Non abilitato a DB
2026-10-05 08:24:29,514 [WARNING] HealthPACS - [REQ] [RIFIUTATO] ID: 15 | SOP Class: '1.2.840.10008.5.1.4.1.1.66' | Motivo: Non abilitato a DB
2026-10-05 08:24:29,514 [WARNING] HealthPACS - [REQ] [RIFIUTATO] ID: 17 | SOP Class: '1.2.826.0.1.3680043.2.242.1.1' | Motivo: Non abilitato a DB
2026-10-05 08:24:29,514 [INFO] HealthPACS - [REQ] [ACCETTATO] ID: 19 | SOP Class: '1.2.840.10008.5.1.4.1.1.1'
2026-10-05 08:24:29,514 [INFO] HealthPACS - [REQ] [ACCETTATO] ID: 21 | SOP Class: '1.2.840.10008.5.1.4.1.1.2'
2026-10-05 08:24:29,514 [WARNING] HealthPACS - [REQ] [RIFIUTATO] ID: 23 | SOP Class: '1.2.840.10008.5.1.4.1.1.3.1' | Motivo: Non abilitato a DB
2026-10-05 08:24:29,514 [WARNING] HealthPACS - [REQ] [RIFIUTATO] ID: 25 | SOP Class: '1.2.840.10008.5.1.4.1.1.4' | Motivo: Non abilitato a DB
2026-10-05 08:24:29,514 [WARNING] HealthPACS - [REQ] [RIFIUTATO] ID: 27 | SOP Class: '1.2.840.10008.5.1.4.1.1.6.1' | Motivo: Non abilitato a DB
2026-10-05 08:24:29,514 [WARNING] HealthPACS - [REQ] [RIFIUTATO] ID: 29 | SOP Class: '1.2.840.10008.5.1.4.1.1.7' | Motivo: Non abilitato a DB
2026-10-05 08:24:29,514 [WARNING] HealthPACS - [REQ] [RIFIUTATO] ID: 31 | SOP Class: '1.2.840.10008.5.1.4.1.1.12.1' | Motivo: Non abilitato a DB
2026-10-05 08:24:29,514 [WARNING] HealthPACS - [REQ] [RIFIUTATO] ID: 33 | SOP Class: '1.2.840.10008.5.1.4.1.1.12.2' | Motivo: Non abilitato a DB
2026-10-05 08:24:29,514 [WARNING] HealthPACS - [REQ] [RIFIUTATO] ID: 35 | SOP Class: '1.2.840.10008.5.1.4.1.1.12.3' | Motivo: Non abilitato a DB
2026-10-05 08:24:29,514 [WARNING] HealthPACS - [REQ] [RIFIUTATO] ID: 37 | SOP Class: '1.2.840.10008.5.1.4.1.1.20' | Motivo: Non abilitato a DB
2026-10-05 08:24:29,515 [WARNING] HealthPACS - [REQ] [RIFIUTATO] ID: 39 | SOP Class: '1.2.840.10008.5.1.1.29' | Motivo: Non abilitato a DB
2026-10-05 08:24:29,515 [WARNING] HealthPACS - [REQ] [RIFIUTATO] ID: 41 | SOP Class: '1.2.840.10008.5.1.1.30' | Motivo: Non abilitato a DB
2026-10-05 08:24:29,515 [WARNING] HealthPACS - [REQ] [RIFIUTATO] ID: 43 | SOP Class: '1.2.840.10008.5.1.4.1.1.128' | Motivo: Non abilitato a DB
2026-10-05 08:24:29,515 [WARNING] HealthPACS - [REQ] [RIFIUTATO] ID: 45 | SOP Class: '1.2.840.10008.5.1.4.1.1.481.1' | Motivo: Non abilitato a DB
2026-10-05 08:24:29,515 [WARNING] HealthPACS - [REQ] [RIFIUTATO] ID: 47 | SOP Class: '1.2.840.10008.5.1.4.1.1.3' | Motivo: Non abilitato a DB
2026-10-05 08:24:29,515 [WARNING] HealthPACS - [REQ] [RIFIUTATO] ID: 49 | SOP Class: '1.2.840.10008.5.1.4.1.1.5' | Motivo: Non abilitato a DB
2026-10-05 08:24:29,515 [WARNING] HealthPACS - [REQ] [RIFIUTATO] ID: 51 | SOP Class: '1.2.840.10008.5.1.4.1.1.6' | Motivo: Non abilitato a DB
2026-10-05 08:24:29,515 [WARNING] HealthPACS - [REQ] [RIFIUTATO] ID: 53 | SOP Class: '1.2.840.10008.5.1.4.1.1.77.1.1' | Motivo: Non abilitato a DB
2026-10-05 08:24:29,515 [WARNING] HealthPACS - [REQ] [RIFIUTATO] ID: 55 | SOP Class: '1.2.840.10008.5.1.4.1.1.77.1.2' | Motivo: Non abilitato a DB
2026-10-05 08:24:29,515 [WARNING] HealthPACS - [REQ] [RIFIUTATO] ID: 57 | SOP Class: '1.2.840.10008.5.1.4.1.1.77.1.3' | Motivo: Non abilitato a DB
2026-10-05 08:24:29,515 [WARNING] HealthPACS - [REQ] [RIFIUTATO] ID: 59 | SOP Class: '1.2.840.10008.5.1.4.1.1.77.1.4' | Motivo: Non abilitato a DB
2026-10-05 08:24:29,515 [WARNING] HealthPACS - [REQ] [RIFIUTATO] ID: 61 | SOP Class: '1.2.840.10008.5.1.4.1.1.1.1' | Motivo: Non abilitato a DB
2026-10-05 08:24:29,515 [WARNING] HealthPACS - [REQ] [RIFIUTATO] ID: 63 | SOP Class: '1.2.840.10008.5.1.4.1.1.1.1.1' | Motivo: Non abilitato a DB
2026-10-05 08:24:29,516 [WARNING] HealthPACS - [REQ] [RIFIUTATO] ID: 65 | SOP Class: '1.2.840.10008.5.1.4.1.1.1.2' | Motivo: Non abilitato a DB
2026-10-05 08:24:29,516 [WARNING] HealthPACS - [REQ] [RIFIUTATO] ID: 67 | SOP Class: '1.2.840.10008.5.1.4.1.1.1.2.1' | Motivo: Non abilitato a DB
2026-10-05 08:24:29,516 [WARNING] HealthPACS - [REQ] [RIFIUTATO] ID: 69 | SOP Class: '1.2.840.10008.5.1.4.1.1.1.3' | Motivo: Non abilitato a DB
2026-10-05 08:24:29,516 [WARNING] HealthPACS - [REQ] [RIFIUTATO] ID: 71 | SOP Class: '1.2.840.10008.5.1.4.1.1.1.3.1' | Motivo: Non abilitato a DB
2026-10-05 08:24:29,516 [WARNING] HealthPACS - [REQ] [RIFIUTATO] ID: 73 | SOP Class: '1.2.840.10008.5.1.4.1.1.8' | Motivo: Non abilitato a DB
2026-10-05 08:24:29,516 [WARNING] HealthPACS - [REQ] [RIFIUTATO] ID: 75 | SOP Class: '1.2.840.10008.5.1.4.1.1.9' | Motivo: Non abilitato a DB
2026-10-05 08:24:29,516 [WARNING] HealthPACS - [REQ] [RIFIUTATO] ID: 77 | SOP Class: '1.2.840.10008.5.1.4.1.1.10' | Motivo: Non abilitato a DB
2026-10-05 08:24:29,516 [WARNING] HealthPACS - [REQ] [RIFIUTATO] ID: 79 | SOP Class: '1.2.840.10008.5.1.4.1.1.11' | Motivo: Non abilitato a DB
2026-10-05 08:24:29,516 [WARNING] HealthPACS - [REQ] [RIFIUTATO] ID: 81 | SOP Class: '1.2.840.10008.5.1.4.1.1.129' | Motivo: Non abilitato a DB
2026-10-05 08:24:29,516 [WARNING] HealthPACS - [REQ] [RIFIUTATO] ID: 83 | SOP Class: '1.2.840.10008.5.1.4.1.1.481.2' | Motivo: Non abilitato a DB
2026-10-05 08:24:29,516 [WARNING] HealthPACS - [REQ] [RIFIUTATO] ID: 85 | SOP Class: '1.2.840.10008.5.1.4.1.1.481.3' | Motivo: Non abilitato a DB
2026-10-05 08:24:29,516 [WARNING] HealthPACS - [REQ] [RIFIUTATO] ID: 87 | SOP Class: '1.2.840.10008.5.1.4.1.1.481.5' | Motivo: Non abilitato a DB
2026-10-05 08:24:29,516 [WARNING] HealthPACS - [REQ] [RIFIUTATO] ID: 89 | SOP Class: '1.2.840.10008.5.1.4.1.1.481.4' | Motivo: Non abilitato a DB
2026-10-05 08:24:29,517 [WARNING] HealthPACS - [REQ] [RIFIUTATO] ID: 91 | SOP Class: '1.2.840.10008.5.1.4.1.1.481.6' | Motivo: Non abilitato a DB
2026-10-05 08:24:29,517 [WARNING] HealthPACS - [REQ] [RIFIUTATO] ID: 93 | SOP Class: '1.2.840.10008.5.1.4.1.1.481.7' | Motivo: Non abilitato a DB
2026-10-05 08:24:29,517 [WARNING] HealthPACS - [REQ] [RIFIUTATO] ID: 95 | SOP Class: '1.2.840.10008.5.1.1.27' | Motivo: Non abilitato a DB
2026-10-05 08:24:29,517 [WARNING] HealthPACS - [REQ] [RIFIUTATO] ID: 97 | SOP Class: '1.2.840.10008.1.9' | Motivo: Non abilitato a DB
2026-10-05 08:24:29,517 [WARNING] HealthPACS - [REQ] [RIFIUTATO] ID: 99 | SOP Class: '1.2.40.0.13.0.1.9' | Motivo: Non abilitato a DB
2026-10-05 08:24:29,517 [INFO] HealthPACS - [REQ] Negoziazione completata per 'PACS1'. Contesti autorizzati caricati: 3/50
2026-10-05 08:24:29,518 [INFO] HealthPACS.DICOM - Accepting Association
2026-10-05 08:24:29,518 [INFO] HealthPACS - [ASSOC] Max PDU Size negoziata: 32768 bytes
2026-10-05 08:24:29,519 [INFO] HealthPACS - [ASSOC] Connessione accettata da: PACS1 [127.0.0.1]
2026-10-05 08:24:29,519 [DEBUG] HealthPACS.DICOM - Accept Parameters:
2026-10-05 08:24:29,519 [DEBUG] HealthPACS.DICOM - ======================= OUTGOING A-ASSOCIATE-AC PDU ========================
2026-10-05 08:24:29,519 [DEBUG] HealthPACS.DICOM - Our Implementation Class UID:      1.3.6.1.4.1.57025.1.1
2026-10-05 08:24:29,519 [DEBUG] HealthPACS.DICOM - Our Implementation Version Name:   HEALTH PACS 1.0
2026-10-05 08:24:29,520 [DEBUG] HealthPACS.DICOM - Application Context Name:    1.2.840.10008.3.1.1.1
2026-10-05 08:24:29,520 [DEBUG] HealthPACS.DICOM - Responding Application Name: resp. AE Title
2026-10-05 08:24:29,520 [DEBUG] HealthPACS.DICOM - Our Max PDU Receive Size:    32768
2026-10-05 08:24:29,520 [DEBUG] HealthPACS.DICOM - Presentation Contexts:
2026-10-05 08:24:29,520 [DEBUG] HealthPACS.DICOM -   Context ID:        1 (Accepted)
2026-10-05 08:24:29,520 [DEBUG] HealthPACS.DICOM -     Abstract Syntax: =Verification SOP Class
2026-10-05 08:24:29,520 [DEBUG] HealthPACS.DICOM -     Accepted SCP/SCU Role: Default
2026-10-05 08:24:29,520 [DEBUG] HealthPACS.DICOM -     Accepted Transfer Syntax: =Explicit VR Little Endian
2026-10-05 08:24:29,520 [DEBUG] HealthPACS.DICOM -   Context ID:        3 (Rejected - Abstract Syntax Not Supported)
2026-10-05 08:24:29,520 [DEBUG] HealthPACS.DICOM -     Abstract Syntax: =Storage Commitment Push Model SOP Class
2026-10-05 08:24:29,520 [DEBUG] HealthPACS.DICOM -   Context ID:        5 (Rejected - Abstract Syntax Not Supported)
2026-10-05 08:24:29,520 [DEBUG] HealthPACS.DICOM -     Abstract Syntax: =Grayscale Softcopy Presentation State Storage
2026-10-05 08:24:29,520 [DEBUG] HealthPACS.DICOM -   Context ID:        7 (Rejected - Abstract Syntax Not Supported)
2026-10-05 08:24:29,521 [DEBUG] HealthPACS.DICOM -     Abstract Syntax: =Basic Text SR Storage
2026-10-05 08:24:29,521 [DEBUG] HealthPACS.DICOM -   Context ID:        9 (Rejected - Abstract Syntax Not Supported)
2026-10-05 08:24:29,521 [DEBUG] HealthPACS.DICOM -     Abstract Syntax: =Enhanced SR Storage
2026-10-05 08:24:29,521 [DEBUG] HealthPACS.DICOM -   Context ID:        11 (Rejected - Abstract Syntax Not Supported)
2026-10-05 08:24:29,521 [DEBUG] HealthPACS.DICOM -     Abstract Syntax: =Comprehensive SR Storage
2026-10-05 08:24:29,521 [DEBUG] HealthPACS.DICOM -   Context ID:        13 (Rejected - Abstract Syntax Not Supported)
2026-10-05 08:24:29,521 [DEBUG] HealthPACS.DICOM -     Abstract Syntax: =Key Object Selection Document Storage
2026-10-05 08:24:29,521 [DEBUG] HealthPACS.DICOM -   Context ID:        15 (Rejected - Abstract Syntax Not Supported)
2026-10-05 08:24:29,521 [DEBUG] HealthPACS.DICOM -     Abstract Syntax: =Raw Data Storage
2026-10-05 08:24:29,521 [DEBUG] HealthPACS.DICOM -   Context ID:        17 (Rejected - Abstract Syntax Not Supported)
2026-10-05 08:24:29,521 [DEBUG] HealthPACS.DICOM -     Abstract Syntax: =1.2.826.0.1.3680043.2.242.1.1
2026-10-05 08:24:29,521 [DEBUG] HealthPACS.DICOM -   Context ID:        19 (Accepted)
2026-10-05 08:24:29,521 [DEBUG] HealthPACS.DICOM -     Abstract Syntax: =Computed Radiography Image Storage
2026-10-05 08:24:29,521 [DEBUG] HealthPACS.DICOM -     Accepted SCP/SCU Role: Default
2026-10-05 08:24:29,522 [DEBUG] HealthPACS.DICOM -     Accepted Transfer Syntax: =Explicit VR Little Endian
2026-10-05 08:24:29,522 [DEBUG] HealthPACS.DICOM -   Context ID:        21 (Accepted)
2026-10-05 08:24:29,522 [DEBUG] HealthPACS.DICOM -     Abstract Syntax: =CT Image Storage
2026-10-05 08:24:29,522 [DEBUG] HealthPACS.DICOM -     Accepted SCP/SCU Role: Default
2026-10-05 08:24:29,522 [DEBUG] HealthPACS.DICOM -     Accepted Transfer Syntax: =Implicit VR Little Endian
2026-10-05 08:24:29,522 [DEBUG] HealthPACS.DICOM -   Context ID:        23 (Rejected - Abstract Syntax Not Supported)
2026-10-05 08:24:29,522 [DEBUG] HealthPACS.DICOM -     Abstract Syntax: =Ultrasound Multi-frame Image Storage
2026-10-05 08:24:29,522 [DEBUG] HealthPACS.DICOM -   Context ID:        25 (Rejected - Abstract Syntax Not Supported)
2026-10-05 08:24:29,522 [DEBUG] HealthPACS.DICOM -     Abstract Syntax: =MR Image Storage
2026-10-05 08:24:29,522 [DEBUG] HealthPACS.DICOM -   Context ID:        27 (Rejected - Abstract Syntax Not Supported)
2026-10-05 08:24:29,522 [DEBUG] HealthPACS.DICOM -     Abstract Syntax: =Ultrasound Image Storage
2026-10-05 08:24:29,523 [DEBUG] HealthPACS.DICOM -   Context ID:        29 (Rejected - Abstract Syntax Not Supported)
2026-10-05 08:24:29,523 [DEBUG] HealthPACS.DICOM -     Abstract Syntax: =Secondary Capture Image Storage
2026-10-05 08:24:29,523 [DEBUG] HealthPACS.DICOM -   Context ID:        31 (Rejected - Abstract Syntax Not Supported)
2026-10-05 08:24:29,523 [DEBUG] HealthPACS.DICOM -     Abstract Syntax: =X-Ray Angiographic Image Storage
2026-10-05 08:24:29,523 [DEBUG] HealthPACS.DICOM -   Context ID:        33 (Rejected - Abstract Syntax Not Supported)
2026-10-05 08:24:29,523 [DEBUG] HealthPACS.DICOM -     Abstract Syntax: =X-Ray Radiofluoroscopic Image Storage
2026-10-05 08:24:29,523 [DEBUG] HealthPACS.DICOM -   Context ID:        35 (Rejected - Abstract Syntax Not Supported)
2026-10-05 08:24:29,524 [DEBUG] HealthPACS.DICOM -     Abstract Syntax: =X-Ray Angiographic Bi-Plane Image Storage
2026-10-05 08:24:29,524 [DEBUG] HealthPACS.DICOM -   Context ID:        37 (Rejected - Abstract Syntax Not Supported)
2026-10-05 08:24:29,524 [DEBUG] HealthPACS.DICOM -     Abstract Syntax: =Nuclear Medicine Image Storage
2026-10-05 08:24:29,524 [DEBUG] HealthPACS.DICOM -   Context ID:        39 (Rejected - Abstract Syntax Not Supported)
2026-10-05 08:24:29,524 [DEBUG] HealthPACS.DICOM -     Abstract Syntax: =Hardcopy Grayscale Image Storage SOP Class
2026-10-05 08:24:29,524 [DEBUG] HealthPACS.DICOM -   Context ID:        41 (Rejected - Abstract Syntax Not Supported)
2026-10-05 08:24:29,524 [DEBUG] HealthPACS.DICOM -     Abstract Syntax: =Hardcopy Color Image Storage SOP Class
2026-10-05 08:24:29,524 [DEBUG] HealthPACS.DICOM -   Context ID:        43 (Rejected - Abstract Syntax Not Supported)
2026-10-05 08:24:29,525 [DEBUG] HealthPACS.DICOM -     Abstract Syntax: =Positron Emission Tomography Image Storage
2026-10-05 08:24:29,525 [DEBUG] HealthPACS.DICOM -   Context ID:        45 (Rejected - Abstract Syntax Not Supported)
2026-10-05 08:24:29,525 [DEBUG] HealthPACS.DICOM -     Abstract Syntax: =RT Image Storage
2026-10-05 08:24:29,525 [DEBUG] HealthPACS.DICOM -   Context ID:        47 (Rejected - Abstract Syntax Not Supported)
2026-10-05 08:24:29,525 [DEBUG] HealthPACS.DICOM -     Abstract Syntax: =Ultrasound Multi-frame Image Storage
2026-10-05 08:24:29,525 [DEBUG] HealthPACS.DICOM -   Context ID:        49 (Rejected - Abstract Syntax Not Supported)
2026-10-05 08:24:29,526 [DEBUG] HealthPACS.DICOM -     Abstract Syntax: =Nuclear Medicine Image Storage
2026-10-05 08:24:29,526 [DEBUG] HealthPACS.DICOM -   Context ID:        51 (Rejected - Abstract Syntax Not Supported)
2026-10-05 08:24:29,526 [DEBUG] HealthPACS.DICOM -     Abstract Syntax: =Ultrasound Image Storage
2026-10-05 08:24:29,526 [DEBUG] HealthPACS.DICOM -   Context ID:        53 (Rejected - Abstract Syntax Not Supported)
2026-10-05 08:24:29,526 [DEBUG] HealthPACS.DICOM -     Abstract Syntax: =VL Endoscopic Image Storage
2026-10-05 08:24:29,526 [DEBUG] HealthPACS.DICOM -   Context ID:        55 (Rejected - Abstract Syntax Not Supported)
2026-10-05 08:24:29,526 [DEBUG] HealthPACS.DICOM -     Abstract Syntax: =VL Microscopic Image Storage
2026-10-05 08:24:29,526 [DEBUG] HealthPACS.DICOM -   Context ID:        57 (Rejected - Abstract Syntax Not Supported)
2026-10-05 08:24:29,526 [DEBUG] HealthPACS.DICOM -     Abstract Syntax: =VL Slide-Coordinates Microscopic Image Storage
2026-10-05 08:24:29,526 [DEBUG] HealthPACS.DICOM -   Context ID:        59 (Rejected - Abstract Syntax Not Supported)
2026-10-05 08:24:29,527 [DEBUG] HealthPACS.DICOM -     Abstract Syntax: =VL Photographic Image Storage
2026-10-05 08:24:29,527 [DEBUG] HealthPACS.DICOM -   Context ID:        61 (Rejected - Abstract Syntax Not Supported)
2026-10-05 08:24:29,527 [DEBUG] HealthPACS.DICOM -     Abstract Syntax: =Digital X-Ray Image Storage - For Presentation
2026-10-05 08:24:29,527 [DEBUG] HealthPACS.DICOM -   Context ID:        63 (Rejected - Abstract Syntax Not Supported)
2026-10-05 08:24:29,527 [DEBUG] HealthPACS.DICOM -     Abstract Syntax: =Digital X-Ray Image Storage - For Processing
2026-10-05 08:24:29,527 [DEBUG] HealthPACS.DICOM -   Context ID:        65 (Rejected - Abstract Syntax Not Supported)
2026-10-05 08:24:29,527 [DEBUG] HealthPACS.DICOM -     Abstract Syntax: =Digital Mammography X-Ray Image Storage - For Presentation
2026-10-05 08:24:29,527 [DEBUG] HealthPACS.DICOM -   Context ID:        67 (Rejected - Abstract Syntax Not Supported)
2026-10-05 08:24:29,527 [DEBUG] HealthPACS.DICOM -     Abstract Syntax: =Digital Mammography X-Ray Image Storage - For Processing
2026-10-05 08:24:29,527 [DEBUG] HealthPACS.DICOM -   Context ID:        69 (Rejected - Abstract Syntax Not Supported)
2026-10-05 08:24:29,527 [DEBUG] HealthPACS.DICOM -     Abstract Syntax: =Digital Intra-Oral X-Ray Image Storage - For Presentation
2026-10-05 08:24:29,527 [DEBUG] HealthPACS.DICOM -   Context ID:        71 (Rejected - Abstract Syntax Not Supported)
2026-10-05 08:24:29,528 [DEBUG] HealthPACS.DICOM -     Abstract Syntax: =Digital Intra-Oral X-Ray Image Storage - For Processing
2026-10-05 08:24:29,528 [DEBUG] HealthPACS.DICOM -   Context ID:        73 (Rejected - Abstract Syntax Not Supported)
2026-10-05 08:24:29,528 [DEBUG] HealthPACS.DICOM -     Abstract Syntax: =Standalone Overlay Storage
2026-10-05 08:24:29,528 [DEBUG] HealthPACS.DICOM -   Context ID:        75 (Rejected - Abstract Syntax Not Supported)
2026-10-05 08:24:29,528 [DEBUG] HealthPACS.DICOM -     Abstract Syntax: =Standalone Curve Storage
2026-10-05 08:24:29,528 [DEBUG] HealthPACS.DICOM -   Context ID:        77 (Rejected - Abstract Syntax Not Supported)
2026-10-05 08:24:29,528 [DEBUG] HealthPACS.DICOM -     Abstract Syntax: =Standalone Modality LUT Storage
2026-10-05 08:24:29,528 [DEBUG] HealthPACS.DICOM -   Context ID:        79 (Rejected - Abstract Syntax Not Supported)
2026-10-05 08:24:29,528 [DEBUG] HealthPACS.DICOM -     Abstract Syntax: =Standalone VOI LUT Storage
2026-10-05 08:24:29,528 [DEBUG] HealthPACS.DICOM -   Context ID:        81 (Rejected - Abstract Syntax Not Supported)
2026-10-05 08:24:29,528 [DEBUG] HealthPACS.DICOM -     Abstract Syntax: =Standalone PET Curve Storage
2026-10-05 08:24:29,529 [DEBUG] HealthPACS.DICOM -   Context ID:        83 (Rejected - Abstract Syntax Not Supported)
2026-10-05 08:24:29,529 [DEBUG] HealthPACS.DICOM -     Abstract Syntax: =RT Dose Storage
2026-10-05 08:24:29,529 [DEBUG] HealthPACS.DICOM -   Context ID:        85 (Rejected - Abstract Syntax Not Supported)
2026-10-05 08:24:29,529 [DEBUG] HealthPACS.DICOM -     Abstract Syntax: =RT Structure Set Storage
2026-10-05 08:24:29,529 [DEBUG] HealthPACS.DICOM -   Context ID:        87 (Rejected - Abstract Syntax Not Supported)
2026-10-05 08:24:29,529 [DEBUG] HealthPACS.DICOM -     Abstract Syntax: =RT Plan Storage
2026-10-05 08:24:29,529 [DEBUG] HealthPACS.DICOM -   Context ID:        89 (Rejected - Abstract Syntax Not Supported)
2026-10-05 08:24:29,529 [DEBUG] HealthPACS.DICOM -     Abstract Syntax: =RT Beams Treatment Record Storage
2026-10-05 08:24:29,529 [DEBUG] HealthPACS.DICOM -   Context ID:        91 (Rejected - Abstract Syntax Not Supported)
2026-10-05 08:24:29,529 [DEBUG] HealthPACS.DICOM -     Abstract Syntax: =RT Brachy Treatment Record Storage
2026-10-05 08:24:29,529 [DEBUG] HealthPACS.DICOM -   Context ID:        93 (Rejected - Abstract Syntax Not Supported)
2026-10-05 08:24:29,530 [DEBUG] HealthPACS.DICOM -     Abstract Syntax: =RT Treatment Summary Record Storage
2026-10-05 08:24:29,530 [DEBUG] HealthPACS.DICOM -   Context ID:        95 (Rejected - Abstract Syntax Not Supported)
2026-10-05 08:24:29,530 [DEBUG] HealthPACS.DICOM -     Abstract Syntax: =Stored Print Storage SOP Class
2026-10-05 08:24:29,530 [DEBUG] HealthPACS.DICOM -   Context ID:        97 (Rejected - Abstract Syntax Not Supported)
2026-10-05 08:24:29,530 [DEBUG] HealthPACS.DICOM -     Abstract Syntax: =Basic Study Content Notification SOP Class
2026-10-05 08:24:29,530 [DEBUG] HealthPACS.DICOM -   Context ID:        99 (Rejected - Abstract Syntax Not Supported)
2026-10-05 08:24:29,530 [DEBUG] HealthPACS.DICOM -     Abstract Syntax: =1.2.40.0.13.0.1.9
2026-10-05 08:24:29,530 [DEBUG] HealthPACS.DICOM - Accepted Extended Negotiation: None
2026-10-05 08:24:29,530 [DEBUG] HealthPACS.DICOM - Accepted Asynchronous Operations Window Negotiation: None
2026-10-05 08:24:29,530 [DEBUG] HealthPACS.DICOM - User Identity Negotiation Response: None
2026-10-05 08:24:29,530 [DEBUG] HealthPACS.DICOM - ========================== END A-ASSOCIATE-AC PDU ==========================
2026-10-05 08:24:35,704 [DEBUG] HealthPACS.DICOM - pydicom.read_dataset() TransferSyntax="Little Endian Implicit"
2026-10-05 08:24:35,757 [INFO] HealthPACS.DICOM - Received Store Request
2026-10-05 08:24:35,758 [DEBUG] HealthPACS.DICOM - ========================== INCOMING DIMSE MESSAGE ==========================
2026-10-05 08:24:35,758 [DEBUG] HealthPACS.DICOM - Message Type                  : C-STORE RQ
2026-10-05 08:24:35,758 [DEBUG] HealthPACS.DICOM - Presentation Context ID       : 19
2026-10-05 08:24:35,758 [DEBUG] HealthPACS.DICOM - Message ID                    : 1
2026-10-05 08:24:35,758 [DEBUG] HealthPACS.DICOM - Affected SOP Class UID        : Computed Radiography Image Storage
2026-10-05 08:24:35,758 [DEBUG] HealthPACS.DICOM - Affected SOP Instance UID     : 1.3.12.2.1107.5.3.34.31249.11.202102261238280321
2026-10-05 08:24:35,758 [DEBUG] HealthPACS.DICOM - Data Set                      : Present
2026-10-05 08:24:35,758 [DEBUG] HealthPACS.DICOM - Priority                      : Medium
2026-10-05 08:24:35,758 [DEBUG] HealthPACS.DICOM - ============================ END DIMSE MESSAGE =============================
2026-10-05 08:24:35,760 [DEBUG] HealthPACS.DICOM - pydicom.read_dataset() TransferSyntax="Little Endian Explicit"
2026-10-05 08:24:35,770 [INFO] HealthPACS - Utility: Directory esistente verificata: G:\ArchiveRoot\1.2.826.1.1.1.202100097600
2026-10-05 08:24:35,782 [INFO] HealthPACS - Utility: Creata nuova directory: G:\ArchiveRoot\1.2.826.1.1.1.202100097600\1.3.12.2.1107.5.3.34.31249.2.202102261238280321
2026-10-05 08:24:35,783 [INFO] HealthPACS - C-STORE: Creata nuova serie [ID: 36, UID: 1.3.12.2.1107.5.3.34.31249.2.202102261238280321] - Path: G:\ArchiveRoot\1.2.826.1.1.1.202100097600\1.3.12.2.1107.5.3.34.31249.2.202102261238280321
2026-10-05 08:24:35,798 [INFO] HealthPACS - [InstancesRepo] Creata nuova istanza [SOP: 1.3.12.2.1107.5.3.34.31249.11.202102261238280321]
2026-10-05 08:24:35,803 [INFO] HealthPACS - C-STORE: Salvata Istanza [ID: 6406, SOP: 1.3.12.2.1107.5.3.34.31249.11.202102261238280321] | Dim: 14632092 B | Path: G:\ArchiveRoot\1.2.826.1.1.1.202100097600\1.3.12.2.1107.5.3.34.31249.2.202102261238280321\1.3.12.2.1107.5.3.34.31249.11.202102261238280321.dcm
2026-10-05 08:24:40,393 [INFO] HealthPACS.DICOM - Association Released
2026-10-05 08:24:40,393 [INFO] HealthPACS - [ASSOC] Connessione rilasciata da: PACS1
